Temps (s),CH1 (V),CH3 (V)
0.0,2.0,6.0
2.4009603841536614e-10,2.0,6.0
4.801920768307323e-10,2.0,5.0
7.202881152460984e-10,2.0,4.0
9.603841536614646e-10,2.0,4.0
1.2004801920768307e-09,3.0,4.0
1.4405762304921968e-09,3.0,5.0
1.680672268907563e-09,3.0,4.0
1.920768307322929e-09,2.0,4.0
2.1608643457382952e-09,2.0,3.0
2.4009603841536614e-09,2.0,2.0
2.6410564225690275e-09,2.0,2.0
2.8811524609843937e-09,2.0,2.0
3.1212484993997598e-09,2.0,2.0
3.361344537815126e-09,2.0,3.0
3.601440576230492e-09,2.0,3.0
3.841536614645858e-09,2.0,4.0
4.081632653061224e-09,2.0,4.0
4.3217286914765905e-09,2.0,4.0
4.561824729891957e-09,2.0,3.0
4.801920768307323e-09,2.0,3.0
5.042016806722689e-09,2.0,3.0
5.282112845138055e-09,2.0,2.0
5.522208883553421e-09,3.0,3.0
5.762304921968787e-09,3.0,3.0
6.0024009603841534e-09,4.0,3.0
6.2424969987995196e-09,3.0,4.0
6.482593037214886e-09,3.0,3.0
6.722689075630252e-09,2.0,3.0
6.962785114045618e-09,2.0,3.0
7.202881152460984e-09,2.0,3.0
7.44297719087635e-09,1.0,3.0
7.683073229291716e-09,2.0,3.0
7.923169267707083e-09,2.0,3.0
8.163265306122449e-09,2.0,3.0
8.403361344537815e-09,3.0,3.0
8.643457382953181e-09,2.0,3.0
8.883553421368547e-09,2.0,3.0
9.123649459783913e-09,2.0,3.0
9.36374549819928e-09,2.0,3.0
9.603841536614646e-09,3.0,3.0
9.843937575030012e-09,3.0,4.0
1.0084033613445378e-08,3.0,4.0
1.0324129651860744e-08,3.0,4.0
1.056422569027611e-08,3.0,4.0
1.0804321728691476e-08,3.0,4.0
1.1044417767106842e-08,3.0,5.0
1.1284513805522208e-08,3.0,4.0
1.1524609843937575e-08,4.0,4.0
1.176470588235294e-08,4.0,4.0
1.2004801920768307e-08,4.0,3.0
1.2244897959183673e-08,3.0,4.0
1.2484993997599039e-08,3.0,4.0
1.2725090036014405e-08,2.0,4.0
1.2965186074429771e-08,2.0,4.0
1.3205282112845138e-08,2.0,4.0
1.3445378151260504e-08,1.0,4.0
1.368547418967587e-08,2.0,4.0
1.3925570228091236e-08,2.0,4.0
1.4165666266506602e-08,2.0,5.0
1.4405762304921968e-08,3.0,5.0
1.4645858343337334e-08,2.0,5.0
1.48859543817527e-08,2.0,5.0
1.5126050420168068e-08,2.0,5.0
1.5366146458583433e-08,1.0,6.0
1.5606242496998797e-08,2.0,6.0
1.5846338535414165e-08,2.0,6.0
1.6086434573829533e-08,2.0,5.0
1.6326530612244897e-08,3.0,4.0
1.6566626650660262e-08,3.0,3.0
1.680672268907563e-08,4.0,3.0
1.7046818727490997e-08,3.0,3.0
1.7286914765906362e-08,3.0,2.0
1.7527010804321726e-08,3.0,2.0
1.7767106842737094e-08,3.0,2.0
1.8007202881152462e-08,3.0,2.0
1.8247298919567826e-08,2.0,3.0
1.848739495798319e-08,2.0,3.0
1.872749099639856e-08,2.0,3.0
1.8967587034813927e-08,2.0,3.0
1.920768307322929e-08,3.0,3.0
1.9447779111644655e-08,3.0,3.0
1.9687875150060023e-08,3.0,3.0
1.992797118847539e-08,2.0,3.0
2.0168067226890756e-08,2.0,3.0
2.040816326530612e-08,2.0,3.0
2.0648259303721488e-08,2.0,3.0
2.0888355342136856e-08,2.0,3.0
2.112845138055222e-08,3.0,3.0
2.1368547418967585e-08,3.0,3.0
2.1608643457382952e-08,3.0,3.0
2.184873949579832e-08,3.0,3.0
2.2088835534213685e-08,3.0,3.0
2.232893157262905e-08,4.0,3.0
2.2569027611044417e-08,4.0,4.0
2.2809123649459785e-08,4.0,4.0
2.304921968787515e-08,4.0,4.0
2.3289315726290514e-08,4.0,3.0
2.352941176470588e-08,4.0,3.0
2.376950780312125e-08,4.0,3.0
2.4009603841536614e-08,4.0,3.0
2.4249699879951978e-08,4.0,4.0
2.4489795918367346e-08,4.0,4.0
2.4729891956782714e-08,3.0,4.0
2.4969987995198078e-08,3.0,4.0
2.5210084033613443e-08,3.0,4.0
2.545018007202881e-08,2.0,4.0
2.569027611044418e-08,2.0,4.0
2.5930372148859543e-08,1.0,4.0
2.6170468187274907e-08,1.0,4.0
2.6410564225690275e-08,2.0,4.0
2.6650660264105643e-08,2.0,5.0
2.6890756302521007e-08,3.0,5.0
2.7130852340936372e-08,4.0,5.0
2.737094837935174e-08,3.0,5.0
2.7611044417767107e-08,3.0,5.0
2.7851140456182472e-08,3.0,5.0
2.8091236494597836e-08,3.0,4.0
2.8331332533013204e-08,4.0,4.0
2.8571428571428572e-08,4.0,4.0
2.8811524609843937e-08,4.0,4.0
2.90516206482593e-08,3.0,5.0
2.929171668667467e-08,2.0,5.0
2.9531812725090037e-08,2.0,5.0
2.97719087635054e-08,2.0,4.0
3.0012004801920766e-08,3.0,4.0
3.0252100840336137e-08,3.0,4.0
3.04921968787515e-08,3.0,4.0
3.0732292917166866e-08,3.0,4.0
3.097238895558223e-08,3.0,4.0
3.1212484993997595e-08,3.0,4.0
3.1452581032412966e-08,3.0,4.0
3.169267707082833e-08,3.0,4.0
3.1932773109243695e-08,3.0,4.0
3.2172869147659066e-08,3.0,4.0
3.241296518607443e-08,4.0,4.0
3.2653061224489795e-08,3.0,4.0
3.289315726290516e-08,3.0,4.0
3.3133253301320524e-08,3.0,4.0
3.3373349339735895e-08,2.0,4.0
3.361344537815126e-08,3.0,4.0
3.3853541416566624e-08,3.0,4.0
3.4093637454981995e-08,3.0,4.0
3.433373349339736e-08,4.0,4.0
3.4573829531812724e-08,4.0,4.0
3.481392557022809e-08,4.0,4.0
3.505402160864345e-08,3.0,4.0
3.5294117647058824e-08,3.0,4.0
3.553421368547419e-08,3.0,4.0
3.577430972388955e-08,3.0,4.0
3.6014405762304924e-08,3.0,4.0
3.625450180072029e-08,3.0,5.0
3.649459783913565e-08,3.0,5.0
3.673469387755102e-08,3.0,5.0
3.697478991596638e-08,3.0,5.0
3.721488595438175e-08,3.0,5.0
3.745498199279712e-08,3.0,5.0
3.769507803121248e-08,3.0,4.0
3.793517406962785e-08,3.0,4.0
3.817527010804322e-08,3.0,4.0
3.841536614645858e-08,3.0,4.0
3.8655462184873946e-08,2.0,4.0
3.889555822328931e-08,2.0,4.0
3.913565426170468e-08,2.0,4.0
3.9375750300120047e-08,2.0,4.0
3.961584633853541e-08,3.0,4.0
3.985594237695078e-08,2.0,5.0
4.0096038415366147e-08,2.0,4.0
4.033613445378151e-08,2.0,4.0
4.0576230492196876e-08,2.0,4.0
4.081632653061224e-08,3.0,3.0
4.105642256902761e-08,2.0,4.0
4.1296518607442976e-08,2.0,4.0
4.153661464585834e-08,2.0,4.0
4.177671068427371e-08,2.0,5.0
4.2016806722689076e-08,3.0,5.0
4.225690276110444e-08,3.0,5.0
4.2496998799519805e-08,3.0,5.0
4.273709483793517e-08,3.0,5.0
4.297719087635054e-08,3.0,5.0
4.3217286914765905e-08,3.0,5.0
4.345738295318127e-08,3.0,5.0
4.369747899159664e-08,3.0,5.0
4.3937575030012005e-08,3.0,5.0
4.417767106842737e-08,3.0,4.0
4.4417767106842734e-08,4.0,3.0
4.46578631452581e-08,3.0,3.0
4.489795918367347e-08,3.0,3.0
4.5138055222088834e-08,3.0,3.0
4.53781512605042e-08,3.0,4.0
4.561824729891957e-08,4.0,4.0
4.5858343337334934e-08,3.0,5.0
4.60984393757503e-08,3.0,4.0
4.633853541416566e-08,3.0,4.0
4.657863145258103e-08,3.0,4.0
4.68187274909964e-08,4.0,4.0
4.705882352941176e-08,4.0,5.0
4.729891956782713e-08,4.0,4.0
4.75390156062425e-08,3.0,4.0
4.777911164465786e-08,3.0,4.0
4.801920768307323e-08,3.0,3.0
4.825930372148859e-08,3.0,4.0
4.8499399759903956e-08,3.0,4.0
4.873949579831933e-08,3.0,4.0
4.897959183673469e-08,3.0,5.0
4.9219687875150057e-08,3.0,5.0
4.945978391356543e-08,3.0,5.0
4.969987995198079e-08,3.0,5.0
4.9939975990396157e-08,3.0,5.0
5.018007202881152e-08,3.0,5.0
5.0420168067226886e-08,4.0,5.0
5.0660264105642257e-08,4.0,5.0
5.090036014405762e-08,4.0,5.0
5.1140456182472986e-08,3.0,5.0
5.138055222088836e-08,3.0,5.0
5.162064825930372e-08,3.0,5.0
5.1860744297719086e-08,2.0,5.0
5.210084033613445e-08,3.0,5.0
5.2340936374549815e-08,3.0,5.0
5.2581032412965186e-08,3.0,4.0
5.282112845138055e-08,4.0,4.0
5.3061224489795915e-08,4.0,4.0
5.3301320528211286e-08,4.0,4.0
5.354141656662665e-08,3.0,4.0
5.3781512605042015e-08,3.0,4.0
5.402160864345738e-08,3.0,4.0
5.4261704681872744e-08,2.0,4.0
5.4501800720288115e-08,2.0,4.0
5.474189675870348e-08,2.0,4.0
5.4981992797118844e-08,1.0,4.0
5.5222088835534215e-08,2.0,4.0
5.546218487394958e-08,2.0,4.0
5.5702280912364944e-08,2.0,4.0
5.594237695078031e-08,3.0,4.0
5.618247298919567e-08,3.0,5.0
5.6422569027611044e-08,3.0,5.0
5.666266506602641e-08,2.0,5.0
5.690276110444177e-08,2.0,4.0
5.7142857142857144e-08,2.0,4.0
5.738295318127251e-08,2.0,4.0
5.762304921968787e-08,2.0,4.0
5.786314525810324e-08,2.0,5.0
5.81032412965186e-08,2.0,5.0
5.834333733493397e-08,2.0,5.0
5.858343337334934e-08,2.0,4.0
5.88235294117647e-08,2.0,4.0
5.906362545018007e-08,2.0,4.0
5.930372148859544e-08,2.0,4.0
5.95438175270108e-08,1.0,4.0
5.978391356542617e-08,1.0,5.0
6.002400960384153e-08,1.0,5.0
6.02641056422569e-08,0.0,5.0
6.050420168067227e-08,0.0,4.0
6.074429771908764e-08,1.0,4.0
6.0984393757503e-08,2.0,4.0
6.122448979591837e-08,3.0,4.0
6.146458583433373e-08,3.0,4.0
6.17046818727491e-08,3.0,3.0
6.194477791116446e-08,2.0,3.0
6.218487394957982e-08,2.0,3.0
6.242496998799519e-08,2.0,3.0
6.266506602641057e-08,2.0,4.0
6.290516206482593e-08,2.0,5.0
6.31452581032413e-08,2.0,5.0
6.338535414165666e-08,2.0,6.0
6.362545018007202e-08,2.0,5.0
6.386554621848739e-08,2.0,5.0
6.410564225690275e-08,2.0,4.0
6.434573829531813e-08,3.0,4.0
6.45858343337335e-08,3.0,4.0
6.482593037214886e-08,3.0,4.0
6.506602641056422e-08,3.0,4.0
6.530612244897959e-08,3.0,3.0
6.554621848739495e-08,2.0,3.0
6.578631452581032e-08,2.0,3.0
6.602641056422568e-08,2.0,2.0
6.626650660264105e-08,2.0,3.0
6.650660264105643e-08,2.0,3.0
6.674669867947179e-08,2.0,3.0
6.698679471788715e-08,2.0,4.0
6.722689075630252e-08,2.0,4.0
6.746698679471788e-08,1.0,5.0
6.770708283313325e-08,2.0,5.0
6.794717887154861e-08,2.0,5.0
6.818727490996399e-08,3.0,4.0
6.842737094837935e-08,4.0,3.0
6.866746698679472e-08,4.0,3.0
6.890756302521008e-08,4.0,2.0
6.914765906362545e-08,3.0,2.0
6.938775510204081e-08,2.0,1.0
6.962785114045618e-08,2.0,1.0
6.986794717887154e-08,1.0,2.0
7.01080432172869e-08,2.0,2.0
7.034813925570228e-08,2.0,3.0
7.058823529411765e-08,2.0,4.0
7.082833133253301e-08,2.0,4.0
7.106842737094838e-08,2.0,4.0
7.130852340936374e-08,2.0,4.0
7.15486194477791e-08,2.0,4.0
7.178871548619447e-08,2.0,4.0
7.202881152460985e-08,3.0,4.0
7.226890756302521e-08,3.0,4.0
7.250900360144058e-08,3.0,4.0
7.274909963985594e-08,3.0,4.0
7.29891956782713e-08,3.0,3.0
7.322929171668667e-08,3.0,3.0
7.346938775510203e-08,3.0,3.0
7.37094837935174e-08,3.0,3.0
7.394957983193276e-08,3.0,3.0
7.418967587034814e-08,3.0,4.0
7.44297719087635e-08,3.0,5.0
7.466986794717887e-08,3.0,6.0
7.490996398559423e-08,3.0,5.0
7.51500600240096e-08,3.0,5.0
7.539015606242496e-08,3.0,5.0
7.563025210084033e-08,3.0,5.0
7.58703481392557e-08,3.0,6.0
7.611044417767107e-08,3.0,5.0
7.635054021608644e-08,2.0,5.0
7.65906362545018e-08,2.0,4.0
7.683073229291716e-08,2.0,4.0
7.707082833133253e-08,2.0,4.0
7.731092436974789e-08,2.0,4.0
7.755102040816326e-08,3.0,4.0
7.779111644657862e-08,3.0,4.0
7.8031212484994e-08,4.0,4.0
7.827130852340936e-08,3.0,4.0
7.851140456182473e-08,3.0,4.0
7.875150060024009e-08,2.0,4.0
7.899159663865546e-08,2.0,5.0
7.923169267707082e-08,2.0,5.0
7.947178871548619e-08,2.0,6.0
7.971188475390156e-08,2.0,5.0
7.995198079231693e-08,3.0,5.0
8.019207683073229e-08,3.0,4.0
8.043217286914766e-08,3.0,4.0
8.067226890756302e-08,3.0,4.0
8.091236494597839e-08,3.0,3.0
8.115246098439375e-08,3.0,3.0
8.139255702280912e-08,3.0,3.0
8.163265306122448e-08,3.0,3.0
8.187274909963986e-08,3.0,4.0
8.211284513805522e-08,3.0,4.0
8.235294117647059e-08,3.0,4.0
8.259303721488595e-08,3.0,5.0
8.283313325330132e-08,3.0,5.0
8.307322929171668e-08,3.0,5.0
8.331332533013204e-08,3.0,4.0
8.355342136854742e-08,3.0,4.0
8.379351740696279e-08,3.0,4.0
8.403361344537815e-08,3.0,4.0
8.427370948379352e-08,3.0,5.0
8.451380552220888e-08,3.0,4.0
8.475390156062424e-08,3.0,4.0
8.499399759903961e-08,3.0,3.0
8.523409363745497e-08,3.0,3.0
8.547418967587034e-08,2.0,3.0
8.571428571428572e-08,2.0,3.0
8.595438175270108e-08,2.0,4.0
8.619447779111645e-08,2.0,5.0
8.643457382953181e-08,3.0,5.0
8.667466986794717e-08,2.0,5.0
8.691476590636254e-08,2.0,5.0
8.71548619447779e-08,1.0,5.0
8.739495798319328e-08,1.0,4.0
8.763505402160865e-08,2.0,4.0
8.787515006002401e-08,2.0,4.0
8.811524609843937e-08,3.0,4.0
8.835534213685474e-08,4.0,4.0
8.85954381752701e-08,4.0,5.0
8.883553421368547e-08,4.0,5.0
8.907563025210083e-08,3.0,6.0
8.93157262905162e-08,3.0,5.0
8.955582232893157e-08,3.0,5.0
8.979591836734694e-08,3.0,5.0
9.00360144057623e-08,4.0,5.0
9.027611044417767e-08,3.0,6.0
9.051620648259303e-08,3.0,5.0
9.07563025210084e-08,3.0,5.0
9.099639855942376e-08,2.0,5.0
9.123649459783914e-08,3.0,5.0
9.14765906362545e-08,3.0,5.0
9.171668667466987e-08,3.0,5.0
9.195678271308523e-08,3.0,5.0
9.21968787515006e-08,3.0,5.0
9.243697478991596e-08,3.0,5.0
9.267707082833133e-08,2.0,5.0
9.291716686674669e-08,3.0,5.0
9.315726290516205e-08,3.0,5.0
9.339735894357743e-08,3.0,5.0
9.36374549819928e-08,4.0,5.0
9.387755102040816e-08,3.0,5.0
9.411764705882353e-08,3.0,4.0
9.435774309723889e-08,3.0,4.0
9.459783913565425e-08,3.0,3.0
9.483793517406962e-08,4.0,3.0
9.5078031212485e-08,3.0,3.0
9.531812725090036e-08,3.0,3.0
9.555822328931573e-08,2.0,3.0
9.579831932773109e-08,2.0,4.0
9.603841536614646e-08,2.0,4.0
9.627851140456182e-08,2.0,5.0
9.651860744297718e-08,2.0,5.0
9.675870348139255e-08,3.0,5.0
9.699879951980791e-08,3.0,4.0
9.723889555822329e-08,3.0,4.0
9.747899159663866e-08,2.0,4.0
9.771908763505402e-08,2.0,4.0
9.795918367346938e-08,2.0,4.0
9.819927971188475e-08,2.0,5.0
9.843937575030011e-08,3.0,5.0
9.867947178871548e-08,3.0,5.0
9.891956782713086e-08,3.0,5.0
9.915966386554622e-08,3.0,5.0
9.939975990396158e-08,3.0,5.0
9.963985594237695e-08,3.0,5.0
9.987995198079231e-08,3.0,6.0
1.0012004801920768e-07,3.0,5.0
1.0036014405762304e-07,3.0,5.0
1.0060024009603841e-07,3.0,4.0
1.0084033613445377e-07,3.0,4.0
1.0108043217286915e-07,3.0,4.0
1.0132052821128451e-07,3.0,4.0
1.0156062424969988e-07,3.0,4.0
1.0180072028811524e-07,3.0,4.0
1.0204081632653061e-07,3.0,4.0
1.0228091236494597e-07,3.0,4.0
1.0252100840336134e-07,3.0,4.0
1.0276110444177671e-07,3.0,4.0
1.0300120048019208e-07,3.0,5.0
1.0324129651860744e-07,3.0,5.0
1.0348139255702281e-07,3.0,5.0
1.0372148859543817e-07,3.0,4.0
1.0396158463385354e-07,3.0,4.0
1.042016806722689e-07,3.0,4.0
1.0444177671068426e-07,3.0,4.0
1.0468187274909963e-07,3.0,5.0
1.0492196878751501e-07,3.0,4.0
1.0516206482593037e-07,3.0,3.0
1.0540216086434574e-07,3.0,2.0
1.056422569027611e-07,3.0,2.0
1.0588235294117647e-07,2.0,3.0
1.0612244897959183e-07,2.0,3.0
1.063625450180072e-07,2.0,4.0
1.0660264105642257e-07,1.0,5.0
1.0684273709483794e-07,2.0,4.0
1.070828331332533e-07,2.0,4.0
1.0732292917166867e-07,2.0,4.0
1.0756302521008403e-07,3.0,4.0
1.078031212484994e-07,3.0,4.0
1.0804321728691476e-07,3.0,4.0
1.0828331332533012e-07,2.0,4.0
1.0852340936374549e-07,2.0,4.0
1.0876350540216087e-07,1.0,4.0
1.0900360144057623e-07,1.0,5.0
1.092436974789916e-07,1.0,5.0
1.0948379351740696e-07,1.0,6.0
1.0972388955582232e-07,2.0,5.0
1.0996398559423769e-07,3.0,5.0
1.1020408163265305e-07,2.0,4.0
1.1044417767106843e-07,2.0,4.0
1.106842737094838e-07,1.0,4.0
1.1092436974789916e-07,2.0,4.0
1.1116446578631452e-07,2.0,4.0
1.1140456182472989e-07,2.0,5.0
1.1164465786314525e-07,3.0,5.0
1.1188475390156062e-07,3.0,5.0
1.1212484993997598e-07,3.0,4.0
1.1236494597839135e-07,2.0,4.0
1.1260504201680672e-07,2.0,4.0
1.1284513805522209e-07,2.0,4.0
1.1308523409363745e-07,2.0,5.0
1.1332533013205282e-07,2.0,5.0
1.1356542617046818e-07,3.0,5.0
1.1380552220888355e-07,3.0,4.0
1.1404561824729891e-07,3.0,4.0
1.1428571428571429e-07,2.0,4.0
1.1452581032412965e-07,2.0,4.0
1.1476590636254502e-07,2.0,4.0
1.1500600240096038e-07,2.0,4.0
1.1524609843937575e-07,2.0,4.0
1.1548619447779111e-07,2.0,4.0
1.1572629051620648e-07,2.0,4.0
1.1596638655462184e-07,2.0,4.0
1.162064825930372e-07,2.0,5.0
1.1644657863145258e-07,2.0,5.0
1.1668667466986795e-07,2.0,5.0
1.1692677070828331e-07,2.0,5.0
1.1716686674669868e-07,3.0,5.0
1.1740696278511404e-07,3.0,5.0
1.176470588235294e-07,3.0,5.0
1.1788715486194477e-07,3.0,5.0
1.1812725090036015e-07,3.0,4.0
1.1836734693877551e-07,4.0,4.0
1.1860744297719088e-07,4.0,4.0
1.1884753901560624e-07,4.0,4.0
1.190876350540216e-07,3.0,5.0
1.1932773109243697e-07,2.0,4.0
1.1956782713085233e-07,2.0,4.0
1.198079231692677e-07,2.0,3.0
1.2004801920768306e-07,3.0,3.0
1.2028811524609843e-07,3.0,3.0
1.205282112845138e-07,3.0,3.0
1.2076830732292916e-07,2.0,3.0
1.2100840336134455e-07,2.0,3.0
1.212484993997599e-07,2.0,3.0
1.2148859543817528e-07,2.0,3.0
1.2172869147659064e-07,2.0,2.0
1.21968787515006e-07,2.0,3.0
1.2220888355342137e-07,2.0,3.0
1.2244897959183673e-07,2.0,3.0
1.226890756302521e-07,2.0,4.0
1.2292917166866746e-07,2.0,4.0
1.2316926770708283e-07,2.0,4.0
1.234093637454982e-07,2.0,3.0
1.2364945978391356e-07,2.0,2.0
1.2388955582232892e-07,2.0,2.0
1.2412965186074428e-07,2.0,1.0
1.2436974789915965e-07,2.0,1.0
1.2460984393757501e-07,2.0,2.0
1.2484993997599038e-07,3.0,2.0
1.2509003601440577e-07,3.0,3.0
1.2533013205282113e-07,3.0,3.0
1.255702280912365e-07,3.0,4.0
1.2581032412965186e-07,3.0,5.0
1.2605042016806723e-07,3.0,5.0
1.262905162064826e-07,3.0,5.0
1.2653061224489796e-07,3.0,4.0
1.2677070828331332e-07,4.0,3.0
1.2701080432172869e-07,4.0,3.0
1.2725090036014405e-07,4.0,3.0
1.2749099639855941e-07,3.0,4.0
1.2773109243697478e-07,3.0,4.0
1.2797118847539014e-07,2.0,5.0
1.282112845138055e-07,2.0,4.0
1.2845138055222087e-07,2.0,4.0
1.2869147659063626e-07,1.0,4.0
1.2893157262905163e-07,2.0,4.0
1.29171668667467e-07,2.0,4.0
1.2941176470588236e-07,2.0,3.0
1.2965186074429772e-07,3.0,3.0
1.2989195678271309e-07,2.0,3.0
1.3013205282112845e-07,2.0,3.0
1.3037214885954381e-07,2.0,3.0
1.3061224489795918e-07,2.0,4.0
1.3085234093637454e-07,3.0,4.0
1.310924369747899e-07,2.0,4.0
1.3133253301320527e-07,2.0,4.0
1.3157262905162064e-07,2.0,4.0
1.31812725090036e-07,2.0,4.0
1.3205282112845137e-07,3.0,4.0
1.3229291716686673e-07,2.0,4.0
1.325330132052821e-07,2.0,3.0
1.3277310924369749e-07,2.0,3.0
1.3301320528211285e-07,1.0,2.0
1.3325330132052821e-07,2.0,2.0
1.3349339735894358e-07,2.0,3.0
1.3373349339735894e-07,2.0,3.0
1.339735894357743e-07,3.0,4.0
1.3421368547418967e-07,3.0,5.0
1.3445378151260504e-07,3.0,5.0
1.346938775510204e-07,3.0,5.0
1.3493397358943577e-07,3.0,5.0
1.3517406962785113e-07,4.0,5.0
1.354141656662665e-07,4.0,4.0
1.3565426170468186e-07,4.0,4.0
1.3589435774309722e-07,3.0,4.0
1.361344537815126e-07,3.0,4.0
1.3637454981992798e-07,3.0,4.0
1.3661464585834334e-07,3.0,4.0
1.368547418967587e-07,3.0,4.0
1.3709483793517407e-07,2.0,4.0
1.3733493397358944e-07,2.0,4.0
1.375750300120048e-07,2.0,4.0
1.3781512605042017e-07,2.0,4.0
1.3805522208883553e-07,3.0,4.0
1.382953181272509e-07,3.0,5.0
1.3853541416566626e-07,3.0,5.0
1.3877551020408162e-07,3.0,5.0
1.39015606242497e-07,3.0,6.0
1.3925570228091235e-07,3.0,6.0
1.3949579831932772e-07,2.0,6.0
1.3973589435774308e-07,2.0,5.0
1.3997599039615845e-07,2.0,5.0
1.402160864345738e-07,2.0,4.0
1.404561824729892e-07,3.0,4.0
1.4069627851140457e-07,2.0,4.0
1.4093637454981993e-07,2.0,4.0
1.411764705882353e-07,2.0,4.0
1.4141656662665066e-07,2.0,4.0
1.4165666266506602e-07,3.0,4.0
1.418967587034814e-07,3.0,4.0
1.4213685474189675e-07,3.0,4.0
1.4237695078031212e-07,2.0,4.0
1.4261704681872748e-07,1.0,5.0
1.4285714285714285e-07,1.0,5.0
1.430972388955582e-07,1.0,5.0
1.4333733493397358e-07,1.0,5.0
1.4357743097238894e-07,2.0,5.0
1.438175270108043e-07,2.0,5.0
1.440576230492197e-07,2.0,5.0
1.4429771908763506e-07,2.0,5.0
1.4453781512605042e-07,2.0,5.0
1.447779111644658e-07,2.0,5.0
1.4501800720288115e-07,2.0,5.0
1.4525810324129652e-07,2.0,5.0
1.4549819927971188e-07,2.0,5.0
1.4573829531812725e-07,2.0,5.0
1.459783913565426e-07,2.0,5.0
1.4621848739495798e-07,2.0,5.0
1.4645858343337334e-07,2.0,5.0
1.466986794717887e-07,2.0,5.0
1.4693877551020407e-07,2.0,4.0
1.4717887154861943e-07,2.0,4.0
1.474189675870348e-07,2.0,4.0
1.4765906362545016e-07,2.0,4.0
1.4789915966386553e-07,2.0,5.0
1.4813925570228092e-07,2.0,5.0
1.4837935174069628e-07,2.0,5.0
1.4861944777911165e-07,2.0,5.0
1.48859543817527e-07,2.0,5.0
1.4909963985594238e-07,2.0,5.0
1.4933973589435774e-07,2.0,5.0
1.495798319327731e-07,2.0,5.0
1.4981992797118847e-07,2.0,4.0
1.5006002400960383e-07,2.0,4.0
1.503001200480192e-07,1.0,4.0
1.5054021608643456e-07,1.0,4.0
1.5078031212484993e-07,2.0,4.0
1.510204081632653e-07,3.0,4.0
1.5126050420168066e-07,4.0,4.0
1.5150060024009602e-07,3.0,4.0
1.517406962785114e-07,2.0,4.0
1.5198079231692678e-07,1.0,4.0
1.5222088835534214e-07,1.0,4.0
1.524609843937575e-07,1.0,4.0
1.5270108043217287e-07,1.0,4.0
1.5294117647058823e-07,1.0,4.0
1.531812725090036e-07,2.0,4.0
1.5342136854741896e-07,2.0,3.0
1.5366146458583433e-07,3.0,3.0
1.539015606242497e-07,2.0,3.0
1.5414165666266506e-07,2.0,3.0
1.5438175270108042e-07,2.0,3.0
1.5462184873949579e-07,2.0,4.0
1.5486194477791115e-07,3.0,4.0
1.5510204081632651e-07,3.0,4.0
1.5534213685474188e-07,3.0,4.0
1.5558223289315724e-07,3.0,4.0
1.5582232893157263e-07,3.0,5.0
1.56062424969988e-07,4.0,5.0
1.5630252100840336e-07,4.0,6.0
1.5654261704681873e-07,4.0,5.0
1.567827130852341e-07,3.0,5.0
1.5702280912364946e-07,2.0,5.0
1.5726290516206482e-07,2.0,5.0
1.5750300120048019e-07,1.0,6.0
1.5774309723889555e-07,2.0,5.0
1.5798319327731092e-07,2.0,5.0
1.5822328931572628e-07,2.0,4.0
1.5846338535414164e-07,2.0,4.0
1.58703481392557e-07,2.0,4.0
1.5894357743097237e-07,2.0,4.0
1.5918367346938774e-07,2.0,4.0
1.5942376950780313e-07,2.0,3.0
1.596638655462185e-07,2.0,3.0
1.5990396158463386e-07,1.0,3.0
1.6014405762304922e-07,2.0,3.0
1.6038415366146459e-07,2.0,3.0
1.6062424969987995e-07,2.0,4.0
1.6086434573829532e-07,3.0,4.0
1.6110444177671068e-07,3.0,4.0
1.6134453781512604e-07,3.0,4.0
1.615846338535414e-07,4.0,4.0
1.6182472989195677e-07,4.0,4.0
1.6206482593037214e-07,4.0,4.0
1.623049219687875e-07,3.0,4.0
1.6254501800720287e-07,2.0,4.0
1.6278511404561823e-07,2.0,5.0
1.630252100840336e-07,2.0,4.0
1.6326530612244896e-07,3.0,3.0
1.6350540216086435e-07,3.0,3.0
1.6374549819927972e-07,3.0,3.0
1.6398559423769508e-07,3.0,4.0
1.6422569027611044e-07,3.0,5.0
1.644657863145258e-07,3.0,5.0
1.6470588235294117e-07,3.0,5.0
1.6494597839135654e-07,3.0,4.0
1.651860744297719e-07,3.0,4.0
1.6542617046818727e-07,3.0,4.0
1.6566626650660263e-07,3.0,4.0
1.65906362545018e-07,3.0,5.0
1.6614645858343336e-07,3.0,4.0
1.6638655462184873e-07,2.0,4.0
1.666266506602641e-07,2.0,4.0
1.6686674669867945e-07,2.0,4.0
1.6710684273709484e-07,2.0,4.0
1.673469387755102e-07,2.0,3.0
1.6758703481392557e-07,2.0,3.0
1.6782713085234094e-07,2.0,3.0
1.680672268907563e-07,2.0,3.0
1.6830732292917167e-07,2.0,4.0
1.6854741896758703e-07,2.0,4.0
1.687875150060024e-07,2.0,5.0
1.6902761104441776e-07,2.0,4.0
1.6926770708283313e-07,3.0,4.0
1.695078031212485e-07,3.0,4.0
1.6974789915966385e-07,4.0,4.0
1.6998799519807922e-07,3.0,4.0
1.7022809123649458e-07,3.0,5.0
1.7046818727490995e-07,3.0,5.0
1.707082833133253e-07,3.0,5.0
1.7094837935174068e-07,3.0,4.0
1.7118847539015607e-07,4.0,3.0
1.7142857142857143e-07,4.0,3.0
1.716686674669868e-07,5.0,3.0
1.7190876350540216e-07,4.0,3.0
1.7214885954381753e-07,3.0,2.0
1.723889555822329e-07,2.0,3.0
1.7262905162064825e-07,2.0,3.0
1.7286914765906362e-07,3.0,4.0
1.7310924369747898e-07,3.0,5.0
1.7334933973589435e-07,3.0,4.0
1.735894357743097e-07,4.0,3.0
1.7382953181272508e-07,4.0,2.0
1.7406962785114044e-07,4.0,2.0
1.743097238895558e-07,4.0,3.0
1.7454981992797117e-07,4.0,3.0
1.7478991596638656e-07,3.0,4.0
1.7503001200480193e-07,3.0,5.0
1.752701080432173e-07,3.0,4.0
1.7551020408163265e-07,3.0,4.0
1.7575030012004802e-07,3.0,3.0
1.7599039615846338e-07,3.0,4.0
1.7623049219687875e-07,3.0,4.0
1.764705882352941e-07,3.0,4.0
1.7671068427370948e-07,3.0,5.0
1.7695078031212484e-07,3.0,4.0
1.771908763505402e-07,3.0,4.0
1.7743097238895557e-07,3.0,4.0
1.7767106842737094e-07,4.0,4.0
1.779111644657863e-07,4.0,4.0
1.7815126050420166e-07,4.0,4.0
1.7839135654261703e-07,3.0,4.0
1.786314525810324e-07,3.0,4.0
1.7887154861944778e-07,3.0,4.0
1.7911164465786315e-07,2.0,4.0
1.793517406962785e-07,3.0,4.0
1.7959183673469388e-07,3.0,4.0
1.7983193277310924e-07,3.0,5.0
1.800720288115246e-07,4.0,5.0
1.8031212484993997e-07,3.0,5.0
1.8055222088835534e-07,3.0,4.0
1.807923169267707e-07,3.0,3.0
1.8103241296518606e-07,2.0,2.0
1.8127250900360143e-07,3.0,2.0
1.815126050420168e-07,3.0,3.0
1.8175270108043216e-07,3.0,3.0
1.8199279711884752e-07,4.0,3.0
1.822328931572629e-07,4.0,4.0
1.8247298919567828e-07,4.0,4.0
1.8271308523409364e-07,3.0,4.0
1.82953181272509e-07,3.0,4.0
1.8319327731092437e-07,3.0,4.0
1.8343337334933974e-07,3.0,5.0
1.836734693877551e-07,3.0,5.0
1.8391356542617046e-07,3.0,5.0
1.8415366146458583e-07,3.0,5.0
1.843937575030012e-07,3.0,5.0
1.8463385354141656e-07,3.0,4.0
1.8487394957983192e-07,3.0,4.0
1.851140456182473e-07,3.0,4.0
1.8535414165666265e-07,3.0,4.0
1.8559423769507802e-07,3.0,4.0
1.8583433373349338e-07,3.0,4.0
1.8607442977190875e-07,3.0,4.0
1.863145258103241e-07,3.0,4.0
1.865546218487395e-07,3.0,4.0
1.8679471788715486e-07,3.0,4.0
1.8703481392557023e-07,3.0,5.0
1.872749099639856e-07,3.0,5.0
1.8751500600240096e-07,2.0,5.0
1.8775510204081632e-07,2.0,5.0
1.879951980792317e-07,2.0,5.0
1.8823529411764705e-07,1.0,4.0
1.8847539015606242e-07,2.0,4.0
1.8871548619447778e-07,2.0,4.0
1.8895558223289315e-07,2.0,4.0
1.891956782713085e-07,2.0,4.0
1.8943577430972387e-07,2.0,4.0
1.8967587034813924e-07,2.0,4.0
1.899159663865546e-07,1.0,4.0
1.9015606242497e-07,2.0,4.0
1.9039615846338536e-07,2.0,4.0
1.9063625450180072e-07,2.0,4.0
1.908763505402161e-07,3.0,4.0
1.9111644657863145e-07,3.0,4.0
1.9135654261704682e-07,3.0,4.0
1.9159663865546218e-07,2.0,4.0
1.9183673469387755e-07,2.0,3.0
1.920768307322929e-07,2.0,3.0
1.9231692677070827e-07,1.0,3.0
1.9255702280912364e-07,2.0,3.0
1.92797118847539e-07,2.0,3.0
1.9303721488595437e-07,2.0,4.0
1.9327731092436973e-07,3.0,4.0
1.935174069627851e-07,3.0,4.0
1.9375750300120046e-07,3.0,4.0
1.9399759903961583e-07,4.0,4.0
1.9423769507803122e-07,4.0,5.0
1.9447779111644658e-07,4.0,5.0
1.9471788715486195e-07,3.0,6.0
1.949579831932773e-07,2.0,5.0
1.9519807923169267e-07,2.0,4.0
1.9543817527010804e-07,2.0,4.0
1.956782713085234e-07,3.0,4.0
1.9591836734693877e-07,3.0,4.0
1.9615846338535413e-07,3.0,4.0
1.963985594237695e-07,3.0,4.0
1.9663865546218486e-07,3.0,4.0
1.9687875150060023e-07,3.0,4.0
1.971188475390156e-07,3.0,5.0
1.9735894357743096e-07,3.0,5.0
1.9759903961584632e-07,2.0,5.0
1.978391356542617e-07,2.0,5.0
1.9807923169267708e-07,2.0,5.0
1.9831932773109244e-07,2.0,5.0
1.985594237695078e-07,2.0,5.0
1.9879951980792317e-07,2.0,5.0
1.9903961584633853e-07,2.0,6.0
1.992797118847539e-07,2.0,6.0
1.9951980792316926e-07,2.0,6.0
1.9975990396158463e-07,2.0,5.0
2e-07,3.0,5.0
2.0024009603841536e-07,3.0,5.0
2.0048019207683072e-07,3.0,4.0
2.0072028811524608e-07,3.0,5.0
2.0096038415366145e-07,3.0,5.0
2.0120048019207681e-07,3.0,5.0
2.0144057623049218e-07,3.0,6.0
2.0168067226890754e-07,3.0,5.0
2.0192076830732293e-07,3.0,5.0
2.021608643457383e-07,3.0,4.0
2.0240096038415366e-07,3.0,4.0
2.0264105642256903e-07,3.0,4.0
2.028811524609844e-07,3.0,4.0
2.0312124849939976e-07,2.0,5.0
2.0336134453781512e-07,2.0,4.0
2.0360144057623048e-07,2.0,4.0
2.0384153661464585e-07,2.0,4.0
2.0408163265306121e-07,3.0,4.0
2.0432172869147658e-07,3.0,4.0
2.0456182472989194e-07,3.0,4.0
2.048019207683073e-07,3.0,4.0
2.0504201680672267e-07,3.0,4.0
2.0528211284513804e-07,4.0,4.0
2.0552220888355343e-07,3.0,5.0
2.057623049219688e-07,3.0,4.0
2.0600240096038416e-07,3.0,4.0
2.0624249699879952e-07,3.0,3.0
2.0648259303721488e-07,3.0,3.0
2.0672268907563025e-07,2.0,3.0
2.0696278511404561e-07,2.0,3.0
2.0720288115246098e-07,2.0,3.0
2.0744297719087634e-07,1.0,4.0
2.076830732292917e-07,2.0,4.0
2.0792316926770707e-07,2.0,4.0
2.0816326530612244e-07,2.0,4.0
2.084033613445378e-07,2.0,4.0
2.0864345738295317e-07,2.0,4.0
2.0888355342136853e-07,2.0,4.0
2.091236494597839e-07,1.0,4.0
2.0936374549819926e-07,2.0,4.0
2.0960384153661465e-07,2.0,4.0
2.0984393757503001e-07,2.0,3.0
2.1008403361344538e-07,3.0,3.0
2.1032412965186074e-07,3.0,3.0
2.105642256902761e-07,3.0,2.0
2.1080432172869147e-07,3.0,3.0
2.1104441776710684e-07,3.0,3.0
2.112845138055222e-07,3.0,3.0
2.1152460984393757e-07,3.0,4.0
2.1176470588235293e-07,3.0,4.0
2.120048019207683e-07,3.0,4.0
2.1224489795918366e-07,3.0,4.0
2.1248499399759902e-07,3.0,4.0
2.127250900360144e-07,3.0,4.0
2.1296518607442975e-07,3.0,4.0
2.1320528211284514e-07,2.0,4.0
2.134453781512605e-07,2.0,4.0
2.1368547418967587e-07,2.0,4.0
2.1392557022809124e-07,2.0,5.0
2.141656662665066e-07,2.0,4.0
2.1440576230492197e-07,2.0,4.0
2.1464585834333733e-07,2.0,4.0
2.148859543817527e-07,2.0,4.0
2.1512605042016806e-07,2.0,4.0
2.1536614645858342e-07,2.0,4.0
2.156062424969988e-07,3.0,4.0
2.1584633853541415e-07,3.0,3.0
2.1608643457382952e-07,3.0,2.0
2.1632653061224488e-07,3.0,0.0
2.1656662665066025e-07,3.0,-3.0
2.168067226890756e-07,2.0,-6.0
2.1704681872749098e-07,2.0,-11.0
2.1728691476590637e-07,2.0,-17.0
2.1752701080432173e-07,2.0,-24.0
2.177671068427371e-07,2.0,-31.0
2.1800720288115246e-07,3.0,-38.0
2.1824729891956782e-07,3.0,-45.0
2.184873949579832e-07,3.0,-52.0
2.1872749099639855e-07,3.0,-58.0
2.1896758703481392e-07,3.0,-64.0
2.1920768307322928e-07,2.0,-69.0
2.1944777911164465e-07,2.0,-71.0
2.1968787515006e-07,2.0,-72.0
2.1992797118847538e-07,2.0,-72.0
2.2016806722689074e-07,2.0,-72.0
2.204081632653061e-07,3.0,-71.0
2.2064825930372147e-07,3.0,-70.0
2.2088835534213686e-07,3.0,-69.0
2.2112845138055222e-07,3.0,-68.0
2.213685474189676e-07,3.0,-68.0
2.2160864345738295e-07,3.0,-67.0
2.2184873949579832e-07,3.0,-68.0
2.2208883553421368e-07,3.0,-68.0
2.2232893157262905e-07,3.0,-69.0
2.225690276110444e-07,3.0,-70.0
2.2280912364945978e-07,3.0,-71.0
2.2304921968787514e-07,3.0,-72.0
2.232893157262905e-07,3.0,-73.0
2.2352941176470587e-07,3.0,-73.0
2.2376950780312123e-07,3.0,-74.0
2.240096038415366e-07,3.0,-74.0
2.2424969987995196e-07,3.0,-74.0
2.2448979591836733e-07,3.0,-74.0
2.247298919567827e-07,2.0,-73.0
2.2496998799519808e-07,2.0,-73.0
2.2521008403361345e-07,2.0,-72.0
2.254501800720288e-07,2.0,-73.0
2.2569027611044418e-07,3.0,-74.0
2.2593037214885954e-07,2.0,-74.0
2.261704681872749e-07,2.0,-74.0
2.2641056422569027e-07,2.0,-74.0
2.2665066026410563e-07,1.0,-73.0
2.26890756302521e-07,2.0,-74.0
2.2713085234093636e-07,2.0,-74.0
2.2737094837935173e-07,2.0,-75.0
2.276110444177671e-07,2.0,-76.0
2.2785114045618246e-07,2.0,-77.0
2.2809123649459782e-07,2.0,-77.0
2.2833133253301319e-07,2.0,-77.0
2.2857142857142858e-07,2.0,-77.0
2.2881152460984394e-07,2.0,-77.0
2.290516206482593e-07,2.0,-76.0
2.2929171668667467e-07,2.0,-76.0
2.2953181272509003e-07,2.0,-75.0
2.297719087635054e-07,2.0,-75.0
2.3001200480192076e-07,3.0,-74.0
2.3025210084033613e-07,4.0,-74.0
2.304921968787515e-07,5.0,-75.0
2.3073229291716686e-07,5.0,-75.0
2.3097238895558222e-07,5.0,-76.0
2.3121248499399759e-07,4.0,-76.0
2.3145258103241295e-07,3.0,-76.0
2.3169267707082831e-07,3.0,-75.0
2.3193277310924368e-07,3.0,-74.0
2.3217286914765904e-07,3.0,-73.0
2.324129651860744e-07,4.0,-73.0
2.326530612244898e-07,3.0,-72.0
2.3289315726290516e-07,3.0,-73.0
2.3313325330132053e-07,2.0,-73.0
2.333733493397359e-07,2.0,-74.0
2.3361344537815126e-07,2.0,-73.0
2.3385354141656662e-07,2.0,-73.0
2.3409363745498199e-07,3.0,-73.0
2.3433373349339735e-07,2.0,-72.0
2.3457382953181271e-07,2.0,-73.0
2.3481392557022808e-07,1.0,-73.0
2.3505402160864344e-07,1.0,-73.0
2.352941176470588e-07,1.0,-73.0
2.3553421368547417e-07,1.0,-72.0
2.3577430972388954e-07,2.0,-73.0
2.360144057623049e-07,3.0,-73.0
2.362545018007203e-07,3.0,-73.0
2.3649459783913566e-07,3.0,-73.0
2.3673469387755102e-07,3.0,-72.0
2.3697478991596639e-07,3.0,-72.0
2.3721488595438175e-07,3.0,-71.0
2.3745498199279712e-07,3.0,-71.0
2.3769507803121248e-07,4.0,-72.0
2.3793517406962784e-07,3.0,-72.0
2.381752701080432e-07,3.0,-73.0
2.3841536614645857e-07,3.0,-73.0
2.3865546218487394e-07,3.0,-74.0
2.388955582232893e-07,4.0,-75.0
2.3913565426170467e-07,4.0,-75.0
2.3937575030012003e-07,4.0,-76.0
2.396158463385354e-07,3.0,-76.0
2.3985594237695076e-07,2.0,-75.0
2.400960384153661e-07,2.0,-75.0
2.403361344537815e-07,1.0,-74.0
2.4057623049219685e-07,2.0,-74.0
2.408163265306122e-07,2.0,-74.0
2.410564225690276e-07,2.0,-74.0
2.4129651860744295e-07,2.0,-74.0
2.415366146458583e-07,2.0,-73.0
2.417767106842737e-07,2.0,-74.0
2.420168067226891e-07,2.0,-74.0
2.4225690276110446e-07,2.0,-75.0
2.424969987995198e-07,3.0,-75.0
2.427370948379352e-07,3.0,-75.0
2.4297719087635055e-07,3.0,-75.0
2.432172869147659e-07,3.0,-75.0
2.434573829531813e-07,3.0,-74.0
2.4369747899159664e-07,3.0,-73.0
2.43937575030012e-07,2.0,-72.0
2.4417767106842737e-07,2.0,-72.0
2.4441776710684274e-07,2.0,-72.0
2.446578631452581e-07,2.0,-73.0
2.4489795918367347e-07,2.0,-73.0
2.4513805522208883e-07,2.0,-73.0
2.453781512605042e-07,2.0,-74.0
2.4561824729891956e-07,2.0,-74.0
2.458583433373349e-07,2.0,-74.0
2.460984393757503e-07,2.0,-75.0
2.4633853541416565e-07,2.0,-74.0
2.46578631452581e-07,2.0,-74.0
2.468187274909964e-07,3.0,-74.0
2.4705882352941175e-07,3.0,-74.0
2.472989195678271e-07,3.0,-74.0
2.475390156062425e-07,2.0,-74.0
2.4777911164465784e-07,2.0,-74.0
2.480192076830732e-07,2.0,-74.0
2.4825930372148857e-07,1.0,-74.0
2.4849939975990393e-07,2.0,-74.0
2.487394957983193e-07,2.0,-74.0
2.4897959183673466e-07,2.0,-75.0
2.4921968787515003e-07,2.0,-74.0
2.494597839135654e-07,2.0,-74.0
2.4969987995198076e-07,2.0,-74.0
2.499399759903962e-07,2.0,-73.0
2.5018007202881154e-07,2.0,-73.0
2.504201680672269e-07,3.0,-72.0
2.5066026410564227e-07,3.0,-73.0
2.5090036014405763e-07,3.0,-74.0
2.51140456182473e-07,2.0,-74.0
2.5138055222088836e-07,2.0,-75.0
2.516206482593037e-07,2.0,-75.0
2.518607442977191e-07,2.0,-74.0
2.5210084033613445e-07,2.0,-73.0
2.523409363745498e-07,2.0,-72.0
2.525810324129652e-07,2.0,-72.0
2.5282112845138055e-07,2.0,-72.0
2.530612244897959e-07,2.0,-72.0
2.533013205282113e-07,3.0,-72.0
2.5354141656662664e-07,3.0,-72.0
2.53781512605042e-07,3.0,-73.0
2.5402160864345737e-07,3.0,-73.0
2.5426170468187273e-07,3.0,-74.0
2.545018007202881e-07,3.0,-74.0
2.5474189675870346e-07,2.0,-74.0
2.5498199279711883e-07,2.0,-74.0
2.552220888355342e-07,2.0,-74.0
2.5546218487394956e-07,2.0,-73.0
2.557022809123649e-07,2.0,-73.0
2.559423769507803e-07,2.0,-73.0
2.5618247298919565e-07,2.0,-73.0
2.56422569027611e-07,2.0,-73.0
2.566626650660264e-07,2.0,-73.0
2.5690276110444174e-07,2.0,-73.0
2.571428571428571e-07,2.0,-73.0
2.573829531812725e-07,2.0,-74.0
2.576230492196879e-07,3.0,-73.0
2.5786314525810325e-07,3.0,-73.0
2.581032412965186e-07,3.0,-73.0
2.58343337334934e-07,2.0,-72.0
2.5858343337334935e-07,2.0,-72.0
2.588235294117647e-07,2.0,-72.0
2.590636254501801e-07,2.0,-73.0
2.5930372148859544e-07,3.0,-73.0
2.595438175270108e-07,2.0,-73.0
2.5978391356542617e-07,2.0,-73.0
2.6002400960384154e-07,2.0,-73.0
2.602641056422569e-07,1.0,-73.0
2.6050420168067226e-07,2.0,-73.0
2.6074429771908763e-07,2.0,-73.0
2.60984393757503e-07,2.0,-74.0
2.6122448979591836e-07,2.0,-73.0
2.614645858343337e-07,2.0,-73.0
2.617046818727491e-07,2.0,-73.0
2.6194477791116445e-07,1.0,-72.0
2.621848739495798e-07,1.0,-72.0
2.624249699879952e-07,2.0,-71.0
2.6266506602641054e-07,3.0,-72.0
2.629051620648259e-07,4.0,-72.0
2.631452581032413e-07,4.0,-72.0
2.6338535414165664e-07,4.0,-72.0
2.63625450180072e-07,3.0,-72.0
2.6386554621848737e-07,2.0,-72.0
2.6410564225690273e-07,2.0,-72.0
2.643457382953181e-07,2.0,-72.0
2.6458583433373346e-07,2.0,-72.0
2.648259303721488e-07,1.0,-72.0
2.650660264105642e-07,1.0,-72.0
2.653061224489796e-07,1.0,-72.0
2.6554621848739497e-07,0.0,-72.0
2.6578631452581034e-07,1.0,-73.0
2.660264105642257e-07,1.0,-73.0
2.6626650660264106e-07,1.0,-73.0
2.6650660264105643e-07,2.0,-73.0
2.667466986794718e-07,2.0,-72.0
2.6698679471788716e-07,2.0,-72.0
2.672268907563025e-07,2.0,-72.0
2.674669867947179e-07,2.0,-71.0
2.6770708283313325e-07,2.0,-71.0
2.679471788715486e-07,2.0,-70.0
2.68187274909964e-07,2.0,-69.0
2.6842737094837935e-07,3.0,-67.0
2.686674669867947e-07,3.0,-66.0
2.689075630252101e-07,3.0,-64.0
2.6914765906362544e-07,3.0,-61.0
2.693877551020408e-07,3.0,-58.0
2.6962785114045617e-07,4.0,-54.0
2.6986794717887153e-07,4.0,-49.0
2.701080432172869e-07,4.0,-43.0
2.7034813925570226e-07,3.0,-36.0
2.705882352941176e-07,2.0,-31.0
2.70828331332533e-07,2.0,-26.0
2.7106842737094835e-07,2.0,-21.0
2.713085234093637e-07,3.0,-15.0
2.715486194477791e-07,3.0,-10.0
2.7178871548619445e-07,3.0,-7.0
2.720288115246098e-07,2.0,-4.0
2.722689075630252e-07,2.0,-3.0
2.7250900360144054e-07,2.0,-2.0
2.7274909963985596e-07,1.0,-2.0
2.729891956782713e-07,1.0,-3.0
2.732292917166867e-07,1.0,-3.0
2.7346938775510205e-07,1.0,-4.0
2.737094837935174e-07,2.0,-5.0
2.739495798319328e-07,2.0,-5.0
2.7418967587034815e-07,2.0,-6.0
2.744297719087635e-07,2.0,-7.0
2.746698679471789e-07,2.0,-7.0
2.7490996398559424e-07,3.0,-7.0
2.751500600240096e-07,3.0,-6.0
2.7539015606242497e-07,3.0,-5.0
2.7563025210084033e-07,3.0,-5.0
2.758703481392557e-07,3.0,-4.0
2.7611044417767106e-07,3.0,-5.0
2.763505402160864e-07,3.0,-5.0
2.765906362545018e-07,3.0,-6.0
2.7683073229291715e-07,3.0,-6.0
2.770708283313325e-07,3.0,-7.0
2.773109243697479e-07,3.0,-7.0
2.7755102040816325e-07,3.0,-7.0
2.777911164465786e-07,3.0,-8.0
2.78031212484994e-07,2.0,-9.0
2.7827130852340934e-07,2.0,-10.0
2.785114045618247e-07,2.0,-10.0
2.7875150060024007e-07,1.0,-9.0
2.7899159663865544e-07,1.0,-9.0
2.792316926770708e-07,1.0,-7.0
2.7947178871548616e-07,1.0,-5.0
2.7971188475390153e-07,2.0,-3.0
2.799519807923169e-07,2.0,-1.0
2.8019207683073226e-07,2.0,0.0
2.804321728691476e-07,2.0,1.0
2.8067226890756304e-07,2.0,2.0
2.809123649459784e-07,2.0,2.0
2.8115246098439377e-07,2.0,3.0
2.8139255702280913e-07,2.0,4.0
2.816326530612245e-07,2.0,5.0
2.8187274909963986e-07,2.0,6.0
2.8211284513805523e-07,2.0,6.0
2.823529411764706e-07,2.0,7.0
2.8259303721488596e-07,2.0,7.0
2.828331332533013e-07,2.0,7.0
2.830732292917167e-07,2.0,8.0
2.8331332533013205e-07,2.0,8.0
2.835534213685474e-07,2.0,8.0
2.837935174069628e-07,2.0,8.0
2.8403361344537814e-07,2.0,8.0
2.842737094837935e-07,2.0,9.0
2.8451380552220887e-07,3.0,9.0
2.8475390156062424e-07,3.0,10.0
2.849939975990396e-07,3.0,9.0
2.8523409363745496e-07,3.0,9.0
2.8547418967587033e-07,3.0,8.0
2.857142857142857e-07,3.0,8.0
2.8595438175270106e-07,2.0,8.0
2.861944777911164e-07,2.0,7.0
2.864345738295318e-07,2.0,7.0
2.8667466986794715e-07,2.0,6.0
2.869147659063625e-07,2.0,6.0
2.871548619447779e-07,2.0,6.0
2.8739495798319325e-07,2.0,5.0
2.876350540216086e-07,2.0,6.0
2.87875150060024e-07,2.0,6.0
2.881152460984394e-07,2.0,6.0
2.8835534213685476e-07,2.0,7.0
2.885954381752701e-07,2.0,7.0
2.888355342136855e-07,2.0,7.0
2.8907563025210085e-07,2.0,8.0
2.893157262905162e-07,2.0,9.0
2.895558223289316e-07,2.0,10.0
2.8979591836734694e-07,2.0,10.0
2.900360144057623e-07,2.0,10.0
2.9027611044417767e-07,2.0,10.0
2.9051620648259304e-07,3.0,10.0
2.907563025210084e-07,2.0,10.0
2.9099639855942377e-07,2.0,10.0
2.9123649459783913e-07,1.0,10.0
2.914765906362545e-07,1.0,11.0
2.9171668667466986e-07,2.0,11.0
2.919567827130852e-07,2.0,12.0
2.921968787515006e-07,3.0,11.0
2.9243697478991595e-07,4.0,10.0
2.926770708283313e-07,4.0,10.0
2.929171668667467e-07,4.0,10.0
2.9315726290516205e-07,3.0,10.0
2.933973589435774e-07,3.0,9.0
2.936374549819928e-07,3.0,10.0
2.9387755102040814e-07,3.0,10.0
2.941176470588235e-07,3.0,11.0
2.9435774309723887e-07,2.0,12.0
2.9459783913565423e-07,2.0,12.0
2.948379351740696e-07,2.0,12.0
2.9507803121248496e-07,1.0,11.0
2.953181272509003e-07,2.0,11.0
2.955582232893157e-07,2.0,11.0
2.9579831932773106e-07,2.0,11.0
2.9603841536614647e-07,3.0,11.0
2.9627851140456184e-07,3.0,12.0
2.965186074429772e-07,4.0,12.0
2.9675870348139257e-07,4.0,12.0
2.9699879951980793e-07,4.0,12.0
2.972388955582233e-07,3.0,12.0
2.9747899159663866e-07,2.0,12.0
2.97719087635054e-07,2.0,12.0
2.979591836734694e-07,2.0,13.0
2.9819927971188475e-07,2.0,13.0
2.984393757503001e-07,3.0,13.0
2.986794717887155e-07,3.0,12.0
2.9891956782713085e-07,4.0,12.0
2.991596638655462e-07,4.0,12.0
2.993997599039616e-07,4.0,11.0
2.9963985594237694e-07,3.0,12.0
2.998799519807923e-07,3.0,12.0
3.0012004801920767e-07,3.0,12.0
3.0036014405762303e-07,3.0,13.0
3.006002400960384e-07,3.0,13.0
3.0084033613445376e-07,3.0,14.0
3.0108043217286913e-07,3.0,14.0
3.013205282112845e-07,3.0,13.0
3.0156062424969986e-07,3.0,13.0
3.018007202881152e-07,3.0,12.0
3.020408163265306e-07,4.0,12.0
3.0228091236494595e-07,4.0,12.0
3.025210084033613e-07,4.0,12.0
3.027611044417767e-07,3.0,13.0
3.0300120048019204e-07,3.0,13.0
3.032412965186074e-07,2.0,14.0
3.034813925570228e-07,2.0,15.0
3.037214885954382e-07,3.0,15.0
3.0396158463385355e-07,3.0,15.0
3.042016806722689e-07,4.0,14.0
3.044417767106843e-07,5.0,14.0
3.0468187274909965e-07,4.0,13.0
3.04921968787515e-07,4.0,13.0
3.051620648259304e-07,3.0,13.0
3.0540216086434574e-07,3.0,12.0
3.056422569027611e-07,3.0,13.0
3.0588235294117647e-07,3.0,13.0
3.0612244897959183e-07,3.0,13.0
3.063625450180072e-07,2.0,14.0
3.0660264105642256e-07,2.0,14.0
3.0684273709483793e-07,2.0,14.0
3.070828331332533e-07,2.0,13.0
3.0732292917166866e-07,2.0,13.0
3.07563025210084e-07,1.0,13.0
3.078031212484994e-07,1.0,13.0
3.0804321728691475e-07,0.0,13.0
3.082833133253301e-07,0.0,13.0
3.085234093637455e-07,1.0,13.0
3.0876350540216084e-07,1.0,13.0
3.090036014405762e-07,2.0,13.0
3.0924369747899157e-07,3.0,13.0
3.0948379351740694e-07,3.0,14.0
3.097238895558223e-07,3.0,14.0
3.0996398559423767e-07,3.0,14.0
3.1020408163265303e-07,3.0,14.0
3.104441776710684e-07,2.0,14.0
3.1068427370948376e-07,2.0,14.0
3.109243697478991e-07,2.0,14.0
3.111644657863145e-07,1.0,14.0
3.114045618247299e-07,2.0,14.0
3.1164465786314527e-07,2.0,14.0
3.1188475390156063e-07,2.0,15.0
3.12124849939976e-07,3.0,15.0
3.1236494597839136e-07,3.0,15.0
3.1260504201680673e-07,3.0,14.0
3.128451380552221e-07,3.0,14.0
3.1308523409363746e-07,3.0,14.0
3.133253301320528e-07,3.0,14.0
3.135654261704682e-07,2.0,14.0
3.1380552220888355e-07,2.0,13.0
3.140456182472989e-07,2.0,13.0
3.142857142857143e-07,2.0,13.0
3.1452581032412964e-07,3.0,12.0
3.14765906362545e-07,3.0,13.0
3.1500600240096037e-07,3.0,13.0
3.1524609843937574e-07,2.0,13.0
3.154861944777911e-07,2.0,14.0
3.1572629051620647e-07,2.0,14.0
3.1596638655462183e-07,2.0,14.0
3.162064825930372e-07,2.0,14.0
3.1644657863145256e-07,2.0,14.0
3.166866746698679e-07,2.0,14.0
3.169267707082833e-07,2.0,14.0
3.1716686674669865e-07,2.0,15.0
3.17406962785114e-07,2.0,15.0
3.176470588235294e-07,2.0,15.0
3.1788715486194475e-07,2.0,15.0
3.181272509003601e-07,3.0,15.0
3.183673469387755e-07,3.0,15.0
3.1860744297719084e-07,3.0,14.0
3.1884753901560626e-07,3.0,14.0
3.190876350540216e-07,3.0,14.0
3.19327731092437e-07,3.0,14.0
3.1956782713085235e-07,3.0,15.0
3.198079231692677e-07,3.0,15.0
3.200480192076831e-07,2.0,15.0
3.2028811524609844e-07,2.0,14.0
3.205282112845138e-07,2.0,14.0
3.2076830732292917e-07,1.0,14.0
3.2100840336134454e-07,1.0,14.0
3.212484993997599e-07,2.0,14.0
3.2148859543817527e-07,3.0,13.0
3.2172869147659063e-07,4.0,13.0
3.21968787515006e-07,3.0,13.0
3.2220888355342136e-07,3.0,12.0
3.224489795918367e-07,2.0,12.0
3.226890756302521e-07,2.0,12.0
3.2292917166866745e-07,2.0,13.0
3.231692677070828e-07,2.0,14.0
3.234093637454982e-07,2.0,14.0
3.2364945978391355e-07,3.0,14.0
3.238895558223289e-07,3.0,14.0
3.241296518607443e-07,3.0,14.0
3.2436974789915964e-07,3.0,15.0
3.24609843937575e-07,3.0,14.0
3.2484993997599037e-07,2.0,13.0
3.2509003601440573e-07,2.0,12.0
3.253301320528211e-07,2.0,12.0
3.2557022809123646e-07,2.0,12.0
3.2581032412965183e-07,2.0,12.0
3.260504201680672e-07,3.0,12.0
3.2629051620648256e-07,3.0,13.0
3.265306122448979e-07,3.0,13.0
3.2677070828331334e-07,3.0,13.0
3.270108043217287e-07,3.0,13.0
3.2725090036014407e-07,3.0,13.0
3.2749099639855943e-07,3.0,13.0
3.277310924369748e-07,3.0,13.0
3.2797118847539016e-07,2.0,13.0
3.282112845138055e-07,2.0,13.0
3.284513805522209e-07,2.0,13.0
3.2869147659063625e-07,2.0,13.0
3.289315726290516e-07,3.0,13.0
3.29171668667467e-07,3.0,13.0
3.2941176470588235e-07,3.0,12.0
3.296518607442977e-07,3.0,12.0
3.298919567827131e-07,3.0,12.0
3.3013205282112844e-07,3.0,12.0
3.303721488595438e-07,3.0,13.0
3.3061224489795917e-07,3.0,13.0
3.3085234093637453e-07,3.0,13.0
3.310924369747899e-07,3.0,12.0
3.3133253301320526e-07,4.0,12.0
3.3157262905162063e-07,4.0,12.0
3.31812725090036e-07,4.0,12.0
3.3205282112845136e-07,4.0,12.0
3.322929171668667e-07,4.0,11.0
3.325330132052821e-07,4.0,11.0
3.3277310924369745e-07,4.0,11.0
3.330132052821128e-07,4.0,11.0
3.332533013205282e-07,3.0,11.0
3.3349339735894354e-07,3.0,12.0
3.337334933973589e-07,3.0,12.0
3.3397358943577427e-07,3.0,12.0
3.342136854741897e-07,3.0,11.0
3.3445378151260505e-07,3.0,11.0
3.346938775510204e-07,3.0,11.0
3.349339735894358e-07,3.0,10.0
3.3517406962785115e-07,2.0,11.0
3.354141656662665e-07,2.0,11.0
3.356542617046819e-07,2.0,11.0
3.3589435774309724e-07,2.0,12.0
3.361344537815126e-07,2.0,12.0
3.3637454981992797e-07,2.0,12.0
3.3661464585834333e-07,2.0,11.0
3.368547418967587e-07,2.0,11.0
3.3709483793517406e-07,2.0,10.0
3.3733493397358943e-07,3.0,10.0
3.375750300120048e-07,3.0,10.0
3.3781512605042016e-07,4.0,10.0
3.380552220888355e-07,4.0,10.0
3.382953181272509e-07,3.0,10.0
3.3853541416566625e-07,3.0,10.0
3.387755102040816e-07,2.0,10.0
3.39015606242497e-07,2.0,10.0
3.3925570228091234e-07,2.0,10.0
3.394957983193277e-07,3.0,10.0
3.3973589435774307e-07,4.0,10.0
3.3997599039615844e-07,3.0,10.0
3.402160864345738e-07,3.0,10.0
3.4045618247298917e-07,3.0,10.0
3.4069627851140453e-07,3.0,10.0
3.409363745498199e-07,3.0,10.0
3.4117647058823526e-07,2.0,10.0
3.414165666266506e-07,2.0,9.0
3.41656662665066e-07,2.0,9.0
3.4189675870348135e-07,2.0,9.0
3.4213685474189677e-07,3.0,9.0
3.4237695078031214e-07,3.0,9.0
3.426170468187275e-07,3.0,9.0
3.4285714285714286e-07,3.0,9.0
3.4309723889555823e-07,3.0,9.0
3.433373349339736e-07,3.0,9.0
3.4357743097238896e-07,2.0,9.0
3.438175270108043e-07,2.0,9.0
3.440576230492197e-07,2.0,9.0
3.4429771908763505e-07,2.0,8.0
3.445378151260504e-07,3.0,8.0
3.447779111644658e-07,3.0,8.0
3.4501800720288114e-07,3.0,8.0
3.452581032412965e-07,2.0,8.0
3.454981992797119e-07,2.0,8.0
3.4573829531812724e-07,2.0,8.0
3.459783913565426e-07,1.0,8.0
3.4621848739495797e-07,2.0,8.0
3.4645858343337333e-07,2.0,8.0
3.466986794717887e-07,2.0,8.0
3.4693877551020406e-07,3.0,8.0
3.471788715486194e-07,3.0,8.0
3.474189675870348e-07,4.0,8.0
3.4765906362545015e-07,4.0,8.0
3.478991596638655e-07,3.0,8.0
3.481392557022809e-07,3.0,8.0
3.4837935174069625e-07,2.0,8.0
3.486194477791116e-07,2.0,8.0
3.48859543817527e-07,2.0,8.0
3.4909963985594234e-07,1.0,8.0
3.493397358943577e-07,2.0,8.0
3.495798319327731e-07,2.0,8.0
3.498199279711885e-07,3.0,7.0
3.5006002400960385e-07,2.0,7.0
3.503001200480192e-07,1.0,7.0
3.505402160864346e-07,1.0,6.0
3.5078031212484995e-07,0.0,7.0
3.510204081632653e-07,0.0,7.0
3.512605042016807e-07,1.0,7.0
3.5150060024009604e-07,1.0,8.0
3.517406962785114e-07,2.0,7.0
3.5198079231692677e-07,1.0,7.0
3.5222088835534213e-07,1.0,6.0
3.524609843937575e-07,1.0,6.0
3.5270108043217286e-07,0.0,6.0
3.529411764705882e-07,1.0,6.0
3.531812725090036e-07,1.0,7.0
3.5342136854741895e-07,1.0,6.0
3.536614645858343e-07,2.0,6.0
3.539015606242497e-07,2.0,6.0
3.5414165666266505e-07,2.0,6.0
3.543817527010804e-07,2.0,6.0
3.546218487394958e-07,2.0,6.0
3.5486194477791114e-07,2.0,6.0
3.551020408163265e-07,2.0,6.0
3.5534213685474187e-07,3.0,6.0
3.5558223289315723e-07,3.0,6.0
3.558223289315726e-07,3.0,6.0
3.5606242496998796e-07,2.0,6.0
3.5630252100840333e-07,2.0,6.0
3.565426170468187e-07,2.0,6.0
3.5678271308523406e-07,1.0,6.0
3.570228091236494e-07,2.0,5.0
3.572629051620648e-07,2.0,5.0
3.575030012004802e-07,2.0,4.0
3.5774309723889557e-07,3.0,4.0
3.5798319327731093e-07,2.0,4.0
3.582232893157263e-07,2.0,4.0
3.5846338535414166e-07,2.0,4.0
3.58703481392557e-07,2.0,3.0
3.589435774309724e-07,3.0,3.0
3.5918367346938776e-07,3.0,3.0
3.594237695078031e-07,3.0,3.0
3.596638655462185e-07,2.0,3.0
3.5990396158463385e-07,2.0,4.0
3.601440576230492e-07,2.0,5.0
3.603841536614646e-07,2.0,6.0
3.6062424969987994e-07,2.0,5.0
3.608643457382953e-07,3.0,5.0
3.6110444177671067e-07,3.0,4.0
3.6134453781512604e-07,4.0,4.0
3.615846338535414e-07,3.0,4.0
3.6182472989195676e-07,3.0,4.0
3.6206482593037213e-07,3.0,4.0
3.623049219687875e-07,3.0,5.0
3.6254501800720286e-07,3.0,5.0
3.627851140456182e-07,2.0,5.0
3.630252100840336e-07,2.0,5.0
3.6326530612244895e-07,2.0,5.0
3.635054021608643e-07,2.0,5.0
3.637454981992797e-07,2.0,5.0
3.6398559423769504e-07,2.0,5.0
3.642256902761104e-07,2.0,4.0
3.644657863145258e-07,2.0,4.0
3.6470588235294114e-07,2.0,3.0
3.6494597839135656e-07,3.0,3.0
3.651860744297719e-07,3.0,3.0
3.654261704681873e-07,3.0,2.0
3.6566626650660265e-07,3.0,3.0
3.65906362545018e-07,3.0,3.0
3.661464585834334e-07,3.0,3.0
3.6638655462184874e-07,3.0,4.0
3.666266506602641e-07,3.0,3.0
3.6686674669867947e-07,4.0,3.0
3.6710684273709484e-07,4.0,3.0
3.673469387755102e-07,4.0,3.0
3.6758703481392556e-07,3.0,3.0
3.6782713085234093e-07,2.0,3.0
3.680672268907563e-07,2.0,3.0
3.6830732292917166e-07,2.0,3.0
3.68547418967587e-07,3.0,3.0
3.687875150060024e-07,2.0,4.0
3.6902761104441775e-07,2.0,3.0
3.692677070828331e-07,1.0,3.0
3.695078031212485e-07,1.0,3.0
3.6974789915966385e-07,2.0,2.0
3.699879951980792e-07,2.0,3.0
3.702280912364946e-07,3.0,3.0
3.7046818727490994e-07,4.0,3.0
3.707082833133253e-07,4.0,4.0
3.7094837935174067e-07,4.0,4.0
3.7118847539015603e-07,3.0,5.0
3.714285714285714e-07,2.0,5.0
3.7166866746698676e-07,2.0,5.0
3.719087635054021e-07,2.0,5.0
3.721488595438175e-07,2.0,5.0
3.7238895558223285e-07,2.0,5.0
3.726290516206482e-07,2.0,4.0
3.7286914765906364e-07,2.0,4.0
3.73109243697479e-07,2.0,3.0
3.7334933973589437e-07,3.0,3.0
3.7358943577430973e-07,2.0,3.0
3.738295318127251e-07,2.0,3.0
3.7406962785114046e-07,2.0,3.0
3.743097238895558e-07,2.0,4.0
3.745498199279712e-07,3.0,4.0
3.7478991596638655e-07,2.0,4.0
3.750300120048019e-07,2.0,4.0
3.752701080432173e-07,2.0,4.0
3.7551020408163265e-07,2.0,3.0
3.75750300120048e-07,2.0,3.0
3.759903961584634e-07,2.0,3.0
3.7623049219687874e-07,2.0,2.0
3.764705882352941e-07,2.0,3.0
3.7671068427370947e-07,2.0,3.0
3.7695078031212483e-07,3.0,3.0
3.771908763505402e-07,3.0,4.0
3.7743097238895556e-07,3.0,3.0
3.776710684273709e-07,3.0,3.0
3.779111644657863e-07,3.0,3.0
3.7815126050420166e-07,3.0,2.0
3.78391356542617e-07,2.0,3.0
3.786314525810324e-07,2.0,3.0
3.7887154861944775e-07,2.0,3.0
3.791116446578631e-07,2.0,4.0
3.793517406962785e-07,3.0,4.0
3.7959183673469384e-07,3.0,4.0
3.798319327731092e-07,3.0,4.0
3.8007202881152457e-07,3.0,4.0
3.8031212484994e-07,3.0,4.0
3.8055222088835535e-07,3.0,4.0
3.807923169267707e-07,2.0,4.0
3.810324129651861e-07,2.0,4.0
3.8127250900360145e-07,2.0,4.0
3.815126050420168e-07,1.0,4.0
3.817527010804322e-07,2.0,4.0
3.8199279711884754e-07,2.0,4.0
3.822328931572629e-07,2.0,4.0
3.8247298919567827e-07,3.0,4.0
3.8271308523409363e-07,3.0,4.0
3.82953181272509e-07,3.0,4.0
3.8319327731092436e-07,3.0,4.0
3.8343337334933973e-07,3.0,4.0
3.836734693877551e-07,2.0,4.0
3.8391356542617046e-07,2.0,3.0
3.841536614645858e-07,2.0,3.0
3.843937575030012e-07,2.0,3.0
3.8463385354141655e-07,2.0,3.0
3.848739495798319e-07,3.0,3.0
3.851140456182473e-07,3.0,2.0
3.8535414165666264e-07,3.0,2.0
3.85594237695078e-07,3.0,2.0
3.8583433373349337e-07,3.0,2.0
3.8607442977190874e-07,3.0,2.0
3.863145258103241e-07,3.0,3.0
3.8655462184873946e-07,3.0,3.0
3.8679471788715483e-07,3.0,3.0
3.870348139255702e-07,3.0,3.0
3.8727490996398556e-07,2.0,3.0
3.875150060024009e-07,2.0,3.0
3.877551020408163e-07,2.0,3.0
3.8799519807923165e-07,2.0,3.0
3.8823529411764707e-07,2.0,3.0
3.8847539015606243e-07,2.0,3.0
3.887154861944778e-07,2.0,3.0
3.8895558223289316e-07,2.0,3.0
3.8919567827130853e-07,2.0,3.0
3.894357743097239e-07,2.0,3.0
3.8967587034813926e-07,2.0,3.0
3.899159663865546e-07,2.0,3.0
3.9015606242497e-07,3.0,3.0
3.9039615846338535e-07,3.0,3.0
3.906362545018007e-07,3.0,3.0
3.908763505402161e-07,3.0,3.0
3.9111644657863144e-07,3.0,3.0
3.913565426170468e-07,3.0,3.0
3.9159663865546217e-07,3.0,3.0
3.9183673469387754e-07,3.0,3.0
3.920768307322929e-07,3.0,3.0
3.9231692677070827e-07,3.0,2.0
3.9255702280912363e-07,3.0,2.0
3.92797118847539e-07,3.0,2.0
3.9303721488595436e-07,3.0,2.0
3.932773109243697e-07,2.0,2.0
3.935174069627851e-07,2.0,3.0
3.9375750300120045e-07,2.0,3.0
3.939975990396158e-07,2.0,3.0
3.942376950780312e-07,2.0,3.0
3.9447779111644655e-07,2.0,3.0
3.947178871548619e-07,2.0,3.0
3.949579831932773e-07,2.0,3.0
3.9519807923169264e-07,2.0,3.0
3.95438175270108e-07,2.0,3.0
3.956782713085234e-07,2.0,3.0
3.959183673469388e-07,2.0,4.0
3.9615846338535415e-07,2.0,4.0
3.963985594237695e-07,2.0,4.0
3.966386554621849e-07,2.0,3.0
3.9687875150060024e-07,1.0,3.0
3.971188475390156e-07,1.0,2.0
3.9735894357743097e-07,1.0,2.0
3.9759903961584634e-07,0.0,2.0
3.978391356542617e-07,0.0,2.0
3.9807923169267707e-07,1.0,2.0
3.9831932773109243e-07,2.0,3.0
3.985594237695078e-07,3.0,4.0
3.9879951980792316e-07,3.0,5.0
3.990396158463385e-07,3.0,4.0
3.992797118847539e-07,3.0,4.0
3.9951980792316925e-07,3.0,4.0
3.997599039615846e-07,3.0,4.0
4e-07,2.0,4.0
4.0024009603841535e-07,2.0,4.0
4.004801920768307e-07,2.0,4.0
4.007202881152461e-07,2.0,3.0
4.0096038415366144e-07,2.0,3.0
4.012004801920768e-07,2.0,3.0
4.0144057623049217e-07,2.0,3.0
4.0168067226890753e-07,2.0,3.0
4.019207683073229e-07,2.0,4.0
4.0216086434573826e-07,3.0,4.0
4.0240096038415363e-07,3.0,5.0
4.02641056422569e-07,3.0,4.0
4.0288115246098436e-07,3.0,4.0
4.031212484993997e-07,3.0,4.0
4.033613445378151e-07,3.0,4.0
4.036014405762305e-07,3.0,5.0
4.0384153661464587e-07,3.0,5.0
4.0408163265306123e-07,3.0,5.0
4.043217286914766e-07,3.0,5.0
4.0456182472989196e-07,3.0,5.0
4.048019207683073e-07,2.0,5.0
4.050420168067227e-07,2.0,5.0
4.0528211284513805e-07,2.0,5.0
4.055222088835534e-07,2.0,5.0
4.057623049219688e-07,2.0,5.0
4.0600240096038415e-07,2.0,5.0
4.062424969987995e-07,2.0,5.0
4.064825930372149e-07,2.0,5.0
4.0672268907563024e-07,2.0,5.0
4.069627851140456e-07,3.0,5.0
4.0720288115246097e-07,3.0,6.0
4.0744297719087633e-07,3.0,5.0
4.076830732292917e-07,2.0,5.0
4.0792316926770706e-07,2.0,4.0
4.0816326530612243e-07,2.0,4.0
4.084033613445378e-07,1.0,4.0
4.0864345738295316e-07,2.0,4.0
4.088835534213685e-07,2.0,4.0
4.091236494597839e-07,2.0,4.0
4.0936374549819925e-07,3.0,4.0
4.096038415366146e-07,2.0,4.0
4.0984393757503e-07,2.0,4.0
4.1008403361344534e-07,2.0,4.0
4.103241296518607e-07,2.0,5.0
4.1056422569027607e-07,3.0,5.0
4.1080432172869144e-07,3.0,6.0
4.1104441776710685e-07,3.0,5.0
4.112845138055222e-07,2.0,4.0
4.115246098439376e-07,2.0,3.0
4.1176470588235295e-07,2.0,3.0
4.120048019207683e-07,2.0,4.0
4.122448979591837e-07,2.0,4.0
4.1248499399759904e-07,2.0,4.0
4.127250900360144e-07,2.0,5.0
4.1296518607442977e-07,2.0,5.0
4.1320528211284513e-07,1.0,5.0
4.134453781512605e-07,1.0,5.0
4.1368547418967586e-07,1.0,5.0
4.1392557022809123e-07,1.0,5.0
4.141656662665066e-07,2.0,5.0
4.1440576230492196e-07,2.0,5.0
4.146458583433373e-07,2.0,5.0
4.148859543817527e-07,3.0,5.0
4.1512605042016805e-07,3.0,6.0
4.153661464585834e-07,3.0,6.0
4.156062424969988e-07,2.0,6.0
4.1584633853541414e-07,2.0,5.0
4.160864345738295e-07,2.0,5.0
4.1632653061224487e-07,2.0,4.0
4.1656662665066024e-07,3.0,4.0
4.168067226890756e-07,2.0,4.0
4.1704681872749097e-07,2.0,4.0
4.1728691476590633e-07,2.0,4.0
4.175270108043217e-07,1.0,5.0
4.1776710684273706e-07,2.0,5.0
4.180072028811524e-07,2.0,6.0
4.182472989195678e-07,2.0,5.0
4.1848739495798315e-07,3.0,5.0
4.187274909963985e-07,3.0,5.0
4.1896758703481393e-07,3.0,5.0
4.192076830732293e-07,2.0,6.0
4.1944777911164466e-07,2.0,6.0
4.1968787515006003e-07,1.0,6.0
4.199279711884754e-07,1.0,5.0
4.2016806722689076e-07,2.0,4.0
4.204081632653061e-07,2.0,4.0
4.206482593037215e-07,3.0,3.0
4.2088835534213685e-07,4.0,3.0
4.211284513805522e-07,4.0,4.0
4.213685474189676e-07,5.0,5.0
4.2160864345738294e-07,4.0,6.0
4.218487394957983e-07,4.0,6.0
4.2208883553421367e-07,3.0,6.0
4.2232893157262904e-07,3.0,6.0
4.225690276110444e-07,3.0,6.0
4.2280912364945977e-07,3.0,6.0
4.2304921968787513e-07,3.0,6.0
4.232893157262905e-07,3.0,6.0
4.2352941176470586e-07,3.0,6.0
4.237695078031212e-07,3.0,6.0
4.240096038415366e-07,3.0,6.0
4.2424969987995195e-07,3.0,6.0
4.244897959183673e-07,2.0,6.0
4.247298919567827e-07,2.0,6.0
4.2496998799519805e-07,2.0,6.0
4.252100840336134e-07,1.0,7.0
4.254501800720288e-07,2.0,6.0
4.2569027611044414e-07,2.0,6.0
4.259303721488595e-07,2.0,5.0
4.2617046818727487e-07,3.0,5.0
4.264105642256903e-07,2.0,5.0
4.2665066026410565e-07,2.0,4.0
4.26890756302521e-07,2.0,4.0
4.271308523409364e-07,3.0,4.0
4.2737094837935174e-07,4.0,3.0
4.276110444177671e-07,3.0,4.0
4.278511404561825e-07,3.0,4.0
4.2809123649459784e-07,2.0,4.0
4.283313325330132e-07,2.0,5.0
4.2857142857142857e-07,2.0,5.0
4.2881152460984393e-07,2.0,5.0
4.290516206482593e-07,2.0,5.0
4.2929171668667466e-07,3.0,5.0
4.2953181272509e-07,3.0,6.0
4.297719087635054e-07,4.0,6.0
4.3001200480192075e-07,3.0,6.0
4.302521008403361e-07,3.0,6.0
4.304921968787515e-07,2.0,6.0
4.3073229291716685e-07,2.0,7.0
4.309723889555822e-07,2.0,7.0
4.312124849939976e-07,2.0,7.0
4.3145258103241294e-07,2.0,7.0
4.316926770708283e-07,3.0,7.0
4.3193277310924367e-07,3.0,6.0
4.3217286914765903e-07,3.0,6.0
4.324129651860744e-07,2.0,6.0
4.3265306122448976e-07,2.0,5.0
4.3289315726290513e-07,2.0,5.0
4.331332533013205e-07,2.0,5.0
4.3337334933973586e-07,3.0,5.0
4.336134453781512e-07,2.0,5.0
4.338535414165666e-07,2.0,5.0
4.3409363745498195e-07,2.0,5.0
4.3433373349339737e-07,2.0,5.0
4.3457382953181273e-07,2.0,5.0
4.348139255702281e-07,2.0,5.0
4.3505402160864346e-07,2.0,5.0
4.352941176470588e-07,2.0,5.0
4.355342136854742e-07,2.0,6.0
4.3577430972388955e-07,3.0,6.0
4.360144057623049e-07,3.0,6.0
4.362545018007203e-07,3.0,6.0
4.3649459783913565e-07,3.0,6.0
4.36734693877551e-07,3.0,6.0
4.369747899159664e-07,4.0,6.0
4.3721488595438174e-07,3.0,6.0
4.374549819927971e-07,3.0,6.0
4.3769507803121247e-07,3.0,6.0
4.3793517406962783e-07,3.0,6.0
4.381752701080432e-07,3.0,6.0
4.3841536614645856e-07,3.0,6.0
4.3865546218487393e-07,3.0,5.0
4.388955582232893e-07,2.0,5.0
4.3913565426170466e-07,2.0,5.0
4.3937575030012e-07,2.0,5.0
4.396158463385354e-07,1.0,5.0
4.3985594237695075e-07,2.0,5.0
4.400960384153661e-07,2.0,5.0
4.403361344537815e-07,2.0,5.0
4.4057623049219684e-07,3.0,5.0
4.408163265306122e-07,3.0,6.0
4.4105642256902757e-07,4.0,6.0
4.4129651860744294e-07,4.0,6.0
4.415366146458583e-07,3.0,6.0
4.417767106842737e-07,3.0,6.0
4.420168067226891e-07,2.0,6.0
4.4225690276110445e-07,2.0,6.0
4.424969987995198e-07,2.0,6.0
4.427370948379352e-07,2.0,6.0
4.4297719087635054e-07,3.0,6.0
4.432172869147659e-07,2.0,6.0
4.4345738295318127e-07,2.0,6.0
4.4369747899159664e-07,2.0,6.0
4.43937575030012e-07,2.0,6.0
4.4417767106842736e-07,3.0,6.0
4.4441776710684273e-07,3.0,6.0
4.446578631452581e-07,3.0,6.0
4.4489795918367346e-07,3.0,6.0
4.451380552220888e-07,3.0,6.0
4.453781512605042e-07,3.0,6.0
4.4561824729891955e-07,3.0,6.0
4.458583433373349e-07,3.0,6.0
4.460984393757503e-07,3.0,6.0
4.4633853541416564e-07,3.0,7.0
4.46578631452581e-07,3.0,7.0
4.468187274909964e-07,3.0,8.0
4.4705882352941174e-07,3.0,7.0
4.472989195678271e-07,3.0,7.0
4.4753901560624247e-07,3.0,7.0
4.4777911164465783e-07,4.0,7.0
4.480192076830732e-07,3.0,7.0
4.4825930372148856e-07,3.0,6.0
4.484993997599039e-07,3.0,6.0
4.487394957983193e-07,2.0,6.0
4.4897959183673465e-07,3.0,6.0
4.4921968787515e-07,3.0,6.0
4.494597839135654e-07,3.0,6.0
4.496998799519808e-07,4.0,6.0
4.4993997599039616e-07,4.0,5.0
4.5018007202881153e-07,4.0,5.0
4.504201680672269e-07,3.0,5.0
4.5066026410564226e-07,3.0,5.0
4.509003601440576e-07,2.0,5.0
4.51140456182473e-07,2.0,5.0
4.5138055222088835e-07,2.0,5.0
4.516206482593037e-07,2.0,5.0
4.518607442977191e-07,2.0,5.0
4.5210084033613445e-07,2.0,5.0
4.523409363745498e-07,2.0,5.0
4.525810324129652e-07,2.0,5.0
4.5282112845138054e-07,1.0,5.0
4.530612244897959e-07,2.0,5.0
4.5330132052821127e-07,2.0,5.0
4.5354141656662663e-07,2.0,5.0
4.53781512605042e-07,3.0,5.0
4.5402160864345736e-07,2.0,5.0
4.542617046818727e-07,2.0,4.0
4.545018007202881e-07,2.0,5.0
4.5474189675870345e-07,1.0,5.0
4.549819927971188e-07,2.0,5.0
4.552220888355342e-07,2.0,6.0
4.5546218487394955e-07,2.0,6.0
4.557022809123649e-07,3.0,6.0
4.559423769507803e-07,3.0,7.0
4.5618247298919564e-07,3.0,7.0
4.56422569027611e-07,3.0,7.0
4.5666266506602637e-07,3.0,6.0
4.5690276110444173e-07,3.0,5.0
4.5714285714285715e-07,3.0,5.0
4.573829531812725e-07,3.0,5.0
4.576230492196879e-07,3.0,6.0
4.5786314525810325e-07,3.0,6.0
4.581032412965186e-07,3.0,6.0
4.58343337334934e-07,3.0,6.0
4.5858343337334934e-07,3.0,6.0
4.588235294117647e-07,3.0,6.0
4.5906362545018007e-07,3.0,6.0
4.5930372148859543e-07,2.0,6.0
4.595438175270108e-07,2.0,6.0
4.5978391356542616e-07,2.0,6.0
4.600240096038415e-07,2.0,7.0
4.602641056422569e-07,2.0,6.0
4.6050420168067226e-07,2.0,6.0
4.607442977190876e-07,2.0,6.0
4.60984393757503e-07,2.0,6.0
4.6122448979591835e-07,2.0,6.0
4.614645858343337e-07,2.0,5.0
4.617046818727491e-07,2.0,5.0
4.6194477791116444e-07,2.0,5.0
4.621848739495798e-07,2.0,5.0
4.6242496998799517e-07,2.0,6.0
4.6266506602641054e-07,2.0,6.0
4.629051620648259e-07,2.0,6.0
4.6314525810324126e-07,2.0,5.0
4.6338535414165663e-07,2.0,5.0
4.63625450180072e-07,1.0,5.0
4.6386554621848736e-07,2.0,4.0
4.641056422569027e-07,2.0,4.0
4.643457382953181e-07,2.0,4.0
4.6458583433373345e-07,3.0,5.0
4.648259303721488e-07,3.0,6.0
4.6506602641056423e-07,3.0,6.0
4.653061224489796e-07,3.0,6.0
4.6554621848739496e-07,3.0,5.0
4.6578631452581033e-07,3.0,5.0
4.660264105642257e-07,3.0,5.0
4.6626650660264106e-07,3.0,5.0
4.665066026410564e-07,2.0,5.0
4.667466986794718e-07,2.0,5.0
4.6698679471788715e-07,2.0,5.0
4.672268907563025e-07,1.0,5.0
4.674669867947179e-07,2.0,5.0
4.6770708283313324e-07,2.0,5.0
4.679471788715486e-07,2.0,5.0
4.6818727490996397e-07,3.0,5.0
4.6842737094837934e-07,3.0,5.0
4.686674669867947e-07,3.0,4.0
4.6890756302521007e-07,2.0,4.0
4.6914765906362543e-07,2.0,4.0
4.693877551020408e-07,2.0,4.0
4.6962785114045616e-07,1.0,5.0
4.698679471788715e-07,2.0,5.0
4.701080432172869e-07,2.0,6.0
4.7034813925570225e-07,2.0,5.0
4.705882352941176e-07,3.0,4.0
4.70828331332533e-07,2.0,4.0
4.7106842737094835e-07,2.0,3.0
4.713085234093637e-07,2.0,3.0
4.715486194477791e-07,2.0,4.0
4.7178871548619444e-07,3.0,4.0
4.720288115246098e-07,3.0,5.0
4.7226890756302517e-07,3.0,4.0
4.725090036014406e-07,2.0,4.0
4.7274909963985595e-07,2.0,4.0
4.729891956782713e-07,2.0,3.0
4.732292917166867e-07,2.0,4.0
4.7346938775510204e-07,2.0,4.0
4.737094837935174e-07,2.0,4.0
4.7394957983193277e-07,2.0,5.0
4.7418967587034814e-07,2.0,5.0
4.744297719087635e-07,2.0,5.0
4.7466986794717887e-07,2.0,5.0
4.7490996398559423e-07,3.0,5.0
4.751500600240096e-07,3.0,6.0
4.7539015606242496e-07,3.0,5.0
4.756302521008403e-07,2.0,5.0
4.758703481392557e-07,2.0,4.0
4.7611044417767105e-07,2.0,4.0
4.763505402160864e-07,2.0,4.0
4.765906362545018e-07,3.0,4.0
4.7683073229291715e-07,3.0,5.0
4.770708283313325e-07,3.0,5.0
4.773109243697479e-07,4.0,5.0
4.775510204081632e-07,4.0,4.0
4.777911164465786e-07,4.0,4.0
4.78031212484994e-07,3.0,4.0
4.782713085234093e-07,3.0,4.0
4.785114045618247e-07,3.0,4.0
4.787515006002401e-07,3.0,5.0
4.789915966386554e-07,4.0,5.0
4.792316926770708e-07,3.0,5.0
4.794717887154862e-07,3.0,4.0
4.797118847539015e-07,2.0,4.0
4.799519807923169e-07,2.0,3.0
4.801920768307322e-07,2.0,3.0
4.804321728691476e-07,2.0,3.0
4.80672268907563e-07,2.0,2.0
4.809123649459783e-07,3.0,2.0
4.811524609843937e-07,3.0,3.0
4.813925570228091e-07,3.0,4.0
4.816326530612244e-07,2.0,5.0
4.818727490996398e-07,2.0,4.0
4.821128451380552e-07,2.0,4.0
4.823529411764705e-07,1.0,4.0
4.825930372148859e-07,2.0,3.0
4.828331332533013e-07,2.0,4.0
4.830732292917166e-07,2.0,4.0
4.83313325330132e-07,3.0,4.0
4.835534213685474e-07,3.0,4.0
4.837935174069627e-07,3.0,4.0
4.840336134453782e-07,2.0,4.0
4.842737094837936e-07,2.0,4.0
4.845138055222089e-07,2.0,4.0
4.847539015606243e-07,2.0,5.0
4.849939975990396e-07,3.0,5.0
4.85234093637455e-07,3.0,6.0
4.854741896758704e-07,3.0,5.0
4.857142857142857e-07,2.0,5.0
4.859543817527011e-07,2.0,4.0
4.861944777911165e-07,2.0,4.0
4.864345738295318e-07,2.0,4.0
4.866746698679472e-07,2.0,4.0
4.869147659063626e-07,3.0,4.0
4.871548619447779e-07,3.0,3.0
4.873949579831933e-07,3.0,3.0
4.876350540216087e-07,2.0,3.0
4.87875150060024e-07,2.0,2.0
4.881152460984394e-07,1.0,2.0
4.883553421368547e-07,1.0,2.0
4.885954381752701e-07,2.0,2.0
4.888355342136855e-07,2.0,3.0
4.890756302521008e-07,3.0,3.0
4.893157262905162e-07,4.0,3.0
4.895558223289316e-07,3.0,4.0
4.897959183673469e-07,3.0,4.0
4.900360144057623e-07,2.0,5.0
4.902761104441777e-07,2.0,5.0
4.90516206482593e-07,2.0,5.0
4.907563025210084e-07,2.0,5.0
4.909963985594238e-07,3.0,5.0
4.912364945978391e-07,3.0,5.0
4.914765906362545e-07,3.0,4.0
4.917166866746698e-07,2.0,4.0
4.919567827130852e-07,1.0,4.0
4.921968787515006e-07,1.0,4.0
4.924369747899159e-07,0.0,4.0
4.926770708283313e-07,0.0,4.0
4.929171668667467e-07,1.0,4.0
4.93157262905162e-07,2.0,4.0
4.933973589435774e-07,3.0,4.0
4.936374549819928e-07,3.0,4.0
4.938775510204081e-07,3.0,4.0
4.941176470588235e-07,3.0,4.0
4.943577430972389e-07,3.0,4.0
4.945978391356542e-07,3.0,4.0
4.948379351740696e-07,3.0,5.0
4.95078031212485e-07,3.0,5.0
4.953181272509003e-07,3.0,5.0
4.955582232893157e-07,3.0,6.0
4.95798319327731e-07,3.0,6.0
4.960384153661464e-07,2.0,7.0
4.962785114045618e-07,2.0,6.0
4.965186074429771e-07,2.0,5.0
4.967587034813925e-07,2.0,4.0
4.969987995198079e-07,3.0,3.0
4.972388955582232e-07,2.0,3.0
4.974789915966386e-07,2.0,3.0
4.97719087635054e-07,2.0,3.0
4.979591836734693e-07,1.0,4.0
4.981992797118847e-07,2.0,4.0
4.984393757503001e-07,2.0,4.0
4.986794717887154e-07,2.0,4.0
4.989195678271308e-07,2.0,4.0
4.991596638655461e-07,2.0,4.0
4.993997599039615e-07,2.0,4.0
4.99639855942377e-07,2.0,4.0
4.998799519807923e-07,2.0,4.0
5.001200480192077e-07,2.0,4.0
5.003601440576231e-07,2.0,5.0
5.006002400960384e-07,2.0,5.0
5.008403361344538e-07,2.0,5.0
5.010804321728692e-07,2.0,4.0
5.013205282112845e-07,2.0,4.0
5.015606242496999e-07,2.0,4.0
5.018007202881153e-07,2.0,4.0
5.020408163265306e-07,2.0,5.0
5.02280912364946e-07,2.0,5.0
5.025210084033614e-07,3.0,5.0
5.027611044417767e-07,3.0,4.0
5.030012004801921e-07,3.0,4.0
5.032412965186075e-07,3.0,4.0
5.034813925570228e-07,3.0,4.0
5.037214885954382e-07,2.0,4.0
5.039615846338535e-07,2.0,4.0
5.042016806722689e-07,2.0,4.0
5.044417767106843e-07,2.0,4.0
5.046818727490996e-07,2.0,4.0
5.04921968787515e-07,2.0,4.0
5.051620648259304e-07,2.0,4.0
5.054021608643457e-07,2.0,4.0
5.056422569027611e-07,2.0,4.0
5.058823529411765e-07,2.0,4.0
5.061224489795918e-07,3.0,4.0
5.063625450180072e-07,3.0,4.0
5.066026410564226e-07,3.0,4.0
5.068427370948379e-07,3.0,4.0
5.070828331332533e-07,3.0,4.0
5.073229291716686e-07,3.0,4.0
5.07563025210084e-07,3.0,4.0
5.078031212484994e-07,4.0,4.0
5.080432172869147e-07,3.0,4.0
5.082833133253301e-07,3.0,4.0
5.085234093637455e-07,2.0,4.0
5.087635054021608e-07,2.0,4.0
5.090036014405762e-07,2.0,4.0
5.092436974789916e-07,2.0,5.0
5.094837935174069e-07,2.0,5.0
5.097238895558223e-07,3.0,6.0
5.099639855942377e-07,3.0,5.0
5.10204081632653e-07,3.0,5.0
5.104441776710684e-07,2.0,5.0
5.106842737094837e-07,2.0,5.0
5.109243697478991e-07,2.0,5.0
5.111644657863145e-07,2.0,4.0
5.114045618247298e-07,3.0,4.0
5.116446578631452e-07,2.0,4.0
5.118847539015606e-07,2.0,4.0
5.121248499399759e-07,2.0,4.0
5.123649459783913e-07,2.0,4.0
5.126050420168067e-07,2.0,4.0
5.12845138055222e-07,1.0,4.0
5.130852340936374e-07,1.0,3.0
5.133253301320528e-07,0.0,4.0
5.135654261704681e-07,0.0,4.0
5.138055222088835e-07,1.0,4.0
5.140456182472989e-07,1.0,5.0
5.142857142857142e-07,2.0,5.0
5.145258103241296e-07,3.0,5.0
5.14765906362545e-07,3.0,5.0
5.150060024009604e-07,3.0,5.0
5.152460984393758e-07,3.0,5.0
5.154861944777911e-07,3.0,4.0
5.157262905162065e-07,2.0,4.0
5.159663865546219e-07,2.0,3.0
5.162064825930372e-07,2.0,3.0
5.164465786314526e-07,2.0,3.0
5.16686674669868e-07,2.0,3.0
5.169267707082833e-07,3.0,4.0
5.171668667466987e-07,3.0,5.0
5.174069627851141e-07,3.0,5.0
5.176470588235294e-07,3.0,5.0
5.178871548619448e-07,3.0,5.0
5.181272509003602e-07,3.0,5.0
5.183673469387755e-07,3.0,4.0
5.186074429771909e-07,3.0,4.0
5.188475390156062e-07,3.0,4.0
5.190876350540216e-07,3.0,4.0
5.19327731092437e-07,3.0,4.0
5.195678271308523e-07,3.0,3.0
5.198079231692677e-07,3.0,3.0
5.200480192076831e-07,3.0,3.0
5.202881152460984e-07,3.0,3.0
5.205282112845138e-07,3.0,3.0
5.207683073229292e-07,3.0,4.0
5.210084033613445e-07,3.0,4.0
5.212484993997599e-07,3.0,4.0
5.214885954381753e-07,3.0,3.0
5.217286914765906e-07,3.0,3.0
5.21968787515006e-07,3.0,3.0
5.222088835534214e-07,3.0,3.0
5.224489795918367e-07,3.0,4.0
5.226890756302521e-07,3.0,3.0
5.229291716686674e-07,3.0,3.0
5.231692677070828e-07,3.0,3.0
5.234093637454982e-07,3.0,3.0
5.236494597839135e-07,3.0,3.0
5.238895558223289e-07,3.0,3.0
5.241296518607443e-07,3.0,3.0
5.243697478991596e-07,3.0,3.0
5.24609843937575e-07,3.0,3.0
5.248499399759904e-07,3.0,4.0
5.250900360144057e-07,3.0,4.0
5.253301320528211e-07,3.0,4.0
5.255702280912365e-07,3.0,4.0
5.258103241296518e-07,4.0,4.0
5.260504201680672e-07,4.0,4.0
5.262905162064825e-07,4.0,4.0
5.265306122448979e-07,3.0,4.0
5.267707082833133e-07,2.0,5.0
5.270108043217286e-07,2.0,5.0
5.27250900360144e-07,2.0,5.0
5.274909963985594e-07,2.0,5.0
5.277310924369747e-07,3.0,5.0
5.279711884753901e-07,3.0,4.0
5.282112845138055e-07,4.0,3.0
5.284513805522208e-07,3.0,3.0
5.286914765906362e-07,2.0,3.0
5.289315726290516e-07,2.0,3.0
5.291716686674669e-07,2.0,4.0
5.294117647058823e-07,3.0,4.0
5.296518607442976e-07,2.0,5.0
5.29891956782713e-07,2.0,4.0
5.301320528211284e-07,2.0,4.0
5.303721488595438e-07,1.0,4.0
5.306122448979592e-07,2.0,3.0
5.308523409363746e-07,2.0,4.0
5.310924369747899e-07,2.0,4.0
5.313325330132053e-07,3.0,4.0
5.315726290516207e-07,3.0,5.0
5.31812725090036e-07,3.0,5.0
5.320528211284514e-07,2.0,5.0
5.322929171668668e-07,2.0,5.0
5.325330132052821e-07,2.0,5.0
5.327731092436975e-07,1.0,5.0
5.330132052821129e-07,2.0,5.0
5.332533013205282e-07,2.0,5.0
5.334933973589436e-07,2.0,5.0
5.33733493397359e-07,3.0,5.0
5.339735894357743e-07,3.0,5.0
5.342136854741897e-07,3.0,5.0
5.34453781512605e-07,2.0,5.0
5.346938775510204e-07,2.0,5.0
5.349339735894358e-07,2.0,5.0
5.351740696278511e-07,2.0,5.0
5.354141656662665e-07,2.0,5.0
5.356542617046819e-07,2.0,5.0
5.358943577430972e-07,2.0,4.0
5.361344537815126e-07,2.0,4.0
5.36374549819928e-07,2.0,4.0
5.366146458583433e-07,2.0,4.0
5.368547418967587e-07,1.0,4.0
5.370948379351741e-07,1.0,3.0
5.373349339735894e-07,1.0,3.0
5.375750300120048e-07,0.0,3.0
5.378151260504201e-07,1.0,3.0
5.380552220888355e-07,1.0,3.0
5.382953181272509e-07,1.0,3.0
5.385354141656662e-07,2.0,3.0
5.387755102040816e-07,2.0,3.0
5.39015606242497e-07,2.0,3.0
5.392557022809123e-07,2.0,4.0
5.394957983193277e-07,2.0,4.0
5.397358943577431e-07,2.0,4.0
5.399759903961584e-07,2.0,4.0
5.402160864345738e-07,2.0,4.0
5.404561824729892e-07,2.0,4.0
5.406962785114045e-07,2.0,4.0
5.409363745498199e-07,2.0,4.0
5.411764705882353e-07,2.0,4.0
5.414165666266506e-07,2.0,4.0
5.41656662665066e-07,2.0,4.0
5.418967587034813e-07,2.0,4.0
5.421368547418967e-07,2.0,4.0
5.423769507803121e-07,2.0,4.0
5.426170468187274e-07,2.0,4.0
5.428571428571428e-07,1.0,5.0
5.430972388955582e-07,2.0,5.0
5.433373349339735e-07,2.0,5.0
5.435774309723889e-07,3.0,5.0
5.438175270108043e-07,4.0,5.0
5.440576230492196e-07,4.0,6.0
5.44297719087635e-07,4.0,6.0
5.445378151260504e-07,4.0,6.0
5.447779111644657e-07,4.0,5.0
5.450180072028811e-07,4.0,5.0
5.452581032412964e-07,3.0,5.0
5.454981992797119e-07,3.0,4.0
5.457382953181273e-07,3.0,4.0
5.459783913565426e-07,3.0,4.0
5.46218487394958e-07,4.0,4.0
5.464585834333734e-07,4.0,5.0
5.466986794717887e-07,4.0,5.0
5.469387755102041e-07,3.0,5.0
5.471788715486195e-07,3.0,5.0
5.474189675870348e-07,3.0,5.0
5.476590636254502e-07,2.0,5.0
5.478991596638656e-07,2.0,5.0
5.481392557022809e-07,1.0,5.0
5.483793517406963e-07,1.0,4.0
5.486194477791117e-07,1.0,4.0
5.48859543817527e-07,1.0,4.0
5.490996398559424e-07,1.0,3.0
5.493397358943577e-07,1.0,4.0
5.495798319327731e-07,1.0,4.0
5.498199279711885e-07,1.0,4.0
5.500600240096038e-07,1.0,5.0
5.503001200480192e-07,1.0,5.0
5.505402160864346e-07,2.0,5.0
5.507803121248499e-07,2.0,5.0
5.510204081632653e-07,3.0,5.0
5.512605042016807e-07,2.0,6.0
5.51500600240096e-07,2.0,5.0
5.517406962785114e-07,2.0,5.0
5.519807923169268e-07,2.0,5.0
5.522208883553421e-07,3.0,5.0
5.524609843937575e-07,3.0,5.0
5.527010804321729e-07,3.0,5.0
5.529411764705882e-07,3.0,5.0
5.531812725090036e-07,3.0,5.0
5.534213685474189e-07,3.0,5.0
5.536614645858343e-07,3.0,5.0
5.539015606242497e-07,3.0,5.0
5.54141656662665e-07,2.0,5.0
5.543817527010804e-07,2.0,6.0
5.546218487394958e-07,2.0,6.0
5.548619447779111e-07,1.0,6.0
5.551020408163265e-07,2.0,5.0
5.553421368547419e-07,2.0,5.0
5.555822328931572e-07,2.0,5.0
5.558223289315726e-07,3.0,5.0
5.56062424969988e-07,2.0,6.0
5.563025210084033e-07,2.0,5.0
5.565426170468187e-07,2.0,5.0
5.56782713085234e-07,1.0,4.0
5.570228091236494e-07,2.0,4.0
5.572629051620648e-07,2.0,4.0
5.575030012004801e-07,2.0,4.0
5.577430972388955e-07,2.0,4.0
5.579831932773109e-07,2.0,4.0
5.582232893157262e-07,2.0,4.0
5.584633853541416e-07,2.0,4.0
5.58703481392557e-07,2.0,4.0
5.589435774309723e-07,1.0,4.0
5.591836734693877e-07,1.0,4.0
5.594237695078031e-07,1.0,4.0
5.596638655462184e-07,0.0,4.0
5.599039615846338e-07,1.0,3.0
5.601440576230492e-07,1.0,3.0
5.603841536614645e-07,1.0,3.0
5.606242496998799e-07,2.0,2.0
5.608643457382952e-07,2.0,3.0
5.611044417767107e-07,2.0,3.0
5.613445378151261e-07,2.0,3.0
5.615846338535414e-07,2.0,4.0
5.618247298919568e-07,3.0,4.0
5.620648259303722e-07,2.0,5.0
5.623049219687875e-07,2.0,4.0
5.625450180072029e-07,2.0,4.0
5.627851140456183e-07,2.0,4.0
5.630252100840336e-07,3.0,3.0
5.63265306122449e-07,3.0,4.0
5.635054021608644e-07,3.0,4.0
5.637454981992797e-07,3.0,4.0
5.639855942376951e-07,3.0,5.0
5.642256902761105e-07,3.0,5.0
5.644657863145258e-07,3.0,5.0
5.647058823529412e-07,3.0,5.0
5.649459783913565e-07,2.0,5.0
5.651860744297719e-07,2.0,6.0
5.654261704681873e-07,2.0,6.0
5.656662665066026e-07,2.0,6.0
5.65906362545018e-07,2.0,5.0
5.661464585834334e-07,2.0,5.0
5.663865546218487e-07,2.0,4.0
5.666266506602641e-07,2.0,4.0
5.668667466986795e-07,2.0,4.0
5.671068427370948e-07,2.0,3.0
5.673469387755102e-07,3.0,3.0
5.675870348139256e-07,3.0,3.0
5.678271308523409e-07,3.0,3.0
5.680672268907563e-07,3.0,4.0
5.683073229291716e-07,3.0,4.0
5.68547418967587e-07,3.0,4.0
5.687875150060024e-07,3.0,5.0
5.690276110444177e-07,4.0,5.0
5.692677070828331e-07,4.0,5.0
5.695078031212485e-07,4.0,4.0
5.697478991596638e-07,3.0,4.0
5.699879951980792e-07,3.0,4.0
5.702280912364946e-07,3.0,3.0
5.704681872749099e-07,3.0,4.0
5.707082833133253e-07,3.0,4.0
5.709483793517407e-07,3.0,4.0
5.71188475390156e-07,3.0,5.0
5.714285714285714e-07,3.0,5.0
5.716686674669868e-07,3.0,6.0
5.719087635054021e-07,3.0,6.0
5.721488595438175e-07,3.0,6.0
5.723889555822328e-07,3.0,6.0
5.726290516206482e-07,3.0,6.0
5.728691476590636e-07,3.0,6.0
5.731092436974789e-07,3.0,6.0
5.733493397358943e-07,2.0,6.0
5.735894357743097e-07,2.0,5.0
5.73829531812725e-07,2.0,5.0
5.740696278511404e-07,2.0,5.0
5.743097238895558e-07,2.0,5.0
5.745498199279711e-07,3.0,5.0
5.747899159663865e-07,3.0,5.0
5.750300120048019e-07,3.0,5.0
5.752701080432172e-07,2.0,5.0
5.755102040816326e-07,2.0,5.0
5.75750300120048e-07,2.0,5.0
5.759903961584633e-07,1.0,5.0
5.762304921968788e-07,2.0,5.0
5.764705882352941e-07,2.0,5.0
5.767106842737095e-07,2.0,4.0
5.769507803121249e-07,3.0,4.0
5.771908763505402e-07,3.0,4.0
5.774309723889556e-07,4.0,4.0
5.77671068427371e-07,3.0,4.0
5.779111644657863e-07,3.0,3.0
5.781512605042017e-07,3.0,3.0
5.783913565426171e-07,3.0,3.0
5.786314525810324e-07,3.0,3.0
5.788715486194478e-07,2.0,4.0
5.791116446578632e-07,2.0,3.0
5.793517406962785e-07,2.0,3.0
5.795918367346939e-07,2.0,3.0
5.798319327731093e-07,2.0,4.0
5.800720288115246e-07,2.0,5.0
5.8031212484994e-07,2.0,5.0
5.805522208883553e-07,2.0,6.0
5.807923169267707e-07,2.0,5.0
5.810324129651861e-07,2.0,5.0
5.812725090036014e-07,2.0,5.0
5.815126050420168e-07,2.0,5.0
5.817527010804322e-07,2.0,5.0
5.819927971188475e-07,2.0,6.0
5.822328931572629e-07,2.0,5.0
5.824729891956783e-07,2.0,5.0
5.827130852340936e-07,2.0,4.0
5.82953181272509e-07,3.0,4.0
5.831932773109244e-07,3.0,3.0
5.834333733493397e-07,3.0,3.0
5.836734693877551e-07,2.0,3.0
5.839135654261704e-07,2.0,3.0
5.841536614645858e-07,2.0,4.0
5.843937575030012e-07,2.0,5.0
5.846338535414165e-07,3.0,5.0
5.848739495798319e-07,3.0,6.0
5.851140456182473e-07,4.0,6.0
5.853541416566626e-07,4.0,6.0
5.85594237695078e-07,3.0,5.0
5.858343337334934e-07,3.0,5.0
5.860744297719087e-07,2.0,5.0
5.863145258103241e-07,2.0,5.0
5.865546218487395e-07,2.0,5.0
5.867947178871548e-07,1.0,5.0
5.870348139255702e-07,2.0,5.0
5.872749099639855e-07,2.0,5.0
5.875150060024009e-07,2.0,4.0
5.877551020408163e-07,3.0,4.0
5.879951980792316e-07,2.0,4.0
5.88235294117647e-07,2.0,3.0
5.884753901560624e-07,1.0,4.0
5.887154861944777e-07,1.0,4.0
5.889555822328931e-07,1.0,4.0
5.891956782713085e-07,2.0,4.0
5.894357743097238e-07,3.0,4.0
5.896758703481392e-07,3.0,4.0
5.899159663865546e-07,3.0,3.0
5.901560624249699e-07,3.0,4.0
5.903961584633853e-07,3.0,4.0
5.906362545018007e-07,3.0,4.0
5.90876350540216e-07,3.0,5.0
5.911164465786314e-07,3.0,5.0
5.913565426170467e-07,4.0,5.0
5.915966386554621e-07,4.0,5.0
5.918367346938776e-07,4.0,5.0
5.920768307322929e-07,3.0,6.0
5.923169267707083e-07,3.0,6.0
5.925570228091237e-07,3.0,6.0
5.92797118847539e-07,3.0,5.0
5.930372148859544e-07,3.0,5.0
5.932773109243698e-07,3.0,5.0
5.935174069627851e-07,3.0,4.0
5.937575030012005e-07,3.0,5.0
5.939975990396159e-07,3.0,5.0
5.942376950780312e-07,3.0,5.0
5.944777911164466e-07,3.0,6.0
5.94717887154862e-07,3.0,5.0
5.949579831932773e-07,3.0,5.0
5.951980792316927e-07,3.0,4.0
5.95438175270108e-07,3.0,3.0
5.956782713085234e-07,2.0,3.0
5.959183673469388e-07,2.0,2.0
5.961584633853541e-07,2.0,2.0
5.963985594237695e-07,1.0,3.0
5.966386554621849e-07,2.0,3.0
5.968787515006002e-07,2.0,4.0
5.971188475390156e-07,2.0,4.0
5.97358943577431e-07,3.0,4.0
5.975990396158463e-07,3.0,4.0
5.978391356542617e-07,3.0,4.0
5.980792316926771e-07,2.0,4.0
5.983193277310924e-07,2.0,4.0
5.985594237695078e-07,2.0,4.0
5.987995198079232e-07,1.0,4.0
5.990396158463385e-07,2.0,4.0
5.992797118847539e-07,2.0,4.0
5.995198079231692e-07,2.0,3.0
5.997599039615846e-07,3.0,4.0
6e-07,3.0,4.0
