Temps (s),CH1 (V),CH2 (V),CH3 (V)
0.0,-12.0,4.0,3.0
1.2004801920768307e-09,-12.0,4.0,4.0
2.4009603841536614e-09,-13.0,4.0,4.0
3.601440576230492e-09,-13.0,5.0,4.0
4.801920768307323e-09,-12.0,3.0,4.0
6.0024009603841534e-09,-11.0,4.0,4.0
7.202881152460984e-09,-12.0,4.0,4.0
8.403361344537815e-09,-13.0,3.0,4.0
9.603841536614646e-09,-13.0,4.0,4.0
1.0804321728691476e-08,-11.0,5.0,4.0
1.2004801920768307e-08,-12.0,4.0,5.0
1.3205282112845138e-08,-12.0,4.0,4.0
1.4405762304921968e-08,-13.0,3.0,5.0
1.5606242496998797e-08,-13.0,4.0,5.0
1.680672268907563e-08,-12.0,4.0,5.0
1.8007202881152462e-08,-11.0,4.0,5.0
1.920768307322929e-08,-11.0,5.0,4.0
2.040816326530612e-08,-12.0,4.0,3.0
2.1608643457382952e-08,-12.0,3.0,5.0
2.2809123649459785e-08,-12.0,5.0,4.0
2.4009603841536614e-08,-12.0,3.0,4.0
2.5210084033613443e-08,-12.0,4.0,4.0
2.6410564225690275e-08,-12.0,4.0,4.0
2.7611044417767107e-08,-12.0,4.0,4.0
2.8811524609843937e-08,-13.0,4.0,3.0
3.0012004801920766e-08,-14.0,5.0,3.0
3.1212484993997595e-08,-12.0,5.0,4.0
3.241296518607443e-08,-11.0,3.0,5.0
3.361344537815126e-08,-12.0,4.0,3.0
3.481392557022809e-08,-12.0,5.0,3.0
3.6014405762304924e-08,-13.0,5.0,3.0
3.721488595438175e-08,-12.0,4.0,4.0
3.841536614645858e-08,-13.0,4.0,4.0
3.961584633853541e-08,-12.0,3.0,3.0
4.081632653061224e-08,-13.0,4.0,4.0
4.2016806722689076e-08,-13.0,3.0,4.0
4.3217286914765905e-08,-12.0,4.0,3.0
4.4417767106842734e-08,-12.0,4.0,4.0
4.561824729891957e-08,-12.0,4.0,4.0
4.68187274909964e-08,-12.0,5.0,3.0
4.801920768307323e-08,-11.0,3.0,3.0
4.9219687875150057e-08,-12.0,3.0,4.0
5.0420168067226886e-08,-13.0,4.0,5.0
5.162064825930372e-08,-12.0,4.0,4.0
5.282112845138055e-08,-12.0,4.0,4.0
5.402160864345738e-08,-14.0,4.0,5.0
5.5222088835534215e-08,-14.0,4.0,3.0
5.6422569027611044e-08,-14.0,4.0,2.0
5.762304921968787e-08,-13.0,5.0,4.0
5.88235294117647e-08,-13.0,3.0,4.0
6.002400960384153e-08,-13.0,3.0,4.0
6.122448979591837e-08,-13.0,3.0,3.0
6.242496998799519e-08,-12.0,3.0,4.0
6.362545018007202e-08,-13.0,4.0,5.0
6.482593037214886e-08,-14.0,4.0,3.0
6.602641056422568e-08,-14.0,4.0,2.0
6.722689075630252e-08,-13.0,4.0,6.0
6.842737094837935e-08,-11.0,5.0,5.0
6.962785114045618e-08,-13.0,4.0,4.0
7.082833133253301e-08,-12.0,4.0,4.0
7.202881152460985e-08,-13.0,4.0,3.0
7.322929171668667e-08,-13.0,4.0,3.0
7.44297719087635e-08,-14.0,3.0,5.0
7.563025210084033e-08,-11.0,3.0,4.0
7.683073229291716e-08,-12.0,4.0,5.0
7.8031212484994e-08,-13.0,4.0,4.0
7.923169267707082e-08,-11.0,3.0,4.0
8.043217286914766e-08,-12.0,3.0,5.0
8.163265306122448e-08,-13.0,4.0,6.0
8.283313325330132e-08,-13.0,3.0,6.0
8.403361344537815e-08,-13.0,5.0,5.0
8.523409363745497e-08,-13.0,3.0,4.0
8.643457382953181e-08,-13.0,4.0,5.0
8.763505402160865e-08,-14.0,5.0,6.0
8.883553421368547e-08,-13.0,4.0,5.0
9.00360144057623e-08,-12.0,3.0,5.0
9.123649459783914e-08,-12.0,3.0,5.0
9.243697478991596e-08,-11.0,4.0,3.0
9.36374549819928e-08,-11.0,4.0,4.0
9.483793517406962e-08,-11.0,4.0,5.0
9.603841536614646e-08,-12.0,4.0,4.0
9.723889555822329e-08,-12.0,3.0,4.0
9.843937575030011e-08,-12.0,4.0,4.0
9.963985594237695e-08,-12.0,3.0,4.0
1.0084033613445377e-07,-12.0,4.0,4.0
1.0204081632653061e-07,-11.0,4.0,5.0
1.0324129651860744e-07,-12.0,4.0,4.0
1.0444177671068426e-07,-13.0,4.0,5.0
1.056422569027611e-07,-12.0,4.0,5.0
1.0684273709483794e-07,-12.0,3.0,4.0
1.0804321728691476e-07,-12.0,4.0,4.0
1.092436974789916e-07,-12.0,4.0,5.0
1.1044417767106843e-07,-13.0,3.0,3.0
1.1164465786314525e-07,-12.0,5.0,3.0
1.1284513805522209e-07,-13.0,4.0,4.0
1.1404561824729891e-07,-13.0,3.0,4.0
1.1524609843937575e-07,-12.0,3.0,3.0
1.1644657863145258e-07,-13.0,4.0,2.0
1.176470588235294e-07,-13.0,4.0,3.0
1.1884753901560624e-07,-14.0,4.0,2.0
1.2004801920768306e-07,-13.0,5.0,3.0
1.212484993997599e-07,-12.0,3.0,3.0
1.2244897959183673e-07,-12.0,3.0,3.0
1.2364945978391356e-07,-13.0,3.0,4.0
1.2484993997599038e-07,-12.0,3.0,4.0
1.2605042016806723e-07,-13.0,4.0,4.0
1.2725090036014405e-07,-12.0,3.0,4.0
1.2845138055222087e-07,-12.0,4.0,4.0
1.2965186074429772e-07,-12.0,5.0,4.0
1.3085234093637454e-07,-13.0,3.0,3.0
1.3205282112845137e-07,-12.0,2.0,4.0
1.3325330132052821e-07,-13.0,3.0,4.0
1.3445378151260504e-07,-13.0,4.0,5.0
1.3565426170468186e-07,-14.0,3.0,5.0
1.368547418967587e-07,-13.0,4.0,5.0
1.3805522208883553e-07,-12.0,4.0,3.0
1.3925570228091235e-07,-12.0,5.0,3.0
1.404561824729892e-07,-12.0,3.0,5.0
1.4165666266506602e-07,-13.0,4.0,4.0
1.4285714285714285e-07,-12.0,4.0,4.0
1.440576230492197e-07,-12.0,4.0,5.0
1.4525810324129652e-07,-12.0,3.0,5.0
1.4645858343337334e-07,-13.0,4.0,4.0
1.4765906362545016e-07,-13.0,3.0,4.0
1.48859543817527e-07,-12.0,5.0,4.0
1.5006002400960383e-07,-12.0,4.0,5.0
1.5126050420168066e-07,-11.0,3.0,4.0
1.524609843937575e-07,-12.0,4.0,4.0
1.5366146458583433e-07,-12.0,4.0,3.0
1.5486194477791115e-07,-12.0,5.0,4.0
1.56062424969988e-07,-11.0,3.0,3.0
1.5726290516206482e-07,-13.0,3.0,4.0
1.5846338535414164e-07,-11.0,4.0,4.0
1.596638655462185e-07,-14.0,5.0,4.0
1.6086434573829532e-07,-12.0,4.0,4.0
1.6206482593037214e-07,-12.0,4.0,3.0
1.6326530612244896e-07,-12.0,4.0,5.0
1.644657863145258e-07,-11.0,4.0,5.0
1.6566626650660263e-07,-11.0,4.0,3.0
1.6686674669867945e-07,-12.0,3.0,2.0
1.680672268907563e-07,-11.0,3.0,4.0
1.6926770708283313e-07,-12.0,5.0,4.0
1.7046818727490995e-07,-13.0,3.0,4.0
1.716686674669868e-07,-12.0,4.0,4.0
1.7286914765906362e-07,-13.0,5.0,3.0
1.7406962785114044e-07,-13.0,3.0,5.0
1.752701080432173e-07,-12.0,3.0,4.0
1.764705882352941e-07,-13.0,5.0,4.0
1.7767106842737094e-07,-13.0,3.0,4.0
1.7887154861944778e-07,-13.0,4.0,3.0
1.800720288115246e-07,-12.0,4.0,3.0
1.8127250900360143e-07,-12.0,4.0,5.0
1.8247298919567828e-07,-12.0,3.0,5.0
1.836734693877551e-07,-13.0,4.0,5.0
1.8487394957983192e-07,-13.0,3.0,3.0
1.8607442977190875e-07,-13.0,4.0,5.0
1.872749099639856e-07,-11.0,4.0,4.0
1.8847539015606242e-07,-13.0,4.0,5.0
1.8967587034813924e-07,-12.0,5.0,6.0
1.908763505402161e-07,-12.0,3.0,4.0
1.920768307322929e-07,-13.0,4.0,4.0
1.9327731092436973e-07,-12.0,5.0,5.0
1.9447779111644658e-07,-11.0,5.0,4.0
1.956782713085234e-07,-12.0,3.0,6.0
1.9687875150060023e-07,-12.0,3.0,4.0
1.9807923169267708e-07,-11.0,3.0,4.0
1.992797118847539e-07,-12.0,3.0,4.0
2.0048019207683072e-07,-13.0,4.0,4.0
2.0168067226890754e-07,-13.0,3.0,4.0
2.028811524609844e-07,-13.0,4.0,4.0
2.0408163265306121e-07,-12.0,4.0,5.0
2.0528211284513804e-07,-12.0,3.0,5.0
2.0648259303721488e-07,-12.0,4.0,5.0
2.076830732292917e-07,-13.0,5.0,4.0
2.0888355342136853e-07,-13.0,4.0,4.0
2.1008403361344538e-07,-13.0,4.0,4.0
2.112845138055222e-07,-13.0,3.0,4.0
2.1248499399759902e-07,-10.0,4.0,3.0
2.1368547418967587e-07,-13.0,4.0,4.0
2.148859543817527e-07,-14.0,4.0,5.0
2.1608643457382952e-07,-13.0,3.0,5.0
2.1728691476590637e-07,-13.0,4.0,5.0
2.184873949579832e-07,-12.0,5.0,5.0
2.1968787515006e-07,-13.0,4.0,4.0
2.2088835534213686e-07,-11.0,3.0,4.0
2.2208883553421368e-07,-11.0,3.0,5.0
2.232893157262905e-07,-12.0,4.0,5.0
2.2448979591836733e-07,-13.0,4.0,3.0
2.2569027611044418e-07,-12.0,3.0,3.0
2.26890756302521e-07,-12.0,4.0,4.0
2.2809123649459782e-07,-12.0,3.0,5.0
2.2929171668667467e-07,-14.0,4.0,4.0
2.304921968787515e-07,-13.0,4.0,3.0
2.3169267707082831e-07,-13.0,3.0,4.0
2.3289315726290516e-07,-14.0,4.0,5.0
2.3409363745498199e-07,-14.0,4.0,4.0
2.352941176470588e-07,-13.0,3.0,4.0
2.3649459783913566e-07,-13.0,3.0,4.0
2.3769507803121248e-07,-13.0,4.0,4.0
2.388955582232893e-07,-13.0,4.0,3.0
2.400960384153661e-07,-13.0,3.0,4.0
2.4129651860744295e-07,-14.0,3.0,4.0
2.424969987995198e-07,-13.0,3.0,3.0
2.4369747899159664e-07,-11.0,3.0,3.0
2.4489795918367347e-07,-14.0,5.0,3.0
2.460984393757503e-07,-13.0,4.0,2.0
2.472989195678271e-07,-13.0,5.0,5.0
2.4849939975990393e-07,-13.0,4.0,4.0
2.4969987995198076e-07,-12.0,4.0,4.0
2.5090036014405763e-07,-12.0,5.0,4.0
2.5210084033613445e-07,-13.0,4.0,4.0
2.533013205282113e-07,-12.0,4.0,4.0
2.545018007202881e-07,-13.0,4.0,4.0
2.557022809123649e-07,-13.0,4.0,5.0
2.5690276110444174e-07,-13.0,5.0,5.0
2.581032412965186e-07,-13.0,5.0,5.0
2.5930372148859544e-07,-12.0,2.0,4.0
2.6050420168067226e-07,-13.0,3.0,3.0
2.617046818727491e-07,-13.0,4.0,4.0
2.629051620648259e-07,-12.0,3.0,4.0
2.6410564225690273e-07,-13.0,4.0,5.0
2.653061224489796e-07,-12.0,3.0,5.0
2.6650660264105643e-07,-13.0,3.0,3.0
2.6770708283313325e-07,-13.0,5.0,3.0
2.689075630252101e-07,-12.0,5.0,3.0
2.701080432172869e-07,-11.0,3.0,4.0
2.713085234093637e-07,-12.0,3.0,4.0
2.7250900360144054e-07,-12.0,4.0,5.0
2.737094837935174e-07,-12.0,5.0,4.0
2.7490996398559424e-07,-12.0,3.0,4.0
2.7611044417767106e-07,-13.0,3.0,4.0
2.773109243697479e-07,-11.0,4.0,4.0
2.785114045618247e-07,-13.0,3.0,5.0
2.7971188475390153e-07,-13.0,3.0,5.0
2.809123649459784e-07,-14.0,3.0,5.0
2.8211284513805523e-07,-12.0,4.0,5.0
2.8331332533013205e-07,-13.0,3.0,5.0
2.8451380552220887e-07,-14.0,5.0,6.0
2.857142857142857e-07,-13.0,4.0,3.0
2.869147659063625e-07,-13.0,4.0,3.0
2.881152460984394e-07,-14.0,4.0,4.0
2.893157262905162e-07,-12.0,3.0,5.0
2.9051620648259304e-07,-13.0,4.0,5.0
2.9171668667466986e-07,-13.0,3.0,5.0
2.929171668667467e-07,-14.0,4.0,4.0
2.941176470588235e-07,-13.0,5.0,3.0
2.953181272509003e-07,-13.0,5.0,3.0
2.965186074429772e-07,-14.0,3.0,5.0
2.97719087635054e-07,-12.0,3.0,4.0
2.9891956782713085e-07,-13.0,3.0,3.0
3.0012004801920767e-07,-11.0,3.0,3.0
3.013205282112845e-07,-13.0,4.0,6.0
3.025210084033613e-07,-13.0,3.0,5.0
3.037214885954382e-07,-13.0,3.0,4.0
3.04921968787515e-07,-12.0,3.0,5.0
3.0612244897959183e-07,-12.0,5.0,3.0
3.0732292917166866e-07,-13.0,4.0,3.0
3.085234093637455e-07,-13.0,5.0,5.0
3.097238895558223e-07,-12.0,4.0,4.0
3.109243697478991e-07,-12.0,4.0,4.0
3.12124849939976e-07,-12.0,4.0,5.0
3.133253301320528e-07,-11.0,4.0,5.0
3.1452581032412964e-07,-13.0,4.0,4.0
3.1572629051620647e-07,-12.0,4.0,5.0
3.169267707082833e-07,-11.0,4.0,5.0
3.181272509003601e-07,-13.0,4.0,3.0
3.19327731092437e-07,-13.0,4.0,3.0
3.205282112845138e-07,-13.0,4.0,5.0
3.2172869147659063e-07,-13.0,5.0,4.0
3.2292917166866745e-07,-12.0,2.0,4.0
3.241296518607443e-07,-12.0,2.0,4.0
3.253301320528211e-07,-13.0,3.0,4.0
3.265306122448979e-07,-13.0,5.0,4.0
3.277310924369748e-07,-12.0,3.0,5.0
3.289315726290516e-07,-12.0,4.0,4.0
3.3013205282112844e-07,-11.0,3.0,3.0
3.3133253301320526e-07,-10.0,3.0,4.0
3.325330132052821e-07,-12.0,3.0,5.0
3.337334933973589e-07,-13.0,3.0,4.0
3.349339735894358e-07,-13.0,4.0,5.0
3.361344537815126e-07,-13.0,4.0,3.0
3.3733493397358943e-07,-12.0,3.0,4.0
3.3853541416566625e-07,-13.0,4.0,4.0
3.3973589435774307e-07,-11.0,3.0,3.0
3.409363745498199e-07,-11.0,4.0,4.0
3.4213685474189677e-07,-14.0,5.0,5.0
3.433373349339736e-07,-14.0,3.0,5.0
3.445378151260504e-07,-12.0,3.0,4.0
3.4573829531812724e-07,-12.0,4.0,4.0
3.4693877551020406e-07,-12.0,4.0,3.0
3.481392557022809e-07,-12.0,3.0,4.0
3.493397358943577e-07,-13.0,4.0,5.0
3.505402160864346e-07,-14.0,3.0,4.0
3.517406962785114e-07,-13.0,3.0,3.0
3.529411764705882e-07,-13.0,3.0,2.0
3.5414165666266505e-07,-13.0,3.0,2.0
3.5534213685474187e-07,-13.0,3.0,3.0
3.565426170468187e-07,-12.0,4.0,4.0
3.5774309723889557e-07,-13.0,3.0,4.0
3.589435774309724e-07,-13.0,3.0,4.0
3.601440576230492e-07,-12.0,3.0,3.0
3.6134453781512604e-07,-12.0,3.0,3.0
3.6254501800720286e-07,-12.0,5.0,3.0
3.637454981992797e-07,-13.0,5.0,5.0
3.6494597839135656e-07,-12.0,4.0,3.0
3.661464585834334e-07,-14.0,4.0,4.0
3.673469387755102e-07,-14.0,5.0,5.0
3.68547418967587e-07,-14.0,3.0,4.0
3.6974789915966385e-07,-12.0,3.0,4.0
3.7094837935174067e-07,-14.0,3.0,4.0
3.721488595438175e-07,-13.0,4.0,4.0
3.7334933973589437e-07,-14.0,4.0,6.0
3.745498199279712e-07,-13.0,5.0,5.0
3.75750300120048e-07,-12.0,4.0,5.0
3.7695078031212483e-07,-13.0,5.0,3.0
3.7815126050420166e-07,-13.0,3.0,5.0
3.793517406962785e-07,-13.0,4.0,4.0
3.8055222088835535e-07,-13.0,4.0,4.0
3.817527010804322e-07,-12.0,4.0,3.0
3.82953181272509e-07,-13.0,5.0,4.0
3.841536614645858e-07,-13.0,4.0,4.0
3.8535414165666264e-07,-12.0,3.0,5.0
3.8655462184873946e-07,-13.0,5.0,4.0
3.877551020408163e-07,-12.0,6.0,2.0
3.8895558223289316e-07,-12.0,5.0,4.0
3.9015606242497e-07,-12.0,4.0,4.0
3.913565426170468e-07,-12.0,5.0,5.0
3.9255702280912363e-07,-12.0,4.0,3.0
3.9375750300120045e-07,-10.0,4.0,3.0
3.949579831932773e-07,-13.0,4.0,4.0
3.9615846338535415e-07,-11.0,3.0,4.0
3.9735894357743097e-07,-13.0,4.0,4.0
3.985594237695078e-07,-12.0,4.0,4.0
3.997599039615846e-07,-12.0,4.0,4.0
4.0096038415366144e-07,-12.0,3.0,4.0
4.0216086434573826e-07,-12.0,4.0,4.0
4.033613445378151e-07,-12.0,5.0,4.0
4.0456182472989196e-07,-12.0,4.0,2.0
4.057623049219688e-07,-11.0,4.0,4.0
4.069627851140456e-07,-13.0,4.0,4.0
4.0816326530612243e-07,-12.0,3.0,4.0
4.0936374549819925e-07,-12.0,3.0,4.0
4.1056422569027607e-07,-13.0,3.0,3.0
4.1176470588235295e-07,-13.0,4.0,4.0
4.1296518607442977e-07,-13.0,5.0,2.0
4.141656662665066e-07,-12.0,4.0,5.0
4.153661464585834e-07,-12.0,2.0,5.0
4.1656662665066024e-07,-12.0,4.0,3.0
4.1776710684273706e-07,-13.0,3.0,3.0
4.1896758703481393e-07,-13.0,4.0,4.0
4.2016806722689076e-07,-12.0,4.0,4.0
4.213685474189676e-07,-11.0,3.0,4.0
4.225690276110444e-07,-12.0,3.0,3.0
4.237695078031212e-07,-12.0,3.0,5.0
4.2496998799519805e-07,-11.0,5.0,5.0
4.2617046818727487e-07,-13.0,4.0,4.0
4.2737094837935174e-07,-12.0,5.0,4.0
4.2857142857142857e-07,-11.0,4.0,4.0
4.297719087635054e-07,-12.0,5.0,5.0
4.309723889555822e-07,-13.0,5.0,4.0
4.3217286914765903e-07,-12.0,4.0,4.0
4.3337334933973586e-07,-12.0,4.0,5.0
4.3457382953181273e-07,-12.0,3.0,4.0
4.3577430972388955e-07,-10.0,3.0,3.0
4.369747899159664e-07,-12.0,3.0,4.0
4.381752701080432e-07,-12.0,3.0,4.0
4.3937575030012e-07,-13.0,4.0,4.0
4.4057623049219684e-07,-13.0,4.0,4.0
4.417767106842737e-07,-13.0,3.0,4.0
4.4297719087635054e-07,-12.0,4.0,5.0
4.4417767106842736e-07,-14.0,4.0,6.0
4.453781512605042e-07,-13.0,4.0,5.0
4.46578631452581e-07,-12.0,3.0,4.0
4.4777911164465783e-07,-13.0,4.0,4.0
4.4897959183673465e-07,-12.0,3.0,3.0
4.5018007202881153e-07,-11.0,4.0,5.0
4.5138055222088835e-07,-12.0,5.0,4.0
4.525810324129652e-07,-13.0,3.0,5.0
4.53781512605042e-07,-13.0,3.0,4.0
4.549819927971188e-07,-13.0,3.0,5.0
4.5618247298919564e-07,-12.0,3.0,6.0
4.573829531812725e-07,-13.0,4.0,5.0
4.5858343337334934e-07,-12.0,2.0,3.0
4.5978391356542616e-07,-11.0,3.0,3.0
4.60984393757503e-07,-13.0,4.0,4.0
4.621848739495798e-07,-14.0,3.0,5.0
4.6338535414165663e-07,-13.0,4.0,4.0
4.6458583433373345e-07,-13.0,4.0,4.0
4.6578631452581033e-07,-12.0,4.0,4.0
4.6698679471788715e-07,-12.0,4.0,4.0
4.6818727490996397e-07,-12.0,3.0,4.0
4.693877551020408e-07,-12.0,2.0,4.0
4.705882352941176e-07,-13.0,3.0,4.0
4.7178871548619444e-07,-12.0,3.0,4.0
4.729891956782713e-07,-13.0,4.0,4.0
4.7418967587034814e-07,-12.0,3.0,4.0
4.7539015606242496e-07,-13.0,4.0,2.0
4.765906362545018e-07,-13.0,5.0,4.0
4.777911164465786e-07,-14.0,4.0,4.0
4.789915966386554e-07,-14.0,4.0,4.0
4.801920768307322e-07,-12.0,2.0,4.0
4.813925570228091e-07,-12.0,4.0,5.0
4.825930372148859e-07,-12.0,4.0,5.0
4.837935174069627e-07,-12.0,3.0,4.0
4.849939975990396e-07,-12.0,3.0,4.0
4.861944777911165e-07,-13.0,4.0,5.0
4.873949579831933e-07,-13.0,3.0,5.0
4.885954381752701e-07,-12.0,4.0,5.0
4.897959183673469e-07,-13.0,5.0,5.0
4.909963985594238e-07,-13.0,4.0,5.0
4.921968787515006e-07,-13.0,4.0,5.0
4.933973589435774e-07,-13.0,4.0,3.0
4.945978391356542e-07,-11.0,5.0,3.0
4.95798319327731e-07,-13.0,5.0,3.0
4.969987995198079e-07,-13.0,4.0,4.0
4.981992797118847e-07,-13.0,3.0,4.0
4.993997599039615e-07,-12.0,3.0,4.0
5.006002400960384e-07,-11.0,4.0,4.0
5.018007202881153e-07,-12.0,4.0,4.0
5.030012004801921e-07,-13.0,4.0,5.0
5.042016806722689e-07,-12.0,4.0,4.0
5.054021608643457e-07,-14.0,5.0,3.0
5.066026410564226e-07,-12.0,5.0,4.0
5.078031212484994e-07,-12.0,4.0,5.0
5.090036014405762e-07,-12.0,4.0,3.0
5.10204081632653e-07,-12.0,5.0,4.0
5.114045618247298e-07,-14.0,5.0,4.0
5.126050420168067e-07,-12.0,3.0,4.0
5.138055222088835e-07,-13.0,4.0,4.0
5.150060024009604e-07,-11.0,3.0,2.0
5.162064825930372e-07,-13.0,4.0,5.0
5.174069627851141e-07,-13.0,4.0,5.0
5.186074429771909e-07,-13.0,4.0,4.0
5.198079231692677e-07,-13.0,3.0,5.0
5.210084033613445e-07,-12.0,3.0,4.0
5.222088835534214e-07,-13.0,4.0,3.0
5.234093637454982e-07,-12.0,4.0,3.0
5.24609843937575e-07,-11.0,3.0,4.0
5.258103241296518e-07,-13.0,5.0,3.0
5.270108043217286e-07,-13.0,4.0,4.0
5.282112845138055e-07,-12.0,4.0,4.0
5.294117647058823e-07,-13.0,3.0,5.0
5.306122448979592e-07,-13.0,3.0,3.0
5.31812725090036e-07,-13.0,4.0,3.0
5.330132052821129e-07,-12.0,4.0,4.0
5.342136854741897e-07,-14.0,3.0,4.0
5.354141656662665e-07,-14.0,4.0,4.0
5.366146458583433e-07,-14.0,4.0,4.0
5.378151260504201e-07,-13.0,3.0,3.0
5.39015606242497e-07,-12.0,3.0,5.0
5.402160864345738e-07,-13.0,3.0,3.0
5.414165666266506e-07,-13.0,3.0,3.0
5.426170468187274e-07,-13.0,4.0,4.0
5.438175270108043e-07,-12.0,3.0,3.0
5.450180072028811e-07,-13.0,2.0,3.0
5.46218487394958e-07,-13.0,5.0,4.0
5.474189675870348e-07,-13.0,3.0,4.0
5.486194477791117e-07,-14.0,3.0,4.0
5.498199279711885e-07,-13.0,4.0,6.0
5.510204081632653e-07,-12.0,3.0,5.0
5.522208883553421e-07,-12.0,3.0,5.0
5.534213685474189e-07,-12.0,2.0,4.0
5.546218487394958e-07,-12.0,3.0,4.0
5.558223289315726e-07,-14.0,4.0,4.0
5.570228091236494e-07,-13.0,3.0,3.0
5.582232893157262e-07,-14.0,3.0,4.0
5.594237695078031e-07,-13.0,4.0,4.0
5.606242496998799e-07,-13.0,4.0,5.0
5.618247298919568e-07,-12.0,4.0,4.0
5.630252100840336e-07,-13.0,4.0,5.0
5.642256902761105e-07,-13.0,5.0,4.0
5.654261704681873e-07,-12.0,3.0,5.0
5.666266506602641e-07,-13.0,3.0,4.0
5.678271308523409e-07,-11.0,4.0,3.0
5.690276110444177e-07,-11.0,4.0,4.0
5.702280912364946e-07,-13.0,4.0,5.0
5.714285714285714e-07,-13.0,5.0,4.0
5.726290516206482e-07,-14.0,3.0,4.0
5.73829531812725e-07,-12.0,3.0,4.0
5.750300120048019e-07,-12.0,3.0,4.0
5.762304921968788e-07,-14.0,5.0,4.0
5.774309723889556e-07,-11.0,4.0,4.0
5.786314525810324e-07,-11.0,3.0,5.0
5.798319327731093e-07,-13.0,4.0,4.0
5.810324129651861e-07,-13.0,4.0,4.0
5.822328931572629e-07,-13.0,3.0,2.0
5.834333733493397e-07,-13.0,3.0,4.0
5.846338535414165e-07,-12.0,4.0,5.0
5.858343337334934e-07,-12.0,3.0,5.0
5.870348139255702e-07,-13.0,4.0,4.0
5.88235294117647e-07,-14.0,3.0,4.0
5.894357743097238e-07,-12.0,3.0,4.0
5.906362545018007e-07,-13.0,3.0,4.0
5.918367346938776e-07,-13.0,4.0,3.0
5.930372148859544e-07,-13.0,3.0,4.0
5.942376950780312e-07,-13.0,3.0,3.0
5.95438175270108e-07,-13.0,4.0,2.0
5.966386554621849e-07,-12.0,3.0,2.0
5.978391356542617e-07,-13.0,4.0,3.0
5.990396158463385e-07,-12.0,4.0,4.0
6.002400960384153e-07,-11.0,4.0,4.0
6.014405762304922e-07,-13.0,4.0,4.0
6.02641056422569e-07,-13.0,4.0,2.0
6.038415366146458e-07,-12.0,4.0,3.0
6.050420168067226e-07,-12.0,4.0,4.0
6.062424969987994e-07,-13.0,4.0,4.0
6.074429771908764e-07,-13.0,4.0,3.0
6.086434573829532e-07,-14.0,4.0,4.0
6.0984393757503e-07,-13.0,3.0,4.0
6.110444177671068e-07,-12.0,3.0,4.0
6.122448979591837e-07,-13.0,4.0,5.0
6.134453781512605e-07,-12.0,4.0,3.0
6.146458583433373e-07,-12.0,5.0,2.0
6.158463385354141e-07,-13.0,3.0,4.0
6.17046818727491e-07,-13.0,4.0,4.0
6.182472989195678e-07,-12.0,4.0,5.0
6.194477791116446e-07,-12.0,4.0,5.0
6.206482593037214e-07,-14.0,4.0,5.0
6.218487394957982e-07,-13.0,4.0,4.0
6.230492196878752e-07,-13.0,3.0,4.0
6.24249699879952e-07,-13.0,4.0,3.0
6.254501800720288e-07,-12.0,4.0,4.0
6.266506602641056e-07,-12.0,3.0,5.0
6.278511404561825e-07,-12.0,4.0,3.0
6.290516206482593e-07,-12.0,4.0,4.0
6.302521008403361e-07,-12.0,6.0,3.0
6.314525810324129e-07,-12.0,3.0,4.0
6.326530612244898e-07,-14.0,3.0,4.0
6.338535414165666e-07,-12.0,3.0,2.0
6.350540216086434e-07,-14.0,5.0,3.0
6.362545018007202e-07,-13.0,4.0,5.0
6.37454981992797e-07,-13.0,3.0,4.0
6.38655462184874e-07,-13.0,2.0,4.0
6.398559423769508e-07,-14.0,4.0,3.0
6.410564225690276e-07,-12.0,4.0,4.0
6.422569027611044e-07,-14.0,2.0,4.0
6.434573829531813e-07,-14.0,3.0,3.0
6.446578631452581e-07,-14.0,4.0,3.0
6.458583433373349e-07,-12.0,3.0,4.0
6.470588235294117e-07,-12.0,4.0,4.0
6.482593037214886e-07,-13.0,3.0,4.0
6.494597839135654e-07,-13.0,3.0,4.0
6.506602641056422e-07,-14.0,4.0,4.0
6.51860744297719e-07,-13.0,5.0,4.0
6.530612244897958e-07,-12.0,3.0,3.0
6.542617046818728e-07,-13.0,3.0,5.0
6.554621848739496e-07,-14.0,4.0,4.0
6.566626650660264e-07,-13.0,4.0,3.0
6.578631452581032e-07,-13.0,4.0,3.0
6.590636254501801e-07,-13.0,3.0,3.0
6.602641056422569e-07,-12.0,4.0,2.0
6.614645858343337e-07,-13.0,4.0,4.0
6.626650660264105e-07,-12.0,5.0,5.0
6.638655462184873e-07,-14.0,5.0,4.0
6.650660264105642e-07,-13.0,4.0,4.0
6.66266506602641e-07,-13.0,3.0,4.0
6.674669867947178e-07,-14.0,4.0,4.0
6.686674669867947e-07,-12.0,4.0,5.0
6.698679471788716e-07,-13.0,4.0,4.0
6.710684273709484e-07,-12.0,4.0,4.0
6.722689075630252e-07,-12.0,3.0,4.0
6.73469387755102e-07,-11.0,3.0,4.0
6.746698679471789e-07,-13.0,3.0,5.0
6.758703481392557e-07,-14.0,3.0,5.0
6.770708283313325e-07,-14.0,4.0,4.0
6.782713085234093e-07,-13.0,5.0,4.0
6.794717887154861e-07,-13.0,5.0,4.0
6.80672268907563e-07,-13.0,3.0,5.0
6.818727490996398e-07,-12.0,3.0,6.0
6.830732292917166e-07,-13.0,4.0,4.0
6.842737094837935e-07,-12.0,4.0,3.0
6.854741896758704e-07,-12.0,4.0,4.0
6.866746698679472e-07,-12.0,4.0,4.0
6.87875150060024e-07,-11.0,4.0,4.0
6.890756302521008e-07,-13.0,5.0,5.0
6.902761104441777e-07,-13.0,4.0,5.0
6.914765906362545e-07,-12.0,3.0,5.0
6.926770708283313e-07,-12.0,3.0,5.0
6.938775510204081e-07,-12.0,3.0,4.0
6.950780312124849e-07,-13.0,4.0,4.0
6.962785114045618e-07,-11.0,4.0,5.0
6.974789915966386e-07,-12.0,4.0,4.0
6.986794717887154e-07,-13.0,4.0,4.0
6.998799519807923e-07,-12.0,4.0,5.0
7.010804321728692e-07,-12.0,4.0,3.0
7.02280912364946e-07,-13.0,4.0,4.0
7.034813925570228e-07,-14.0,5.0,4.0
7.046818727490996e-07,-14.0,4.0,4.0
7.058823529411765e-07,-12.0,3.0,4.0
7.070828331332533e-07,-13.0,3.0,3.0
7.082833133253301e-07,-12.0,3.0,2.0
7.094837935174069e-07,-13.0,3.0,2.0
7.106842737094837e-07,-14.0,4.0,3.0
7.118847539015606e-07,-12.0,4.0,3.0
7.130852340936374e-07,-13.0,4.0,2.0
7.142857142857142e-07,-14.0,4.0,3.0
7.154861944777911e-07,-13.0,4.0,3.0
7.16686674669868e-07,-13.0,4.0,3.0
7.178871548619448e-07,-13.0,3.0,2.0
7.190876350540216e-07,-12.0,3.0,3.0
7.202881152460984e-07,-13.0,4.0,5.0
7.214885954381752e-07,-13.0,2.0,4.0
7.226890756302521e-07,-13.0,4.0,4.0
7.238895558223289e-07,-13.0,3.0,4.0
7.250900360144057e-07,-13.0,3.0,4.0
7.262905162064825e-07,-13.0,4.0,5.0
7.274909963985594e-07,-14.0,3.0,4.0
7.286914765906362e-07,-13.0,3.0,5.0
7.298919567827131e-07,-13.0,3.0,4.0
7.310924369747899e-07,-12.0,5.0,3.0
7.322929171668668e-07,-11.0,4.0,3.0
7.334933973589436e-07,-13.0,5.0,4.0
7.346938775510204e-07,-12.0,4.0,4.0
7.358943577430972e-07,-13.0,2.0,4.0
7.37094837935174e-07,-14.0,3.0,4.0
7.382953181272509e-07,-13.0,3.0,4.0
7.394957983193277e-07,-12.0,3.0,5.0
7.406962785114045e-07,-13.0,4.0,5.0
7.418967587034813e-07,-13.0,3.0,4.0
7.430972388955582e-07,-13.0,4.0,4.0
7.44297719087635e-07,-11.0,4.0,4.0
7.454981992797119e-07,-11.0,3.0,6.0
7.466986794717887e-07,-12.0,4.0,5.0
7.478991596638656e-07,-11.0,4.0,4.0
7.490996398559424e-07,-13.0,4.0,3.0
7.503001200480192e-07,-12.0,1.0,4.0
7.51500600240096e-07,-13.0,3.0,4.0
7.527010804321728e-07,-11.0,3.0,4.0
7.539015606242497e-07,-14.0,5.0,5.0
7.551020408163265e-07,-14.0,4.0,4.0
7.563025210084033e-07,-13.0,4.0,4.0
7.575030012004801e-07,-11.0,3.0,5.0
7.58703481392557e-07,-12.0,3.0,4.0
7.599039615846338e-07,-12.0,4.0,5.0
7.611044417767107e-07,-13.0,4.0,3.0
7.623049219687875e-07,-12.0,4.0,4.0
7.635054021608644e-07,-14.0,4.0,4.0
7.647058823529412e-07,-12.0,3.0,4.0
7.65906362545018e-07,-12.0,3.0,2.0
7.671068427370948e-07,-13.0,3.0,4.0
7.683073229291716e-07,-13.0,4.0,4.0
7.695078031212485e-07,-14.0,4.0,4.0
7.707082833133253e-07,-12.0,4.0,4.0
7.719087635054021e-07,-12.0,3.0,5.0
7.731092436974789e-07,-13.0,4.0,4.0
7.743097238895558e-07,-13.0,4.0,4.0
7.755102040816326e-07,-13.0,5.0,4.0
7.767106842737095e-07,-12.0,5.0,4.0
7.779111644657863e-07,-12.0,4.0,4.0
7.791116446578631e-07,-13.0,4.0,3.0
7.8031212484994e-07,-13.0,4.0,4.0
7.815126050420168e-07,-11.0,5.0,4.0
7.827130852340936e-07,-13.0,5.0,4.0
7.839135654261704e-07,-13.0,5.0,4.0
7.851140456182473e-07,-12.0,4.0,3.0
7.863145258103241e-07,-12.0,3.0,3.0
7.875150060024009e-07,-12.0,4.0,5.0
7.887154861944777e-07,-12.0,3.0,4.0
7.899159663865545e-07,-12.0,3.0,5.0
7.911164465786314e-07,-12.0,3.0,4.0
7.923169267707083e-07,-11.0,3.0,4.0
7.935174069627851e-07,-13.0,3.0,4.0
7.947178871548619e-07,-13.0,4.0,3.0
7.959183673469388e-07,-13.0,4.0,4.0
7.971188475390156e-07,-13.0,3.0,4.0
7.983193277310924e-07,-12.0,3.0,4.0
7.995198079231692e-07,-12.0,3.0,3.0
8.007202881152461e-07,-12.0,3.0,4.0
8.019207683073229e-07,-12.0,4.0,4.0
8.031212484993997e-07,-11.0,3.0,4.0
8.043217286914765e-07,-12.0,4.0,4.0
8.055222088835533e-07,-11.0,3.0,3.0
8.067226890756302e-07,-12.0,4.0,4.0
8.079231692677071e-07,-12.0,4.0,5.0
8.091236494597839e-07,-12.0,4.0,4.0
8.103241296518607e-07,-12.0,3.0,4.0
8.115246098439376e-07,-13.0,4.0,5.0
8.127250900360144e-07,-12.0,3.0,6.0
8.139255702280912e-07,-14.0,4.0,4.0
8.15126050420168e-07,-12.0,4.0,4.0
8.163265306122449e-07,-11.0,3.0,4.0
8.175270108043217e-07,-13.0,5.0,4.0
8.187274909963985e-07,-13.0,4.0,4.0
8.199279711884753e-07,-12.0,3.0,4.0
8.211284513805521e-07,-14.0,3.0,4.0
8.223289315726291e-07,-12.0,5.0,4.0
8.235294117647059e-07,-14.0,3.0,3.0
8.247298919567827e-07,-13.0,4.0,4.0
8.259303721488595e-07,-13.0,4.0,4.0
8.271308523409364e-07,-12.0,3.0,4.0
8.283313325330132e-07,-12.0,4.0,5.0
8.2953181272509e-07,-13.0,2.0,3.0
8.307322929171668e-07,-13.0,4.0,4.0
8.319327731092437e-07,-12.0,4.0,2.0
8.331332533013205e-07,-13.0,4.0,4.0
8.343337334933973e-07,-13.0,3.0,3.0
8.355342136854741e-07,-13.0,3.0,3.0
8.367346938775509e-07,-11.0,3.0,4.0
8.379351740696279e-07,-12.0,4.0,4.0
8.391356542617047e-07,-13.0,4.0,4.0
8.403361344537815e-07,-12.0,3.0,3.0
8.415366146458583e-07,-13.0,5.0,4.0
8.427370948379352e-07,-12.0,4.0,5.0
8.43937575030012e-07,-13.0,4.0,5.0
8.451380552220888e-07,-12.0,4.0,5.0
8.463385354141656e-07,-12.0,3.0,5.0
8.475390156062424e-07,-12.0,4.0,5.0
8.487394957983193e-07,-13.0,4.0,5.0
8.499399759903961e-07,-13.0,5.0,4.0
8.511404561824729e-07,-12.0,4.0,5.0
8.523409363745497e-07,-12.0,5.0,3.0
8.535414165666267e-07,-13.0,3.0,4.0
8.547418967587035e-07,-12.0,3.0,4.0
8.559423769507803e-07,-12.0,4.0,4.0
8.571428571428571e-07,-11.0,3.0,4.0
8.58343337334934e-07,-11.0,4.0,5.0
8.595438175270108e-07,-12.0,3.0,5.0
8.607442977190876e-07,-12.0,3.0,4.0
8.619447779111644e-07,-13.0,4.0,4.0
8.631452581032412e-07,-12.0,4.0,5.0
8.643457382953181e-07,-11.0,3.0,5.0
8.655462184873949e-07,-12.0,4.0,4.0
8.667466986794717e-07,-12.0,4.0,5.0
8.679471788715485e-07,-13.0,6.0,5.0
8.691476590636255e-07,-12.0,3.0,5.0
8.703481392557023e-07,-13.0,4.0,5.0
8.715486194477791e-07,-12.0,5.0,3.0
8.727490996398559e-07,-13.0,4.0,4.0
8.739495798319328e-07,-13.0,4.0,3.0
8.751500600240096e-07,-12.0,4.0,4.0
8.763505402160864e-07,-12.0,2.0,5.0
8.775510204081632e-07,-14.0,3.0,5.0
8.7875150060024e-07,-14.0,4.0,3.0
8.799519807923169e-07,-13.0,3.0,2.0
8.811524609843937e-07,-13.0,4.0,3.0
8.823529411764705e-07,-13.0,4.0,4.0
8.835534213685474e-07,-13.0,4.0,4.0
8.847539015606243e-07,-12.0,4.0,3.0
8.859543817527011e-07,-13.0,4.0,3.0
8.871548619447779e-07,-11.0,4.0,4.0
8.883553421368547e-07,-12.0,3.0,3.0
8.895558223289316e-07,-11.0,4.0,5.0
8.907563025210084e-07,-12.0,4.0,5.0
8.919567827130852e-07,-13.0,3.0,4.0
8.93157262905162e-07,-13.0,3.0,3.0
8.943577430972388e-07,-13.0,4.0,3.0
8.955582232893157e-07,-13.0,4.0,4.0
8.967587034813925e-07,-13.0,3.0,3.0
8.979591836734693e-07,-14.0,1.0,2.0
8.991596638655462e-07,-13.0,3.0,3.0
9.003601440576231e-07,-12.0,4.0,5.0
9.015606242496999e-07,-13.0,3.0,5.0
9.027611044417767e-07,-13.0,4.0,4.0
9.039615846338535e-07,-11.0,4.0,3.0
9.051620648259303e-07,-13.0,4.0,2.0
9.063625450180072e-07,-13.0,3.0,5.0
9.07563025210084e-07,-12.0,3.0,4.0
9.087635054021608e-07,-13.0,3.0,5.0
9.099639855942376e-07,-12.0,2.0,5.0
9.111644657863145e-07,-11.0,3.0,5.0
9.123649459783913e-07,-14.0,3.0,5.0
9.135654261704681e-07,-13.0,3.0,4.0
9.14765906362545e-07,-12.0,4.0,4.0
9.159663865546219e-07,-11.0,4.0,4.0
9.171668667466987e-07,-12.0,4.0,5.0
9.183673469387755e-07,-12.0,4.0,4.0
9.195678271308523e-07,-14.0,5.0,3.0
9.207683073229291e-07,-14.0,5.0,5.0
9.21968787515006e-07,-13.0,4.0,5.0
9.231692677070828e-07,-13.0,3.0,4.0
9.243697478991596e-07,-11.0,3.0,3.0
9.255702280912364e-07,-12.0,4.0,4.0
9.267707082833133e-07,-13.0,4.0,4.0
9.279711884753901e-07,-13.0,3.0,4.0
9.291716686674669e-07,-13.0,4.0,3.0
9.303721488595438e-07,-13.0,4.0,5.0
9.315726290516207e-07,-12.0,4.0,5.0
9.327731092436975e-07,-13.0,4.0,4.0
9.339735894357743e-07,-12.0,3.0,4.0
9.351740696278511e-07,-10.0,3.0,4.0
9.363745498199279e-07,-12.0,4.0,4.0
9.375750300120048e-07,-13.0,5.0,3.0
9.387755102040816e-07,-12.0,3.0,4.0
9.399759903961584e-07,-12.0,3.0,4.0
9.411764705882352e-07,-12.0,4.0,4.0
9.423769507803121e-07,-13.0,3.0,4.0
9.435774309723889e-07,-13.0,4.0,4.0
9.447779111644657e-07,-12.0,4.0,4.0
9.459783913565426e-07,-13.0,4.0,3.0
9.471788715486195e-07,-13.0,2.0,3.0
9.483793517406963e-07,-13.0,3.0,3.0
9.495798319327731e-07,-12.0,2.0,2.0
9.507803121248499e-07,-12.0,4.0,2.0
9.519807923169267e-07,-13.0,3.0,3.0
9.531812725090036e-07,-13.0,2.0,2.0
9.543817527010805e-07,-13.0,3.0,4.0
9.555822328931572e-07,-12.0,2.0,4.0
9.567827130852341e-07,-12.0,4.0,3.0
9.579831932773109e-07,-13.0,5.0,3.0
9.591836734693878e-07,-12.0,3.0,4.0
9.603841536614645e-07,-13.0,4.0,5.0
9.615846338535414e-07,-12.0,4.0,5.0
9.627851140456181e-07,-12.0,4.0,4.0
9.63985594237695e-07,-12.0,4.0,5.0
9.651860744297718e-07,-13.0,4.0,4.0
9.663865546218487e-07,-14.0,4.0,4.0
9.675870348139254e-07,-13.0,3.0,4.0
9.687875150060024e-07,-12.0,4.0,4.0
9.699879951980793e-07,-12.0,4.0,4.0
9.71188475390156e-07,-12.0,4.0,3.0
9.72388955582233e-07,-12.0,3.0,5.0
9.735894357743096e-07,-13.0,4.0,5.0
9.747899159663866e-07,-12.0,4.0,4.0
9.759903961584633e-07,-12.0,4.0,4.0
9.771908763505402e-07,-12.0,5.0,5.0
9.78391356542617e-07,-12.0,3.0,4.0
9.795918367346939e-07,-11.0,3.0,4.0
9.807923169267706e-07,-12.0,5.0,4.0
9.819927971188475e-07,-12.0,5.0,5.0
9.831932773109242e-07,-12.0,4.0,4.0
9.843937575030012e-07,-11.0,4.0,5.0
9.85594237695078e-07,-11.0,4.0,4.0
9.867947178871548e-07,-13.0,5.0,3.0
9.879951980792317e-07,-11.0,3.0,4.0
9.891956782713084e-07,-12.0,4.0,3.0
9.903961584633854e-07,-10.0,4.0,5.0
9.91596638655462e-07,-13.0,6.0,3.0
9.92797118847539e-07,-13.0,5.0,4.0
9.939975990396157e-07,-13.0,4.0,3.0
9.951980792316927e-07,-12.0,3.0,4.0
9.963985594237694e-07,-12.0,3.0,4.0
9.975990396158463e-07,-13.0,4.0,4.0
9.98799519807923e-07,-13.0,3.0,2.0
1e-06,-13.0,4.0,3.0
1.0012004801920769e-06,-13.0,4.0,3.0
1.0024009603841536e-06,-13.0,3.0,4.0
1.0036014405762305e-06,-12.0,4.0,3.0
1.0048019207683072e-06,-13.0,3.0,5.0
1.0060024009603842e-06,-14.0,4.0,5.0
1.0072028811524609e-06,-13.0,3.0,3.0
1.0084033613445378e-06,-12.0,5.0,4.0
1.0096038415366145e-06,-13.0,3.0,4.0
1.0108043217286915e-06,-13.0,4.0,4.0
1.0120048019207682e-06,-13.0,3.0,5.0
1.0132052821128451e-06,-12.0,3.0,3.0
1.014405762304922e-06,-13.0,4.0,3.0
1.0156062424969988e-06,-14.0,3.0,3.0
1.0168067226890757e-06,-13.0,3.0,3.0
1.0180072028811524e-06,-12.0,3.0,4.0
1.0192076830732293e-06,-12.0,4.0,3.0
1.020408163265306e-06,-13.0,4.0,3.0
1.021608643457383e-06,-12.0,4.0,4.0
1.0228091236494597e-06,-11.0,3.0,4.0
1.0240096038415366e-06,-14.0,3.0,3.0
1.0252100840336133e-06,-13.0,4.0,4.0
1.0264105642256903e-06,-11.0,4.0,5.0
1.027611044417767e-06,-12.0,3.0,5.0
1.028811524609844e-06,-13.0,3.0,4.0
1.0300120048019208e-06,-11.0,2.0,4.0
1.0312124849939975e-06,-12.0,2.0,4.0
1.0324129651860745e-06,-12.0,3.0,5.0
1.0336134453781512e-06,-13.0,4.0,4.0
1.0348139255702281e-06,-13.0,5.0,4.0
1.0360144057623048e-06,-14.0,4.0,3.0
1.0372148859543818e-06,-12.0,4.0,3.0
1.0384153661464585e-06,-12.0,3.0,5.0
1.0396158463385354e-06,-12.0,4.0,3.0
1.0408163265306121e-06,-12.0,1.0,4.0
1.042016806722689e-06,-12.0,4.0,4.0
1.0432172869147658e-06,-11.0,3.0,3.0
1.0444177671068427e-06,-12.0,3.0,5.0
1.0456182472989196e-06,-13.0,3.0,5.0
1.0468187274909963e-06,-13.0,3.0,4.0
1.0480192076830733e-06,-13.0,4.0,3.0
1.04921968787515e-06,-12.0,3.0,4.0
1.050420168067227e-06,-12.0,3.0,4.0
1.0516206482593036e-06,-12.0,4.0,4.0
1.0528211284513806e-06,-11.0,3.0,4.0
1.0540216086434573e-06,-12.0,3.0,4.0
1.0552220888355342e-06,-13.0,5.0,4.0
1.056422569027611e-06,-12.0,3.0,4.0
1.0576230492196879e-06,-11.0,3.0,3.0
1.0588235294117646e-06,-12.0,4.0,3.0
1.0600240096038415e-06,-12.0,4.0,5.0
1.0612244897959184e-06,-12.0,5.0,3.0
1.0624249699879951e-06,-12.0,4.0,4.0
1.063625450180072e-06,-14.0,4.0,4.0
1.0648259303721488e-06,-13.0,4.0,5.0
1.0660264105642257e-06,-13.0,4.0,4.0
1.0672268907563024e-06,-12.0,4.0,4.0
1.0684273709483794e-06,-12.0,3.0,4.0
1.069627851140456e-06,-12.0,3.0,3.0
1.070828331332533e-06,-13.0,3.0,3.0
1.0720288115246097e-06,-14.0,3.0,4.0
1.0732292917166867e-06,-14.0,4.0,4.0
1.0744297719087634e-06,-13.0,3.0,4.0
1.0756302521008403e-06,-13.0,4.0,4.0
1.0768307322929172e-06,-13.0,4.0,4.0
1.078031212484994e-06,-12.0,3.0,3.0
1.0792316926770709e-06,-13.0,4.0,4.0
1.0804321728691476e-06,-12.0,3.0,4.0
1.0816326530612245e-06,-13.0,4.0,5.0
1.0828331332533012e-06,-13.0,4.0,4.0
1.0840336134453782e-06,-13.0,4.0,4.0
1.0852340936374549e-06,-12.0,4.0,4.0
1.0864345738295318e-06,-12.0,2.0,4.0
1.0876350540216085e-06,-13.0,4.0,4.0
1.0888355342136854e-06,-14.0,5.0,4.0
1.0900360144057622e-06,-13.0,5.0,3.0
1.091236494597839e-06,-13.0,3.0,3.0
1.092436974789916e-06,-13.0,4.0,4.0
1.0936374549819927e-06,-12.0,4.0,4.0
1.0948379351740697e-06,-11.0,4.0,5.0
1.0960384153661464e-06,-13.0,4.0,5.0
1.0972388955582233e-06,-14.0,3.0,4.0
1.0984393757503e-06,-13.0,3.0,5.0
1.099639855942377e-06,-14.0,4.0,5.0
1.1008403361344537e-06,-13.0,5.0,4.0
1.1020408163265306e-06,-12.0,4.0,4.0
1.1032412965186073e-06,-12.0,4.0,5.0
1.1044417767106842e-06,-12.0,5.0,5.0
1.105642256902761e-06,-12.0,5.0,4.0
1.1068427370948379e-06,-12.0,3.0,3.0
1.1080432172869148e-06,-13.0,4.0,5.0
1.1092436974789915e-06,-12.0,4.0,4.0
1.1104441776710685e-06,-12.0,4.0,5.0
1.1116446578631452e-06,-12.0,4.0,5.0
1.1128451380552221e-06,-13.0,4.0,4.0
1.1140456182472988e-06,-12.0,4.0,5.0
1.1152460984393758e-06,-13.0,3.0,4.0
1.1164465786314525e-06,-14.0,3.0,4.0
1.1176470588235294e-06,-13.0,3.0,3.0
1.1188475390156061e-06,-11.0,4.0,4.0
1.120048019207683e-06,-13.0,5.0,5.0
1.1212484993997598e-06,-13.0,4.0,5.0
1.1224489795918367e-06,-13.0,4.0,4.0
1.1236494597839136e-06,-13.0,4.0,4.0
1.1248499399759903e-06,-12.0,4.0,4.0
1.1260504201680673e-06,-12.0,4.0,2.0
1.127250900360144e-06,-13.0,5.0,4.0
1.128451380552221e-06,-14.0,4.0,3.0
1.1296518607442976e-06,-14.0,5.0,5.0
1.1308523409363746e-06,-13.0,3.0,4.0
1.1320528211284513e-06,-13.0,4.0,3.0
1.1332533013205282e-06,-13.0,4.0,4.0
1.134453781512605e-06,-13.0,4.0,4.0
1.1356542617046818e-06,-13.0,3.0,4.0
1.1368547418967586e-06,-13.0,3.0,6.0
1.1380552220888355e-06,-11.0,4.0,6.0
1.1392557022809124e-06,-13.0,4.0,5.0
1.1404561824729891e-06,-12.0,5.0,5.0
1.141656662665066e-06,-11.0,4.0,4.0
1.1428571428571428e-06,-13.0,5.0,4.0
1.1440576230492197e-06,-12.0,4.0,5.0
1.1452581032412964e-06,-11.0,4.0,4.0
1.1464585834333733e-06,-11.0,3.0,4.0
1.14765906362545e-06,-12.0,4.0,3.0
1.148859543817527e-06,-11.0,5.0,4.0
1.1500600240096037e-06,-13.0,3.0,3.0
1.1512605042016806e-06,-13.0,4.0,4.0
1.1524609843937576e-06,-14.0,4.0,4.0
1.1536614645858343e-06,-13.0,5.0,4.0
1.1548619447779112e-06,-13.0,5.0,5.0
1.156062424969988e-06,-12.0,5.0,5.0
1.1572629051620649e-06,-12.0,3.0,4.0
1.1584633853541416e-06,-12.0,4.0,4.0
1.1596638655462185e-06,-13.0,3.0,4.0
1.1608643457382952e-06,-12.0,2.0,4.0
1.1620648259303721e-06,-12.0,3.0,3.0
1.1632653061224489e-06,-11.0,3.0,4.0
1.1644657863145258e-06,-12.0,5.0,4.0
1.1656662665066025e-06,-13.0,4.0,4.0
1.1668667466986794e-06,-12.0,4.0,5.0
1.1680672268907564e-06,-13.0,3.0,4.0
1.169267707082833e-06,-12.0,4.0,5.0
1.17046818727491e-06,-12.0,5.0,4.0
1.1716686674669867e-06,-11.0,4.0,4.0
1.1728691476590637e-06,-11.0,4.0,4.0
1.1740696278511404e-06,-13.0,4.0,5.0
1.1752701080432173e-06,-13.0,3.0,5.0
1.176470588235294e-06,-13.0,3.0,5.0
1.177671068427371e-06,-13.0,5.0,3.0
1.1788715486194477e-06,-12.0,5.0,3.0
1.1800720288115246e-06,-13.0,4.0,3.0
1.1812725090036013e-06,-13.0,3.0,4.0
1.1824729891956782e-06,-13.0,4.0,4.0
1.1836734693877552e-06,-12.0,5.0,5.0
1.1848739495798319e-06,-12.0,4.0,4.0
1.1860744297719088e-06,-14.0,4.0,3.0
1.1872749099639855e-06,-13.0,4.0,3.0
1.1884753901560625e-06,-13.0,4.0,3.0
1.1896758703481392e-06,-12.0,3.0,5.0
1.190876350540216e-06,-13.0,4.0,4.0
1.1920768307322928e-06,-13.0,3.0,4.0
1.1932773109243697e-06,-12.0,4.0,3.0
1.1944777911164465e-06,-11.0,4.0,3.0
1.1956782713085234e-06,-11.0,4.0,4.0
1.1968787515006e-06,-10.0,4.0,3.0
1.198079231692677e-06,-12.0,4.0,3.0
1.199279711884754e-06,-13.0,5.0,4.0
1.2004801920768307e-06,-13.0,4.0,5.0
1.2016806722689076e-06,-13.0,5.0,4.0
1.2028811524609843e-06,-14.0,3.0,3.0
1.2040816326530612e-06,-13.0,4.0,4.0
1.205282112845138e-06,-13.0,3.0,5.0
1.2064825930372149e-06,-11.0,4.0,5.0
1.2076830732292916e-06,-11.0,4.0,3.0
1.2088835534213685e-06,-12.0,4.0,4.0
1.2100840336134453e-06,-13.0,4.0,3.0
1.2112845138055222e-06,-12.0,5.0,3.0
1.212484993997599e-06,-11.0,4.0,4.0
1.2136854741896758e-06,-10.0,4.0,4.0
1.2148859543817528e-06,-11.0,4.0,5.0
1.2160864345738295e-06,-12.0,3.0,5.0
1.2172869147659064e-06,-13.0,3.0,4.0
1.2184873949579831e-06,-13.0,5.0,4.0
1.21968787515006e-06,-11.0,4.0,4.0
1.2208883553421368e-06,-12.0,4.0,5.0
1.2220888355342137e-06,-12.0,4.0,3.0
1.2232893157262904e-06,-11.0,5.0,3.0
1.2244897959183673e-06,-12.0,4.0,4.0
1.225690276110444e-06,-11.0,3.0,3.0
1.226890756302521e-06,-14.0,3.0,4.0
1.2280912364945977e-06,-11.0,4.0,4.0
1.2292917166866746e-06,-14.0,5.0,5.0
1.2304921968787516e-06,-13.0,5.0,4.0
1.2316926770708283e-06,-13.0,4.0,3.0
1.2328931572629052e-06,-12.0,4.0,4.0
1.234093637454982e-06,-12.0,4.0,5.0
1.2352941176470588e-06,-12.0,5.0,4.0
1.2364945978391356e-06,-13.0,3.0,3.0
1.2376950780312125e-06,-13.0,4.0,5.0
1.2388955582232892e-06,-14.0,5.0,4.0
1.2400960384153661e-06,-13.0,3.0,4.0
1.2412965186074428e-06,-12.0,3.0,3.0
1.2424969987995198e-06,-13.0,4.0,3.0
1.2436974789915965e-06,-13.0,4.0,3.0
1.2448979591836734e-06,-13.0,4.0,3.0
1.2460984393757503e-06,-14.0,5.0,4.0
1.247298919567827e-06,-13.0,3.0,5.0
1.248499399759904e-06,-13.0,4.0,4.0
1.2496998799519807e-06,-13.0,4.0,4.0
1.2509003601440576e-06,-13.0,4.0,3.0
1.2521008403361344e-06,-14.0,4.0,5.0
1.2533013205282113e-06,-14.0,4.0,4.0
1.254501800720288e-06,-14.0,3.0,3.0
1.255702280912365e-06,-12.0,5.0,4.0
1.2569027611044416e-06,-11.0,5.0,4.0
1.2581032412965186e-06,-13.0,5.0,4.0
1.2593037214885953e-06,-13.0,5.0,4.0
1.2605042016806722e-06,-12.0,4.0,4.0
1.2617046818727491e-06,-13.0,3.0,4.0
1.2629051620648259e-06,-13.0,4.0,5.0
1.2641056422569028e-06,-13.0,4.0,5.0
1.2653061224489795e-06,-12.0,4.0,5.0
1.2665066026410564e-06,-12.0,4.0,4.0
1.2677070828331332e-06,-11.0,4.0,4.0
1.26890756302521e-06,-13.0,3.0,3.0
1.2701080432172868e-06,-13.0,3.0,5.0
1.2713085234093637e-06,-14.0,4.0,4.0
1.2725090036014404e-06,-14.0,4.0,4.0
1.2737094837935174e-06,-13.0,5.0,5.0
1.274909963985594e-06,-13.0,3.0,5.0
1.276110444177671e-06,-12.0,4.0,6.0
1.277310924369748e-06,-13.0,6.0,4.0
1.2785114045618247e-06,-12.0,5.0,5.0
1.2797118847539016e-06,-13.0,4.0,5.0
1.2809123649459783e-06,-12.0,3.0,3.0
1.2821128451380552e-06,-13.0,4.0,4.0
1.283313325330132e-06,-14.0,4.0,4.0
1.2845138055222089e-06,-14.0,4.0,4.0
1.2857142857142856e-06,-12.0,3.0,4.0
1.2869147659063625e-06,-12.0,4.0,4.0
1.2881152460984392e-06,-13.0,3.0,5.0
1.2893157262905162e-06,-13.0,3.0,5.0
1.2905162064825929e-06,-11.0,3.0,4.0
1.2917166866746698e-06,-11.0,3.0,4.0
1.2929171668667467e-06,-13.0,4.0,5.0
1.2941176470588235e-06,-13.0,4.0,5.0
1.2953181272509004e-06,-12.0,3.0,5.0
1.296518607442977e-06,-13.0,3.0,5.0
1.297719087635054e-06,-12.0,4.0,4.0
1.2989195678271307e-06,-13.0,4.0,3.0
1.3001200480192077e-06,-13.0,4.0,4.0
1.3013205282112844e-06,-13.0,3.0,5.0
1.3025210084033613e-06,-12.0,3.0,5.0
1.303721488595438e-06,-12.0,2.0,4.0
1.304921968787515e-06,-12.0,3.0,3.0
1.3061224489795917e-06,-13.0,3.0,4.0
1.3073229291716686e-06,-13.0,4.0,3.0
1.3085234093637455e-06,-13.0,4.0,3.0
1.3097238895558223e-06,-14.0,4.0,3.0
1.3109243697478992e-06,-13.0,3.0,4.0
1.312124849939976e-06,-12.0,2.0,3.0
1.3133253301320528e-06,-11.0,3.0,3.0
1.3145258103241295e-06,-13.0,5.0,4.0
1.3157262905162065e-06,-12.0,3.0,4.0
1.3169267707082832e-06,-12.0,5.0,4.0
1.3181272509003601e-06,-13.0,6.0,5.0
1.3193277310924368e-06,-14.0,4.0,4.0
1.3205282112845138e-06,-12.0,3.0,5.0
1.3217286914765907e-06,-13.0,4.0,4.0
1.3229291716686674e-06,-12.0,4.0,5.0
1.3241296518607443e-06,-13.0,5.0,5.0
1.325330132052821e-06,-13.0,5.0,4.0
1.326530612244898e-06,-12.0,5.0,5.0
1.3277310924369747e-06,-12.0,4.0,4.0
1.3289315726290516e-06,-11.0,4.0,4.0
1.3301320528211283e-06,-13.0,3.0,4.0
1.3313325330132053e-06,-13.0,3.0,4.0
1.332533013205282e-06,-12.0,4.0,5.0
1.333733493397359e-06,-13.0,3.0,4.0
1.3349339735894356e-06,-13.0,3.0,4.0
1.3361344537815126e-06,-13.0,2.0,4.0
1.3373349339735895e-06,-13.0,5.0,4.0
1.3385354141656662e-06,-12.0,5.0,4.0
1.3397358943577431e-06,-11.0,3.0,4.0
1.3409363745498199e-06,-12.0,4.0,4.0
1.3421368547418968e-06,-11.0,4.0,4.0
1.3433373349339735e-06,-13.0,5.0,4.0
1.3445378151260504e-06,-10.0,3.0,5.0
1.3457382953181271e-06,-12.0,4.0,5.0
1.346938775510204e-06,-11.0,3.0,4.0
1.3481392557022808e-06,-14.0,4.0,4.0
1.3493397358943577e-06,-14.0,4.0,5.0
1.3505402160864344e-06,-13.0,4.0,3.0
1.3517406962785114e-06,-13.0,3.0,5.0
1.3529411764705883e-06,-13.0,4.0,6.0
1.354141656662665e-06,-11.0,5.0,5.0
1.355342136854742e-06,-13.0,3.0,4.0
1.3565426170468186e-06,-13.0,3.0,5.0
1.3577430972388956e-06,-14.0,4.0,4.0
1.3589435774309723e-06,-14.0,5.0,4.0
1.3601440576230492e-06,-12.0,4.0,3.0
1.361344537815126e-06,-12.0,4.0,4.0
1.3625450180072029e-06,-13.0,4.0,3.0
1.3637454981992796e-06,-12.0,4.0,3.0
1.3649459783913565e-06,-13.0,4.0,4.0
1.3661464585834332e-06,-14.0,3.0,4.0
1.3673469387755102e-06,-13.0,3.0,4.0
1.368547418967587e-06,-13.0,3.0,4.0
1.3697478991596638e-06,-12.0,4.0,4.0
1.3709483793517407e-06,-13.0,4.0,4.0
1.3721488595438174e-06,-13.0,4.0,3.0
1.3733493397358944e-06,-13.0,3.0,3.0
1.374549819927971e-06,-13.0,4.0,4.0
1.375750300120048e-06,-11.0,5.0,4.0
1.3769507803121247e-06,-12.0,3.0,5.0
1.3781512605042017e-06,-13.0,4.0,4.0
1.3793517406962784e-06,-12.0,3.0,4.0
1.3805522208883553e-06,-13.0,3.0,5.0
1.381752701080432e-06,-12.0,3.0,5.0
1.382953181272509e-06,-10.0,3.0,6.0
1.3841536614645859e-06,-12.0,2.0,4.0
1.3853541416566626e-06,-12.0,3.0,4.0
1.3865546218487395e-06,-11.0,4.0,4.0
1.3877551020408162e-06,-12.0,3.0,4.0
1.3889555822328932e-06,-13.0,4.0,4.0
1.3901560624249699e-06,-13.0,3.0,5.0
1.3913565426170468e-06,-12.0,4.0,4.0
1.3925570228091235e-06,-13.0,3.0,6.0
1.3937575030012005e-06,-13.0,4.0,4.0
1.3949579831932772e-06,-12.0,3.0,5.0
1.396158463385354e-06,-12.0,4.0,4.0
1.3973589435774308e-06,-12.0,3.0,5.0
1.3985594237695077e-06,-12.0,4.0,4.0
1.3997599039615847e-06,-11.0,3.0,3.0
1.4009603841536614e-06,-12.0,4.0,4.0
1.4021608643457383e-06,-14.0,5.0,4.0
1.403361344537815e-06,-13.0,4.0,4.0
1.404561824729892e-06,-13.0,3.0,5.0
1.4057623049219687e-06,-14.0,4.0,5.0
1.4069627851140456e-06,-12.0,4.0,4.0
1.4081632653061223e-06,-13.0,5.0,3.0
1.4093637454981993e-06,-10.0,4.0,3.0
1.410564225690276e-06,-11.0,4.0,4.0
1.411764705882353e-06,-12.0,4.0,4.0
1.4129651860744296e-06,-13.0,4.0,5.0
1.4141656662665065e-06,-12.0,3.0,4.0
1.4153661464585835e-06,-13.0,3.0,4.0
1.4165666266506602e-06,-12.0,5.0,4.0
1.4177671068427371e-06,-13.0,4.0,4.0
1.4189675870348138e-06,-13.0,4.0,4.0
1.4201680672268908e-06,-13.0,4.0,4.0
1.4213685474189675e-06,-13.0,4.0,3.0
1.4225690276110444e-06,-12.0,4.0,4.0
1.4237695078031211e-06,-13.0,4.0,3.0
1.424969987995198e-06,-13.0,4.0,4.0
1.4261704681872748e-06,-12.0,5.0,3.0
1.4273709483793517e-06,-12.0,5.0,4.0
1.4285714285714284e-06,-12.0,4.0,4.0
1.4297719087635053e-06,-12.0,3.0,4.0
1.4309723889555823e-06,-13.0,4.0,4.0
1.432172869147659e-06,-11.0,4.0,4.0
1.433373349339736e-06,-14.0,5.0,4.0
1.4345738295318126e-06,-12.0,4.0,3.0
1.4357743097238896e-06,-13.0,5.0,4.0
1.4369747899159663e-06,-13.0,4.0,4.0
1.4381752701080432e-06,-13.0,3.0,4.0
1.43937575030012e-06,-12.0,3.0,4.0
1.4405762304921969e-06,-13.0,5.0,4.0
1.4417767106842736e-06,-12.0,4.0,5.0
1.4429771908763505e-06,-13.0,4.0,5.0
1.4441776710684272e-06,-12.0,4.0,4.0
1.4453781512605041e-06,-12.0,4.0,3.0
1.446578631452581e-06,-12.0,5.0,3.0
1.4477791116446578e-06,-13.0,4.0,5.0
1.4489795918367347e-06,-14.0,3.0,3.0
1.4501800720288114e-06,-13.0,4.0,4.0
1.4513805522208884e-06,-12.0,4.0,5.0
1.452581032412965e-06,-14.0,5.0,5.0
1.453781512605042e-06,-13.0,4.0,4.0
1.4549819927971187e-06,-12.0,4.0,4.0
1.4561824729891956e-06,-12.0,4.0,4.0
1.4573829531812724e-06,-12.0,5.0,4.0
1.4585834333733493e-06,-12.0,5.0,5.0
1.4597839135654262e-06,-11.0,3.0,4.0
1.460984393757503e-06,-12.0,3.0,5.0
1.4621848739495799e-06,-13.0,5.0,5.0
1.4633853541416566e-06,-12.0,4.0,4.0
1.4645858343337335e-06,-14.0,3.0,4.0
1.4657863145258102e-06,-12.0,5.0,3.0
1.4669867947178872e-06,-14.0,5.0,5.0
1.4681872749099639e-06,-14.0,4.0,5.0
1.4693877551020408e-06,-14.0,3.0,5.0
1.4705882352941175e-06,-13.0,3.0,5.0
1.4717887154861944e-06,-11.0,3.0,4.0
1.4729891956782712e-06,-14.0,5.0,4.0
1.474189675870348e-06,-12.0,2.0,4.0
1.475390156062425e-06,-12.0,4.0,5.0
1.4765906362545017e-06,-13.0,4.0,5.0
1.4777911164465787e-06,-13.0,5.0,4.0
1.4789915966386554e-06,-12.0,4.0,4.0
1.4801920768307323e-06,-13.0,4.0,4.0
1.481392557022809e-06,-13.0,4.0,4.0
1.482593037214886e-06,-12.0,4.0,3.0
1.4837935174069627e-06,-13.0,6.0,3.0
1.4849939975990396e-06,-13.0,3.0,3.0
1.4861944777911163e-06,-13.0,3.0,4.0
1.4873949579831932e-06,-13.0,4.0,5.0
1.48859543817527e-06,-13.0,3.0,5.0
1.4897959183673469e-06,-13.0,4.0,6.0
1.4909963985594238e-06,-13.0,3.0,4.0
1.4921968787515005e-06,-13.0,4.0,3.0
1.4933973589435775e-06,-11.0,4.0,4.0
1.4945978391356542e-06,-12.0,5.0,3.0
1.4957983193277311e-06,-13.0,4.0,4.0
1.4969987995198078e-06,-13.0,4.0,4.0
1.4981992797118848e-06,-12.0,4.0,3.0
1.4993997599039615e-06,-13.0,3.0,5.0
1.5006002400960384e-06,-12.0,3.0,5.0
1.5018007202881151e-06,-11.0,3.0,5.0
1.503001200480192e-06,-12.0,3.0,4.0
1.5042016806722688e-06,-11.0,4.0,4.0
1.5054021608643457e-06,-11.0,4.0,5.0
1.5066026410564226e-06,-13.0,3.0,4.0
1.5078031212484993e-06,-12.0,3.0,5.0
1.5090036014405763e-06,-13.0,4.0,5.0
1.510204081632653e-06,-13.0,5.0,4.0
1.51140456182473e-06,-12.0,4.0,5.0
1.5126050420168066e-06,-12.0,5.0,4.0
1.5138055222088835e-06,-12.0,4.0,6.0
1.5150060024009603e-06,-14.0,4.0,5.0
1.5162064825930372e-06,-13.0,2.0,4.0
1.517406962785114e-06,-13.0,3.0,5.0
1.5186074429771908e-06,-12.0,3.0,5.0
1.5198079231692676e-06,-12.0,4.0,5.0
1.5210084033613445e-06,-14.0,3.0,4.0
1.5222088835534214e-06,-14.0,4.0,5.0
1.5234093637454981e-06,-13.0,3.0,4.0
1.524609843937575e-06,-11.0,4.0,6.0
1.5258103241296518e-06,-11.0,4.0,6.0
1.5270108043217287e-06,-12.0,5.0,4.0
1.5282112845138054e-06,-11.0,5.0,5.0
1.5294117647058823e-06,-12.0,3.0,5.0
1.530612244897959e-06,-14.0,4.0,4.0
1.531812725090036e-06,-13.0,4.0,5.0
1.5330132052821127e-06,-11.0,3.0,4.0
1.5342136854741896e-06,-12.0,3.0,5.0
1.5354141656662664e-06,-11.0,4.0,4.0
1.5366146458583433e-06,-12.0,4.0,3.0
1.5378151260504202e-06,-13.0,3.0,4.0
1.539015606242497e-06,-12.0,3.0,4.0
1.5402160864345739e-06,-12.0,4.0,4.0
1.5414165666266506e-06,-12.0,3.0,3.0
1.5426170468187275e-06,-13.0,4.0,3.0
1.5438175270108042e-06,-13.0,3.0,4.0
1.5450180072028811e-06,-14.0,3.0,3.0
1.5462184873949579e-06,-14.0,4.0,3.0
1.5474189675870348e-06,-13.0,3.0,4.0
1.5486194477791115e-06,-12.0,3.0,5.0
1.5498199279711884e-06,-13.0,3.0,4.0
1.5510204081632651e-06,-12.0,3.0,4.0
1.552220888355342e-06,-13.0,4.0,4.0
1.553421368547419e-06,-13.0,3.0,4.0
1.5546218487394957e-06,-14.0,5.0,4.0
1.5558223289315727e-06,-12.0,5.0,5.0
1.5570228091236494e-06,-12.0,4.0,4.0
1.5582232893157263e-06,-12.0,5.0,4.0
1.559423769507803e-06,-14.0,3.0,4.0
1.56062424969988e-06,-13.0,3.0,3.0
1.5618247298919567e-06,-13.0,4.0,4.0
1.5630252100840336e-06,-12.0,4.0,4.0
1.5642256902761103e-06,-12.0,5.0,3.0
1.5654261704681872e-06,-13.0,6.0,3.0
1.566626650660264e-06,-12.0,5.0,4.0
1.5678271308523409e-06,-13.0,4.0,3.0
1.5690276110444178e-06,-12.0,4.0,4.0
1.5702280912364945e-06,-12.0,4.0,4.0
1.5714285714285714e-06,-12.0,5.0,4.0
1.5726290516206482e-06,-13.0,4.0,4.0
1.573829531812725e-06,-13.0,3.0,5.0
1.5750300120048018e-06,-13.0,4.0,4.0
1.5762304921968787e-06,-13.0,5.0,4.0
1.5774309723889555e-06,-11.0,5.0,5.0
1.5786314525810324e-06,-11.0,5.0,4.0
1.579831932773109e-06,-12.0,5.0,5.0
1.581032412965186e-06,-14.0,5.0,4.0
1.5822328931572627e-06,-12.0,4.0,3.0
1.5834333733493397e-06,-13.0,3.0,4.0
1.5846338535414166e-06,-11.0,4.0,3.0
1.5858343337334933e-06,-13.0,5.0,4.0
1.5870348139255702e-06,-12.0,4.0,4.0
1.588235294117647e-06,-12.0,3.0,4.0
1.5894357743097239e-06,-12.0,3.0,5.0
1.5906362545018006e-06,-13.0,3.0,6.0
1.5918367346938775e-06,-12.0,3.0,4.0
1.5930372148859543e-06,-13.0,3.0,4.0
1.5942376950780312e-06,-13.0,5.0,5.0
1.595438175270108e-06,-13.0,5.0,5.0
1.5966386554621848e-06,-13.0,4.0,4.0
1.5978391356542615e-06,-12.0,4.0,5.0
1.5990396158463385e-06,-14.0,3.0,5.0
1.6002400960384154e-06,-14.0,3.0,4.0
1.6014405762304921e-06,-13.0,3.0,3.0
1.602641056422569e-06,-13.0,4.0,4.0
1.6038415366146458e-06,-13.0,3.0,3.0
1.6050420168067227e-06,-13.0,3.0,3.0
1.6062424969987994e-06,-13.0,3.0,5.0
1.6074429771908763e-06,-12.0,4.0,4.0
1.608643457382953e-06,-13.0,5.0,5.0
1.60984393757503e-06,-14.0,4.0,4.0
1.6110444177671067e-06,-14.0,3.0,5.0
1.6122448979591836e-06,-13.0,4.0,5.0
1.6134453781512603e-06,-13.0,5.0,5.0
1.6146458583433373e-06,-14.0,3.0,4.0
1.6158463385354142e-06,-13.0,4.0,5.0
1.617046818727491e-06,-13.0,3.0,4.0
1.6182472989195678e-06,-13.0,4.0,5.0
1.6194477791116446e-06,-13.0,4.0,5.0
1.6206482593037215e-06,-12.0,3.0,5.0
1.6218487394957982e-06,-12.0,3.0,5.0
1.6230492196878751e-06,-12.0,3.0,5.0
1.6242496998799518e-06,-12.0,3.0,6.0
1.6254501800720288e-06,-13.0,4.0,4.0
1.6266506602641055e-06,-13.0,3.0,4.0
1.6278511404561824e-06,-13.0,4.0,6.0
1.6290516206482593e-06,-14.0,4.0,4.0
1.630252100840336e-06,-12.0,3.0,4.0
1.631452581032413e-06,-12.0,4.0,5.0
1.6326530612244897e-06,-13.0,4.0,5.0
1.6338535414165666e-06,-13.0,5.0,4.0
1.6350540216086434e-06,-12.0,3.0,4.0
1.6362545018007203e-06,-12.0,4.0,4.0
1.637454981992797e-06,-10.0,3.0,4.0
1.638655462184874e-06,-11.0,4.0,3.0
1.6398559423769506e-06,-14.0,4.0,3.0
1.6410564225690276e-06,-13.0,4.0,4.0
1.6422569027611043e-06,-12.0,4.0,4.0
1.6434573829531812e-06,-10.0,3.0,5.0
1.6446578631452581e-06,-12.0,3.0,5.0
1.6458583433373349e-06,-13.0,5.0,5.0
1.6470588235294118e-06,-12.0,3.0,4.0
1.6482593037214885e-06,-12.0,4.0,4.0
1.6494597839135654e-06,-13.0,5.0,5.0
1.6506602641056422e-06,-13.0,4.0,5.0
1.651860744297719e-06,-12.0,3.0,4.0
1.6530612244897958e-06,-13.0,4.0,3.0
1.6542617046818727e-06,-12.0,4.0,4.0
1.6554621848739494e-06,-14.0,4.0,3.0
1.6566626650660264e-06,-13.0,4.0,4.0
1.657863145258103e-06,-13.0,4.0,4.0
1.65906362545018e-06,-14.0,3.0,3.0
1.660264105642257e-06,-12.0,4.0,4.0
1.6614645858343337e-06,-12.0,4.0,3.0
1.6626650660264106e-06,-12.0,3.0,4.0
1.6638655462184873e-06,-13.0,3.0,1.0
1.6650660264105642e-06,-13.0,3.0,3.0
1.666266506602641e-06,-12.0,3.0,4.0
1.6674669867947179e-06,-12.0,4.0,4.0
1.6686674669867946e-06,-12.0,4.0,3.0
1.6698679471788715e-06,-10.0,3.0,4.0
1.6710684273709482e-06,-13.0,4.0,4.0
1.6722689075630252e-06,-11.0,4.0,4.0
1.6734693877551019e-06,-13.0,4.0,5.0
1.6746698679471788e-06,-12.0,5.0,4.0
1.6758703481392557e-06,-13.0,4.0,3.0
1.6770708283313325e-06,-12.0,4.0,3.0
1.6782713085234094e-06,-13.0,5.0,4.0
1.679471788715486e-06,-13.0,5.0,5.0
1.680672268907563e-06,-14.0,4.0,5.0
1.6818727490996397e-06,-13.0,4.0,4.0
1.6830732292917167e-06,-12.0,4.0,4.0
1.6842737094837934e-06,-12.0,4.0,4.0
1.6854741896758703e-06,-13.0,3.0,4.0
1.686674669867947e-06,-13.0,3.0,4.0
1.687875150060024e-06,-13.0,4.0,3.0
1.6890756302521007e-06,-12.0,4.0,5.0
1.6902761104441776e-06,-13.0,3.0,5.0
1.6914765906362545e-06,-13.0,3.0,5.0
1.6926770708283313e-06,-14.0,3.0,5.0
1.6938775510204082e-06,-13.0,5.0,4.0
1.695078031212485e-06,-12.0,5.0,4.0
1.6962785114045618e-06,-12.0,4.0,4.0
1.6974789915966385e-06,-12.0,3.0,4.0
1.6986794717887155e-06,-12.0,3.0,4.0
1.6998799519807922e-06,-12.0,6.0,4.0
1.7010804321728691e-06,-13.0,3.0,4.0
1.7022809123649458e-06,-14.0,3.0,4.0
1.7034813925570228e-06,-12.0,3.0,4.0
1.7046818727490995e-06,-12.0,5.0,4.0
1.7058823529411764e-06,-12.0,3.0,4.0
1.7070828331332533e-06,-14.0,4.0,4.0
1.70828331332533e-06,-12.0,4.0,4.0
1.709483793517407e-06,-12.0,4.0,4.0
1.7106842737094837e-06,-13.0,6.0,5.0
1.7118847539015606e-06,-14.0,4.0,3.0
1.7130852340936373e-06,-12.0,4.0,5.0
1.7142857142857143e-06,-13.0,5.0,4.0
1.715486194477791e-06,-12.0,4.0,3.0
1.716686674669868e-06,-13.0,4.0,3.0
1.7178871548619446e-06,-12.0,4.0,3.0
1.7190876350540216e-06,-11.0,3.0,4.0
1.7202881152460983e-06,-13.0,5.0,4.0
1.7214885954381752e-06,-12.0,5.0,5.0
1.7226890756302521e-06,-13.0,4.0,5.0
1.7238895558223288e-06,-13.0,4.0,4.0
1.7250900360144058e-06,-11.0,3.0,4.0
1.7262905162064825e-06,-13.0,4.0,4.0
1.7274909963985594e-06,-12.0,3.0,4.0
1.7286914765906361e-06,-13.0,2.0,5.0
1.729891956782713e-06,-13.0,3.0,4.0
1.7310924369747898e-06,-14.0,4.0,5.0
1.7322929171668667e-06,-12.0,5.0,4.0
1.7334933973589434e-06,-13.0,4.0,4.0
1.7346938775510204e-06,-12.0,4.0,5.0
1.735894357743097e-06,-13.0,4.0,4.0
1.737094837935174e-06,-13.0,4.0,3.0
1.738295318127251e-06,-12.0,3.0,5.0
1.7394957983193276e-06,-11.0,4.0,4.0
1.7406962785114046e-06,-12.0,3.0,4.0
1.7418967587034813e-06,-11.0,4.0,5.0
1.7430972388955582e-06,-11.0,3.0,5.0
1.744297719087635e-06,-13.0,3.0,4.0
1.7454981992797119e-06,-13.0,4.0,5.0
1.7466986794717886e-06,-14.0,3.0,4.0
1.7478991596638655e-06,-13.0,4.0,5.0
1.7490996398559422e-06,-12.0,3.0,5.0
1.7503001200480192e-06,-13.0,3.0,5.0
1.7515006002400959e-06,-13.0,3.0,5.0
1.7527010804321728e-06,-13.0,4.0,4.0
1.7539015606242497e-06,-12.0,3.0,4.0
1.7551020408163264e-06,-13.0,4.0,5.0
1.7563025210084034e-06,-11.0,4.0,3.0
1.75750300120048e-06,-14.0,4.0,3.0
1.758703481392557e-06,-14.0,4.0,4.0
1.7599039615846337e-06,-13.0,4.0,4.0
1.7611044417767107e-06,-13.0,4.0,5.0
1.7623049219687874e-06,-13.0,4.0,5.0
1.7635054021608643e-06,-11.0,3.0,4.0
1.764705882352941e-06,-13.0,4.0,5.0
1.765906362545018e-06,-10.0,4.0,4.0
1.7671068427370949e-06,-10.0,3.0,4.0
1.7683073229291716e-06,-12.0,5.0,4.0
1.7695078031212485e-06,-12.0,3.0,4.0
1.7707082833133252e-06,-11.0,3.0,3.0
1.7719087635054022e-06,-13.0,4.0,3.0
1.7731092436974789e-06,-12.0,4.0,4.0
1.7743097238895558e-06,-13.0,3.0,4.0
1.7755102040816325e-06,-12.0,3.0,4.0
1.7767106842737095e-06,-12.0,5.0,3.0
1.7779111644657862e-06,-11.0,4.0,3.0
1.779111644657863e-06,-11.0,3.0,4.0
1.7803121248499398e-06,-12.0,3.0,3.0
1.7815126050420167e-06,-12.0,4.0,4.0
1.7827130852340937e-06,-13.0,3.0,4.0
1.7839135654261704e-06,-13.0,5.0,4.0
1.7851140456182473e-06,-13.0,4.0,3.0
1.786314525810324e-06,-13.0,4.0,3.0
1.787515006002401e-06,-12.0,3.0,4.0
1.7887154861944777e-06,-11.0,4.0,5.0
1.7899159663865546e-06,-12.0,5.0,6.0
1.7911164465786313e-06,-13.0,3.0,4.0
1.7923169267707083e-06,-13.0,4.0,4.0
1.793517406962785e-06,-12.0,4.0,5.0
1.794717887154862e-06,-14.0,4.0,4.0
1.7959183673469386e-06,-12.0,4.0,4.0
1.7971188475390155e-06,-14.0,4.0,4.0
1.7983193277310925e-06,-13.0,6.0,4.0
1.7995198079231692e-06,-11.0,4.0,4.0
1.8007202881152461e-06,-11.0,5.0,4.0
1.8019207683073228e-06,-12.0,4.0,4.0
1.8031212484993998e-06,-13.0,6.0,3.0
1.8043217286914765e-06,-13.0,4.0,4.0
1.8055222088835534e-06,-13.0,4.0,4.0
1.8067226890756301e-06,-12.0,4.0,3.0
1.807923169267707e-06,-12.0,4.0,4.0
1.8091236494597838e-06,-13.0,5.0,4.0
1.8103241296518607e-06,-12.0,4.0,4.0
1.8115246098439374e-06,-12.0,3.0,4.0
1.8127250900360143e-06,-14.0,4.0,4.0
1.8139255702280913e-06,-12.0,4.0,3.0
1.815126050420168e-06,-12.0,3.0,4.0
1.816326530612245e-06,-11.0,5.0,4.0
1.8175270108043216e-06,-13.0,4.0,4.0
1.8187274909963986e-06,-13.0,5.0,5.0
1.8199279711884753e-06,-12.0,2.0,5.0
1.8211284513805522e-06,-13.0,3.0,4.0
1.822328931572629e-06,-10.0,4.0,3.0
1.8235294117647058e-06,-13.0,5.0,4.0
1.8247298919567826e-06,-13.0,5.0,4.0
1.8259303721488595e-06,-12.0,4.0,4.0
1.8271308523409362e-06,-12.0,4.0,4.0
1.8283313325330131e-06,-14.0,4.0,4.0
1.82953181272509e-06,-12.0,5.0,4.0
1.8307322929171668e-06,-12.0,5.0,4.0
1.8319327731092437e-06,-13.0,4.0,5.0
1.8331332533013204e-06,-12.0,5.0,5.0
1.8343337334933974e-06,-13.0,4.0,5.0
1.835534213685474e-06,-11.0,4.0,4.0
1.836734693877551e-06,-12.0,3.0,4.0
1.8379351740696277e-06,-13.0,4.0,5.0
1.8391356542617046e-06,-12.0,4.0,3.0
1.8403361344537814e-06,-13.0,4.0,3.0
1.8415366146458583e-06,-13.0,3.0,4.0
1.842737094837935e-06,-12.0,3.0,4.0
1.843937575030012e-06,-13.0,3.0,4.0
1.8451380552220889e-06,-12.0,3.0,4.0
1.8463385354141656e-06,-13.0,4.0,5.0
1.8475390156062425e-06,-12.0,3.0,4.0
1.8487394957983192e-06,-13.0,3.0,4.0
1.8499399759903962e-06,-12.0,4.0,4.0
1.8511404561824729e-06,-11.0,5.0,4.0
1.8523409363745498e-06,-14.0,4.0,6.0
1.8535414165666265e-06,-13.0,6.0,6.0
1.8547418967587034e-06,-13.0,5.0,4.0
1.8559423769507802e-06,-14.0,4.0,5.0
1.857142857142857e-06,-14.0,5.0,5.0
1.8583433373349338e-06,-14.0,4.0,5.0
1.8595438175270107e-06,-13.0,3.0,6.0
1.8607442977190877e-06,-13.0,2.0,5.0
1.8619447779111644e-06,-11.0,4.0,4.0
1.8631452581032413e-06,-13.0,4.0,4.0
1.864345738295318e-06,-13.0,4.0,4.0
1.865546218487395e-06,-14.0,4.0,4.0
1.8667466986794717e-06,-13.0,5.0,4.0
1.8679471788715486e-06,-13.0,4.0,5.0
1.8691476590636253e-06,-13.0,5.0,4.0
1.8703481392557022e-06,-14.0,5.0,5.0
1.871548619447779e-06,-14.0,4.0,4.0
1.8727490996398559e-06,-12.0,3.0,4.0
1.8739495798319326e-06,-13.0,4.0,3.0
1.8751500600240095e-06,-11.0,3.0,3.0
1.8763505402160865e-06,-13.0,3.0,3.0
1.8775510204081632e-06,-12.0,3.0,4.0
1.87875150060024e-06,-13.0,3.0,5.0
1.8799519807923168e-06,-12.0,4.0,4.0
1.8811524609843937e-06,-13.0,3.0,4.0
1.8823529411764705e-06,-12.0,4.0,4.0
1.8835534213685474e-06,-14.0,5.0,4.0
1.8847539015606241e-06,-11.0,3.0,3.0
1.885954381752701e-06,-11.0,3.0,4.0
1.8871548619447778e-06,-12.0,5.0,3.0
1.8883553421368547e-06,-13.0,3.0,5.0
1.8895558223289314e-06,-12.0,3.0,4.0
1.8907563025210083e-06,-12.0,4.0,3.0
1.8919567827130853e-06,-13.0,4.0,4.0
1.893157262905162e-06,-13.0,4.0,3.0
1.894357743097239e-06,-12.0,3.0,3.0
1.8955582232893156e-06,-12.0,3.0,3.0
1.8967587034813925e-06,-12.0,4.0,5.0
1.8979591836734693e-06,-13.0,5.0,4.0
1.8991596638655462e-06,-13.0,4.0,2.0
1.900360144057623e-06,-13.0,4.0,3.0
1.9015606242496998e-06,-13.0,4.0,3.0
1.9027611044417766e-06,-12.0,3.0,4.0
1.9039615846338535e-06,-13.0,4.0,4.0
1.9051620648259302e-06,-12.0,4.0,4.0
1.9063625450180071e-06,-13.0,2.0,4.0
1.907563025210084e-06,-12.0,3.0,4.0
1.908763505402161e-06,-13.0,4.0,5.0
1.9099639855942377e-06,-13.0,4.0,3.0
1.9111644657863144e-06,-13.0,4.0,4.0
1.912364945978391e-06,-12.0,5.0,5.0
1.9135654261704683e-06,-13.0,4.0,4.0
1.914765906362545e-06,-12.0,4.0,3.0
1.9159663865546217e-06,-12.0,3.0,3.0
1.9171668667466984e-06,-12.0,4.0,5.0
1.9183673469387756e-06,-12.0,4.0,6.0
1.9195678271308523e-06,-12.0,5.0,5.0
1.920768307322929e-06,-13.0,5.0,4.0
1.921968787515006e-06,-12.0,5.0,3.0
1.923169267707083e-06,-13.0,3.0,4.0
1.9243697478991596e-06,-13.0,3.0,3.0
1.9255702280912363e-06,-12.0,3.0,4.0
1.9267707082833134e-06,-12.0,4.0,4.0
1.92797118847539e-06,-13.0,4.0,5.0
1.929171668667467e-06,-12.0,4.0,6.0
1.9303721488595436e-06,-12.0,3.0,5.0
1.9315726290516207e-06,-13.0,4.0,3.0
1.9327731092436974e-06,-13.0,5.0,3.0
1.933973589435774e-06,-12.0,4.0,4.0
1.935174069627851e-06,-11.0,4.0,4.0
1.936374549819928e-06,-12.0,4.0,4.0
1.9375750300120047e-06,-14.0,5.0,5.0
1.9387755102040814e-06,-12.0,3.0,5.0
1.9399759903961586e-06,-13.0,3.0,5.0
1.9411764705882353e-06,-11.0,2.0,4.0
1.942376950780312e-06,-11.0,4.0,4.0
1.9435774309723887e-06,-11.0,4.0,5.0
1.944777911164466e-06,-13.0,5.0,4.0
1.9459783913565426e-06,-13.0,4.0,5.0
1.9471788715486193e-06,-14.0,3.0,5.0
1.948379351740696e-06,-14.0,4.0,5.0
1.949579831932773e-06,-13.0,4.0,4.0
1.95078031212485e-06,-13.0,3.0,4.0
1.9519807923169266e-06,-13.0,4.0,5.0
1.9531812725090037e-06,-12.0,4.0,4.0
1.9543817527010804e-06,-12.0,3.0,5.0
1.955582232893157e-06,-13.0,4.0,6.0
1.956782713085234e-06,-13.0,4.0,4.0
1.957983193277311e-06,-13.0,4.0,4.0
1.9591836734693877e-06,-13.0,5.0,5.0
1.9603841536614645e-06,-12.0,4.0,4.0
1.961584633853541e-06,-13.0,4.0,3.0
1.9627851140456183e-06,-11.0,3.0,3.0
1.963985594237695e-06,-12.0,4.0,3.0
1.9651860744297717e-06,-13.0,3.0,3.0
1.9663865546218485e-06,-13.0,4.0,3.0
1.9675870348139256e-06,-14.0,4.0,3.0
1.9687875150060023e-06,-13.0,5.0,3.0
1.969987995198079e-06,-12.0,4.0,3.0
1.971188475390156e-06,-13.0,5.0,4.0
1.972388955582233e-06,-14.0,4.0,5.0
1.9735894357743096e-06,-13.0,4.0,4.0
1.9747899159663863e-06,-13.0,5.0,3.0
1.9759903961584635e-06,-12.0,3.0,5.0
1.97719087635054e-06,-9.0,3.0,4.0
1.978391356542617e-06,-12.0,3.0,5.0
1.9795918367346936e-06,-12.0,4.0,3.0
1.9807923169267708e-06,-12.0,3.0,4.0
1.9819927971188475e-06,-13.0,4.0,3.0
1.983193277310924e-06,-11.0,3.0,5.0
1.9843937575030013e-06,-12.0,2.0,4.0
1.985594237695078e-06,-12.0,5.0,4.0
1.9867947178871548e-06,-13.0,4.0,5.0
1.9879951980792315e-06,-12.0,3.0,4.0
1.9891956782713086e-06,-12.0,3.0,5.0
1.9903961584633853e-06,-13.0,4.0,4.0
1.991596638655462e-06,-12.0,4.0,4.0
1.9927971188475388e-06,-12.0,4.0,4.0
1.993997599039616e-06,-12.0,3.0,3.0
1.9951980792316926e-06,-12.0,3.0,5.0
1.9963985594237693e-06,-13.0,3.0,5.0
1.997599039615846e-06,-13.0,3.0,3.0
1.998799519807923e-06,-12.0,4.0,3.0
2e-06,-12.0,2.0,4.0
2.0012004801920766e-06,-11.0,4.0,4.0
2.0024009603841538e-06,-13.0,4.0,4.0
2.0036014405762305e-06,-10.0,4.0,3.0
2.004801920768307e-06,-11.0,4.0,3.0
2.006002400960384e-06,-14.0,6.0,5.0
2.007202881152461e-06,-12.0,4.0,4.0
2.0084033613445378e-06,-12.0,3.0,5.0
2.0096038415366145e-06,-12.0,4.0,3.0
2.010804321728691e-06,-13.0,6.0,4.0
2.0120048019207683e-06,-13.0,5.0,5.0
2.013205282112845e-06,-13.0,4.0,5.0
2.0144057623049218e-06,-14.0,4.0,4.0
2.015606242496999e-06,-11.0,5.0,4.0
2.0168067226890756e-06,-12.0,3.0,3.0
2.0180072028811524e-06,-14.0,4.0,4.0
2.019207683073229e-06,-12.0,4.0,4.0
2.020408163265306e-06,-13.0,4.0,3.0
2.021608643457383e-06,-13.0,5.0,3.0
2.0228091236494596e-06,-12.0,5.0,4.0
2.0240096038415364e-06,-12.0,4.0,5.0
2.0252100840336135e-06,-12.0,3.0,3.0
2.0264105642256902e-06,-11.0,5.0,3.0
2.027611044417767e-06,-13.0,6.0,4.0
2.028811524609844e-06,-12.0,3.0,4.0
2.0300120048019208e-06,-13.0,5.0,4.0
2.0312124849939975e-06,-14.0,5.0,5.0
2.0324129651860742e-06,-13.0,3.0,4.0
2.0336134453781514e-06,-12.0,5.0,4.0
2.034813925570228e-06,-14.0,5.0,5.0
2.036014405762305e-06,-13.0,5.0,5.0
2.0372148859543815e-06,-12.0,5.0,4.0
2.0384153661464587e-06,-13.0,4.0,5.0
2.0396158463385354e-06,-12.0,4.0,3.0
2.040816326530612e-06,-13.0,5.0,2.0
2.042016806722689e-06,-12.0,3.0,4.0
2.043217286914766e-06,-13.0,4.0,4.0
2.0444177671068427e-06,-13.0,4.0,4.0
2.0456182472989194e-06,-12.0,3.0,4.0
2.0468187274909965e-06,-12.0,4.0,5.0
2.0480192076830732e-06,-12.0,4.0,4.0
2.04921968787515e-06,-13.0,4.0,4.0
2.0504201680672267e-06,-13.0,5.0,3.0
2.051620648259304e-06,-13.0,6.0,4.0
2.0528211284513805e-06,-11.0,3.0,3.0
2.0540216086434572e-06,-12.0,4.0,5.0
2.055222088835534e-06,-11.0,4.0,3.0
2.056422569027611e-06,-13.0,6.0,4.0
2.057623049219688e-06,-11.0,4.0,3.0
2.0588235294117645e-06,-13.0,2.0,4.0
2.0600240096038417e-06,-12.0,3.0,4.0
2.0612244897959184e-06,-12.0,5.0,4.0
2.062424969987995e-06,-13.0,5.0,5.0
2.063625450180072e-06,-13.0,4.0,4.0
2.064825930372149e-06,-12.0,3.0,4.0
2.0660264105642257e-06,-13.0,4.0,4.0
2.0672268907563024e-06,-12.0,5.0,4.0
2.068427370948379e-06,-13.0,4.0,4.0
2.0696278511404562e-06,-13.0,3.0,4.0
2.070828331332533e-06,-13.0,4.0,3.0
2.0720288115246097e-06,-12.0,4.0,4.0
2.0732292917166864e-06,-13.0,4.0,4.0
2.0744297719087635e-06,-14.0,4.0,4.0
2.0756302521008403e-06,-14.0,4.0,4.0
2.076830732292917e-06,-14.0,3.0,3.0
2.078031212484994e-06,-13.0,5.0,5.0
2.079231692677071e-06,-13.0,4.0,4.0
2.0804321728691475e-06,-13.0,2.0,3.0
2.0816326530612243e-06,-13.0,3.0,4.0
2.0828331332533014e-06,-12.0,3.0,3.0
2.084033613445378e-06,-13.0,2.0,3.0
2.085234093637455e-06,-13.0,3.0,5.0
2.0864345738295315e-06,-13.0,4.0,4.0
2.0876350540216087e-06,-12.0,4.0,4.0
2.0888355342136854e-06,-11.0,4.0,4.0
2.090036014405762e-06,-14.0,4.0,4.0
2.0912364945978393e-06,-13.0,5.0,6.0
2.092436974789916e-06,-13.0,4.0,4.0
2.0936374549819927e-06,-13.0,5.0,4.0
2.0948379351740694e-06,-12.0,4.0,4.0
2.0960384153661465e-06,-12.0,4.0,3.0
2.0972388955582233e-06,-14.0,3.0,4.0
2.0984393757503e-06,-12.0,4.0,4.0
2.0996398559423767e-06,-12.0,2.0,4.0
2.100840336134454e-06,-12.0,3.0,4.0
2.1020408163265306e-06,-13.0,3.0,5.0
2.1032412965186073e-06,-13.0,3.0,4.0
2.104441776710684e-06,-14.0,5.0,4.0
2.105642256902761e-06,-13.0,4.0,5.0
2.106842737094838e-06,-13.0,4.0,5.0
2.1080432172869146e-06,-14.0,4.0,6.0
2.1092436974789917e-06,-13.0,5.0,4.0
2.1104441776710684e-06,-12.0,4.0,3.0
2.111644657863145e-06,-12.0,3.0,3.0
2.112845138055222e-06,-12.0,4.0,2.0
2.114045618247299e-06,-12.0,5.0,3.0
2.1152460984393757e-06,-13.0,5.0,4.0
2.1164465786314524e-06,-13.0,4.0,2.0
2.117647058823529e-06,-12.0,3.0,5.0
2.1188475390156063e-06,-13.0,4.0,4.0
2.120048019207683e-06,-11.0,4.0,3.0
2.1212484993997597e-06,-12.0,4.0,3.0
2.122448979591837e-06,-11.0,3.0,4.0
2.1236494597839136e-06,-12.0,4.0,4.0
2.1248499399759903e-06,-14.0,4.0,5.0
2.126050420168067e-06,-13.0,4.0,4.0
2.127250900360144e-06,-13.0,3.0,4.0
2.128451380552221e-06,-13.0,3.0,4.0
2.1296518607442976e-06,-13.0,5.0,5.0
2.1308523409363743e-06,-13.0,4.0,4.0
2.1320528211284514e-06,-13.0,3.0,5.0
2.133253301320528e-06,-13.0,3.0,4.0
2.134453781512605e-06,-13.0,3.0,3.0
2.1356542617046816e-06,-13.0,3.0,4.0
2.1368547418967587e-06,-13.0,3.0,3.0
2.1380552220888354e-06,-13.0,3.0,5.0
2.139255702280912e-06,-13.0,3.0,3.0
2.1404561824729893e-06,-12.0,4.0,3.0
2.141656662665066e-06,-13.0,2.0,4.0
2.1428571428571427e-06,-13.0,3.0,5.0
2.1440576230492194e-06,-13.0,3.0,4.0
2.1452581032412966e-06,-12.0,4.0,4.0
2.1464585834333733e-06,-13.0,4.0,4.0
2.14765906362545e-06,-13.0,3.0,5.0
2.1488595438175267e-06,-12.0,4.0,4.0
2.150060024009604e-06,-11.0,5.0,5.0
2.1512605042016806e-06,-12.0,4.0,5.0
2.1524609843937573e-06,-12.0,4.0,4.0
2.1536614645858344e-06,-14.0,4.0,4.0
2.154861944777911e-06,-13.0,4.0,4.0
2.156062424969988e-06,-12.0,3.0,5.0
2.1572629051620646e-06,-12.0,4.0,4.0
2.1584633853541417e-06,-12.0,5.0,3.0
2.1596638655462185e-06,-13.0,5.0,3.0
2.160864345738295e-06,-13.0,3.0,4.0
2.162064825930372e-06,-12.0,4.0,3.0
2.163265306122449e-06,-13.0,3.0,4.0
2.1644657863145257e-06,-12.0,3.0,5.0
2.1656662665066025e-06,-14.0,4.0,5.0
2.1668667466986796e-06,-12.0,4.0,5.0
2.1680672268907563e-06,-12.0,3.0,5.0
2.169267707082833e-06,-14.0,4.0,4.0
2.1704681872749098e-06,-13.0,5.0,4.0
2.171668667466987e-06,-11.0,3.0,4.0
2.1728691476590636e-06,-12.0,3.0,5.0
2.1740696278511403e-06,-12.0,4.0,3.0
2.175270108043217e-06,-14.0,5.0,3.0
2.176470588235294e-06,-12.0,4.0,5.0
2.177671068427371e-06,-13.0,4.0,5.0
2.1788715486194476e-06,-12.0,4.0,3.0
2.1800720288115243e-06,-13.0,5.0,5.0
2.1812725090036015e-06,-13.0,4.0,5.0
2.182472989195678e-06,-12.0,3.0,4.0
2.183673469387755e-06,-12.0,3.0,5.0
2.184873949579832e-06,-13.0,3.0,4.0
2.1860744297719088e-06,-14.0,4.0,5.0
2.1872749099639855e-06,-14.0,2.0,3.0
2.188475390156062e-06,-12.0,3.0,4.0
2.1896758703481393e-06,-13.0,3.0,4.0
2.190876350540216e-06,-12.0,4.0,4.0
2.1920768307322928e-06,-12.0,4.0,4.0
2.1932773109243695e-06,-12.0,4.0,4.0
2.1944777911164466e-06,-13.0,3.0,3.0
2.1956782713085233e-06,-13.0,3.0,3.0
2.1968787515006e-06,-13.0,5.0,4.0
2.198079231692677e-06,-14.0,3.0,3.0
2.199279711884754e-06,-14.0,3.0,4.0
2.2004801920768306e-06,-14.0,3.0,4.0
2.2016806722689073e-06,-14.0,3.0,3.0
2.2028811524609845e-06,-14.0,3.0,3.0
2.204081632653061e-06,-14.0,2.0,3.0
2.205282112845138e-06,-14.0,3.0,3.0
2.2064825930372146e-06,-13.0,3.0,5.0
2.2076830732292918e-06,-11.0,4.0,3.0
2.2088835534213685e-06,-13.0,4.0,4.0
2.210084033613445e-06,-13.0,4.0,5.0
2.211284513805522e-06,-13.0,4.0,4.0
2.212484993997599e-06,-13.0,4.0,5.0
2.2136854741896758e-06,-13.0,3.0,4.0
2.2148859543817525e-06,-12.0,4.0,4.0
2.2160864345738296e-06,-12.0,2.0,6.0
2.2172869147659064e-06,-11.0,4.0,4.0
2.218487394957983e-06,-11.0,5.0,4.0
2.2196878751500598e-06,-14.0,4.0,4.0
2.220888355342137e-06,-14.0,4.0,4.0
2.2220888355342136e-06,-13.0,4.0,5.0
2.2232893157262904e-06,-13.0,6.0,4.0
2.224489795918367e-06,-12.0,5.0,5.0
2.2256902761104442e-06,-14.0,3.0,4.0
2.226890756302521e-06,-13.0,3.0,6.0
2.2280912364945977e-06,-13.0,4.0,4.0
2.229291716686675e-06,-13.0,3.0,3.0
2.2304921968787515e-06,-12.0,3.0,4.0
2.2316926770708282e-06,-11.0,4.0,4.0
2.232893157262905e-06,-11.0,4.0,4.0
2.234093637454982e-06,-12.0,4.0,4.0
2.235294117647059e-06,-13.0,4.0,5.0
2.2364945978391355e-06,-13.0,3.0,5.0
2.2376950780312122e-06,-13.0,3.0,4.0
2.2388955582232894e-06,-12.0,2.0,4.0
2.240096038415366e-06,-13.0,3.0,4.0
2.241296518607443e-06,-11.0,3.0,3.0
2.2424969987995195e-06,-11.0,4.0,4.0
2.2436974789915967e-06,-13.0,5.0,5.0
2.2448979591836734e-06,-12.0,4.0,4.0
2.24609843937575e-06,-12.0,2.0,5.0
2.2472989195678272e-06,-11.0,3.0,4.0
2.248499399759904e-06,-12.0,5.0,3.0
2.2496998799519807e-06,-12.0,4.0,5.0
2.2509003601440574e-06,-13.0,4.0,5.0
2.2521008403361345e-06,-12.0,3.0,5.0
2.2533013205282112e-06,-12.0,4.0,3.0
2.254501800720288e-06,-12.0,3.0,4.0
2.2557022809123647e-06,-13.0,4.0,3.0
2.256902761104442e-06,-12.0,4.0,4.0
2.2581032412965185e-06,-13.0,4.0,3.0
2.2593037214885952e-06,-12.0,4.0,3.0
2.2605042016806724e-06,-13.0,4.0,3.0
2.261704681872749e-06,-13.0,3.0,5.0
2.262905162064826e-06,-12.0,3.0,4.0
2.2641056422569025e-06,-11.0,3.0,3.0
2.2653061224489797e-06,-13.0,4.0,4.0
2.2665066026410564e-06,-13.0,3.0,4.0
2.267707082833133e-06,-14.0,4.0,4.0
2.26890756302521e-06,-12.0,5.0,5.0
2.270108043217287e-06,-13.0,4.0,4.0
2.2713085234093637e-06,-12.0,4.0,5.0
2.2725090036014404e-06,-14.0,3.0,6.0
2.273709483793517e-06,-13.0,5.0,4.0
2.2749099639855943e-06,-13.0,4.0,4.0
2.276110444177671e-06,-12.0,3.0,4.0
2.2773109243697477e-06,-12.0,5.0,4.0
2.278511404561825e-06,-12.0,6.0,3.0
2.2797118847539015e-06,-12.0,4.0,3.0
2.2809123649459783e-06,-13.0,4.0,4.0
2.282112845138055e-06,-13.0,4.0,3.0
2.283313325330132e-06,-11.0,4.0,4.0
2.284513805522209e-06,-13.0,5.0,5.0
2.2857142857142856e-06,-11.0,4.0,5.0
2.2869147659063623e-06,-13.0,4.0,5.0
2.2881152460984394e-06,-14.0,4.0,5.0
2.289315726290516e-06,-12.0,5.0,4.0
2.290516206482593e-06,-11.0,4.0,5.0
2.29171668667467e-06,-11.0,3.0,3.0
2.2929171668667467e-06,-12.0,3.0,4.0
2.2941176470588234e-06,-13.0,5.0,3.0
2.2953181272509e-06,-12.0,5.0,4.0
2.2965186074429773e-06,-13.0,4.0,4.0
2.297719087635054e-06,-12.0,4.0,4.0
2.2989195678271307e-06,-13.0,6.0,4.0
2.3001200480192074e-06,-13.0,4.0,4.0
2.3013205282112846e-06,-12.0,3.0,4.0
2.3025210084033613e-06,-12.0,3.0,5.0
2.303721488595438e-06,-12.0,3.0,4.0
2.304921968787515e-06,-11.0,5.0,4.0
2.306122448979592e-06,-12.0,3.0,3.0
2.3073229291716686e-06,-12.0,3.0,5.0
2.3085234093637453e-06,-13.0,3.0,4.0
2.3097238895558224e-06,-12.0,3.0,2.0
2.310924369747899e-06,-12.0,3.0,4.0
2.312124849939976e-06,-13.0,3.0,4.0
2.3133253301320526e-06,-13.0,3.0,3.0
2.3145258103241297e-06,-12.0,4.0,3.0
2.3157262905162064e-06,-11.0,4.0,4.0
2.316926770708283e-06,-12.0,3.0,3.0
2.31812725090036e-06,-13.0,4.0,3.0
2.319327731092437e-06,-13.0,3.0,6.0
2.3205282112845137e-06,-13.0,3.0,4.0
2.3217286914765904e-06,-13.0,3.0,5.0
2.3229291716686676e-06,-14.0,3.0,2.0
2.3241296518607443e-06,-12.0,3.0,3.0
2.325330132052821e-06,-12.0,4.0,5.0
2.3265306122448977e-06,-11.0,5.0,4.0
2.327731092436975e-06,-14.0,4.0,5.0
2.3289315726290516e-06,-13.0,4.0,5.0
2.3301320528211283e-06,-13.0,4.0,5.0
2.331332533013205e-06,-14.0,4.0,4.0
2.332533013205282e-06,-13.0,4.0,3.0
2.333733493397359e-06,-12.0,4.0,3.0
2.3349339735894356e-06,-12.0,3.0,5.0
2.3361344537815127e-06,-12.0,4.0,4.0
2.3373349339735894e-06,-12.0,4.0,5.0
2.338535414165666e-06,-13.0,4.0,4.0
2.339735894357743e-06,-13.0,3.0,3.0
2.34093637454982e-06,-13.0,3.0,3.0
2.3421368547418967e-06,-13.0,4.0,3.0
2.3433373349339734e-06,-12.0,3.0,4.0
2.34453781512605e-06,-12.0,4.0,4.0
2.3457382953181273e-06,-13.0,3.0,5.0
2.346938775510204e-06,-13.0,3.0,4.0
2.3481392557022807e-06,-12.0,3.0,5.0
2.3493397358943575e-06,-12.0,5.0,4.0
2.3505402160864346e-06,-11.0,4.0,4.0
2.3517406962785113e-06,-11.0,3.0,3.0
2.352941176470588e-06,-12.0,5.0,4.0
2.354141656662665e-06,-12.0,4.0,4.0
2.355342136854742e-06,-13.0,3.0,4.0
2.3565426170468186e-06,-13.0,3.0,4.0
2.3577430972388953e-06,-11.0,4.0,4.0
2.3589435774309725e-06,-13.0,5.0,3.0
2.360144057623049e-06,-12.0,4.0,4.0
2.361344537815126e-06,-11.0,3.0,5.0
2.3625450180072026e-06,-13.0,4.0,4.0
2.3637454981992797e-06,-14.0,3.0,4.0
2.3649459783913565e-06,-13.0,3.0,5.0
2.366146458583433e-06,-13.0,1.0,4.0
2.3673469387755103e-06,-13.0,4.0,5.0
2.368547418967587e-06,-12.0,3.0,3.0
2.3697478991596638e-06,-12.0,3.0,3.0
2.3709483793517405e-06,-13.0,4.0,4.0
2.3721488595438176e-06,-12.0,3.0,3.0
2.3733493397358943e-06,-12.0,4.0,2.0
2.374549819927971e-06,-14.0,4.0,4.0
2.3757503001200478e-06,-14.0,3.0,4.0
2.376950780312125e-06,-14.0,3.0,3.0
2.3781512605042016e-06,-13.0,4.0,5.0
2.3793517406962783e-06,-13.0,3.0,5.0
2.380552220888355e-06,-12.0,3.0,4.0
2.381752701080432e-06,-12.0,3.0,4.0
2.382953181272509e-06,-11.0,4.0,2.0
2.3841536614645856e-06,-13.0,5.0,4.0
2.3853541416566628e-06,-12.0,4.0,3.0
2.3865546218487395e-06,-13.0,4.0,6.0
2.387755102040816e-06,-13.0,4.0,5.0
2.388955582232893e-06,-13.0,3.0,5.0
2.39015606242497e-06,-13.0,4.0,4.0
2.3913565426170468e-06,-13.0,4.0,4.0
2.3925570228091235e-06,-13.0,4.0,4.0
2.3937575030012e-06,-14.0,3.0,5.0
2.3949579831932773e-06,-13.0,4.0,4.0
2.396158463385354e-06,-13.0,5.0,3.0
2.3973589435774308e-06,-12.0,5.0,1.0
2.398559423769508e-06,-12.0,3.0,3.0
2.3997599039615846e-06,-12.0,4.0,4.0
2.4009603841536613e-06,-12.0,4.0,5.0
2.402160864345738e-06,-12.0,3.0,5.0
2.403361344537815e-06,-13.0,4.0,4.0
2.404561824729892e-06,-12.0,4.0,4.0
2.4057623049219686e-06,-12.0,3.0,5.0
2.4069627851140454e-06,-12.0,4.0,5.0
2.4081632653061225e-06,-12.0,5.0,4.0
2.4093637454981992e-06,-11.0,4.0,5.0
2.410564225690276e-06,-11.0,5.0,4.0
2.4117647058823526e-06,-12.0,3.0,3.0
2.4129651860744298e-06,-13.0,5.0,3.0
2.4141656662665065e-06,-12.0,3.0,4.0
2.4153661464585832e-06,-13.0,2.0,4.0
2.4165666266506604e-06,-11.0,3.0,3.0
2.417767106842737e-06,-13.0,4.0,4.0
2.418967587034814e-06,-12.0,3.0,4.0
2.4201680672268905e-06,-13.0,3.0,4.0
2.4213685474189676e-06,-13.0,3.0,4.0
2.4225690276110444e-06,-14.0,3.0,5.0
2.423769507803121e-06,-13.0,5.0,3.0
2.424969987995198e-06,-13.0,4.0,3.0
2.426170468187275e-06,-13.0,3.0,4.0
2.4273709483793517e-06,-13.0,4.0,3.0
2.4285714285714284e-06,-13.0,4.0,4.0
2.4297719087635055e-06,-11.0,4.0,3.0
2.4309723889555822e-06,-13.0,4.0,4.0
2.432172869147659e-06,-14.0,5.0,4.0
2.4333733493397357e-06,-14.0,4.0,2.0
2.434573829531813e-06,-14.0,4.0,5.0
2.4357743097238895e-06,-14.0,2.0,4.0
2.4369747899159662e-06,-13.0,3.0,4.0
2.438175270108043e-06,-11.0,3.0,4.0
2.43937575030012e-06,-12.0,5.0,4.0
2.440576230492197e-06,-12.0,4.0,5.0
2.4417767106842735e-06,-13.0,3.0,5.0
2.4429771908763502e-06,-13.0,4.0,4.0
2.4441776710684274e-06,-13.0,4.0,5.0
2.445378151260504e-06,-10.0,6.0,4.0
2.446578631452581e-06,-12.0,4.0,5.0
2.447779111644658e-06,-12.0,5.0,5.0
2.4489795918367347e-06,-11.0,6.0,3.0
2.4501800720288114e-06,-12.0,5.0,5.0
2.451380552220888e-06,-11.0,4.0,4.0
2.4525810324129652e-06,-12.0,3.0,5.0
2.453781512605042e-06,-12.0,3.0,5.0
2.4549819927971187e-06,-12.0,4.0,4.0
2.4561824729891954e-06,-11.0,4.0,3.0
2.4573829531812725e-06,-13.0,3.0,3.0
2.4585834333733492e-06,-13.0,3.0,4.0
2.459783913565426e-06,-12.0,4.0,4.0
2.460984393757503e-06,-13.0,4.0,4.0
2.46218487394958e-06,-12.0,3.0,5.0
2.4633853541416565e-06,-12.0,3.0,4.0
2.4645858343337333e-06,-12.0,4.0,5.0
2.4657863145258104e-06,-11.0,4.0,3.0
2.466986794717887e-06,-12.0,3.0,4.0
2.468187274909964e-06,-11.0,4.0,5.0
2.4693877551020405e-06,-11.0,4.0,4.0
2.4705882352941177e-06,-11.0,5.0,5.0
2.4717887154861944e-06,-13.0,4.0,5.0
2.472989195678271e-06,-13.0,4.0,4.0
2.4741896758703483e-06,-12.0,3.0,4.0
2.475390156062425e-06,-12.0,4.0,4.0
2.4765906362545017e-06,-11.0,3.0,4.0
2.4777911164465784e-06,-13.0,4.0,5.0
2.4789915966386555e-06,-11.0,4.0,4.0
2.4801920768307323e-06,-12.0,3.0,5.0
2.481392557022809e-06,-13.0,4.0,4.0
2.4825930372148857e-06,-14.0,2.0,3.0
2.483793517406963e-06,-11.0,3.0,2.0
2.4849939975990396e-06,-13.0,3.0,3.0
2.4861944777911163e-06,-12.0,4.0,3.0
2.487394957983193e-06,-13.0,4.0,4.0
2.48859543817527e-06,-11.0,3.0,4.0
2.489795918367347e-06,-12.0,4.0,4.0
2.4909963985594236e-06,-12.0,4.0,4.0
2.4921968787515007e-06,-13.0,2.0,3.0
2.4933973589435774e-06,-14.0,2.0,3.0
2.494597839135654e-06,-13.0,3.0,4.0
2.495798319327731e-06,-13.0,4.0,3.0
2.496998799519808e-06,-12.0,5.0,4.0
2.4981992797118847e-06,-13.0,3.0,3.0
2.4993997599039614e-06,-13.0,4.0,3.0
2.500600240096038e-06,-12.0,3.0,3.0
2.5018007202881153e-06,-12.0,3.0,4.0
2.503001200480192e-06,-13.0,4.0,6.0
2.5042016806722687e-06,-13.0,3.0,5.0
2.505402160864346e-06,-13.0,4.0,5.0
2.5066026410564226e-06,-13.0,5.0,4.0
2.5078031212484993e-06,-13.0,4.0,4.0
2.509003601440576e-06,-12.0,5.0,4.0
2.510204081632653e-06,-13.0,4.0,5.0
2.51140456182473e-06,-12.0,5.0,4.0
2.5126050420168066e-06,-12.0,3.0,5.0
2.5138055222088833e-06,-12.0,4.0,5.0
2.5150060024009604e-06,-13.0,4.0,3.0
2.516206482593037e-06,-13.0,5.0,3.0
2.517406962785114e-06,-12.0,3.0,4.0
2.5186074429771906e-06,-12.0,4.0,4.0
2.5198079231692677e-06,-13.0,4.0,4.0
2.5210084033613444e-06,-13.0,5.0,4.0
2.522208883553421e-06,-13.0,4.0,5.0
2.5234093637454983e-06,-12.0,4.0,4.0
2.524609843937575e-06,-12.0,3.0,4.0
2.5258103241296517e-06,-13.0,5.0,4.0
2.5270108043217284e-06,-14.0,4.0,4.0
2.5282112845138056e-06,-12.0,2.0,4.0
2.5294117647058823e-06,-12.0,3.0,5.0
2.530612244897959e-06,-11.0,4.0,3.0
2.5318127250900357e-06,-13.0,5.0,4.0
2.533013205282113e-06,-10.0,4.0,5.0
2.5342136854741896e-06,-12.0,2.0,4.0
2.5354141656662663e-06,-11.0,3.0,3.0
2.5366146458583434e-06,-11.0,4.0,5.0
2.53781512605042e-06,-11.0,3.0,6.0
2.539015606242497e-06,-12.0,3.0,4.0
2.5402160864345736e-06,-13.0,2.0,4.0
2.5414165666266507e-06,-13.0,3.0,4.0
2.5426170468187275e-06,-13.0,4.0,4.0
2.543817527010804e-06,-13.0,3.0,4.0
2.545018007202881e-06,-12.0,4.0,4.0
2.546218487394958e-06,-13.0,5.0,4.0
2.5474189675870347e-06,-12.0,3.0,2.0
2.5486194477791115e-06,-13.0,4.0,3.0
2.549819927971188e-06,-12.0,4.0,3.0
2.5510204081632653e-06,-13.0,4.0,3.0
2.552220888355342e-06,-11.0,4.0,2.0
2.5534213685474187e-06,-11.0,5.0,4.0
2.554621848739496e-06,-12.0,4.0,3.0
2.5558223289315726e-06,-12.0,3.0,3.0
2.5570228091236493e-06,-11.0,3.0,5.0
2.558223289315726e-06,-13.0,4.0,4.0
2.559423769507803e-06,-13.0,4.0,5.0
2.56062424969988e-06,-13.0,3.0,4.0
2.5618247298919566e-06,-12.0,3.0,3.0
2.5630252100840333e-06,-12.0,5.0,4.0
2.5642256902761105e-06,-11.0,5.0,4.0
2.565426170468187e-06,-12.0,5.0,5.0
2.566626650660264e-06,-13.0,5.0,4.0
2.567827130852341e-06,-12.0,5.0,5.0
2.5690276110444178e-06,-14.0,4.0,4.0
2.5702280912364945e-06,-13.0,3.0,4.0
2.571428571428571e-06,-12.0,4.0,5.0
2.5726290516206483e-06,-12.0,2.0,5.0
2.573829531812725e-06,-12.0,3.0,3.0
2.5750300120048018e-06,-11.0,3.0,4.0
2.5762304921968785e-06,-13.0,4.0,3.0
2.5774309723889556e-06,-13.0,4.0,3.0
2.5786314525810323e-06,-12.0,3.0,4.0
2.579831932773109e-06,-13.0,6.0,4.0
2.5810324129651858e-06,-11.0,4.0,5.0
2.582232893157263e-06,-12.0,3.0,6.0
2.5834333733493396e-06,-12.0,4.0,5.0
2.5846338535414163e-06,-12.0,4.0,4.0
2.5858343337334935e-06,-13.0,3.0,5.0
2.58703481392557e-06,-12.0,4.0,5.0
2.588235294117647e-06,-11.0,3.0,5.0
2.5894357743097236e-06,-11.0,3.0,5.0
2.5906362545018008e-06,-12.0,4.0,4.0
2.5918367346938775e-06,-13.0,3.0,4.0
2.593037214885954e-06,-12.0,3.0,4.0
2.594237695078031e-06,-13.0,3.0,3.0
2.595438175270108e-06,-12.0,3.0,3.0
2.5966386554621848e-06,-13.0,4.0,3.0
2.5978391356542615e-06,-11.0,3.0,3.0
2.5990396158463386e-06,-11.0,3.0,4.0
2.6002400960384154e-06,-13.0,4.0,5.0
2.601440576230492e-06,-12.0,4.0,5.0
2.6026410564225688e-06,-12.0,2.0,5.0
2.603841536614646e-06,-13.0,3.0,5.0
2.6050420168067226e-06,-13.0,5.0,5.0
2.6062424969987994e-06,-12.0,4.0,4.0
2.607442977190876e-06,-13.0,4.0,5.0
2.6086434573829532e-06,-13.0,4.0,4.0
2.60984393757503e-06,-13.0,3.0,3.0
2.6110444177671066e-06,-13.0,3.0,3.0
2.6122448979591834e-06,-13.0,3.0,4.0
2.6134453781512605e-06,-12.0,4.0,5.0
2.6146458583433372e-06,-12.0,4.0,2.0
2.615846338535414e-06,-12.0,3.0,2.0
2.617046818727491e-06,-12.0,3.0,4.0
2.618247298919568e-06,-12.0,4.0,4.0
2.6194477791116445e-06,-12.0,3.0,5.0
2.6206482593037212e-06,-11.0,4.0,4.0
2.6218487394957984e-06,-13.0,4.0,4.0
2.623049219687875e-06,-13.0,2.0,3.0
2.624249699879952e-06,-13.0,4.0,4.0
2.6254501800720285e-06,-13.0,4.0,5.0
2.6266506602641057e-06,-12.0,3.0,3.0
2.6278511404561824e-06,-12.0,5.0,4.0
2.629051620648259e-06,-13.0,3.0,3.0
2.6302521008403362e-06,-12.0,4.0,4.0
2.631452581032413e-06,-12.0,2.0,4.0
2.6326530612244897e-06,-13.0,4.0,3.0
2.6338535414165664e-06,-12.0,5.0,4.0
2.6350540216086435e-06,-13.0,5.0,2.0
2.6362545018007202e-06,-13.0,4.0,4.0
2.637454981992797e-06,-13.0,4.0,3.0
2.6386554621848737e-06,-14.0,5.0,4.0
2.639855942376951e-06,-12.0,5.0,4.0
2.6410564225690275e-06,-14.0,4.0,5.0
2.6422569027611042e-06,-13.0,4.0,4.0
2.6434573829531814e-06,-12.0,3.0,3.0
2.644657863145258e-06,-13.0,5.0,3.0
2.645858343337335e-06,-13.0,4.0,4.0
2.6470588235294115e-06,-11.0,4.0,6.0
2.6482593037214887e-06,-11.0,4.0,4.0
2.6494597839135654e-06,-13.0,4.0,5.0
2.650660264105642e-06,-14.0,4.0,4.0
2.651860744297719e-06,-11.0,3.0,3.0
2.653061224489796e-06,-13.0,3.0,4.0
2.6542617046818727e-06,-12.0,3.0,4.0
2.6554621848739494e-06,-12.0,4.0,5.0
2.656662665066026e-06,-13.0,3.0,5.0
2.6578631452581033e-06,-13.0,4.0,5.0
2.65906362545018e-06,-12.0,3.0,5.0
2.6602641056422567e-06,-13.0,3.0,4.0
2.661464585834334e-06,-14.0,5.0,3.0
2.6626650660264105e-06,-14.0,3.0,3.0
2.6638655462184873e-06,-13.0,3.0,6.0
2.665066026410564e-06,-12.0,5.0,5.0
2.666266506602641e-06,-12.0,4.0,5.0
2.667466986794718e-06,-11.0,4.0,4.0
2.6686674669867945e-06,-12.0,4.0,3.0
2.6698679471788713e-06,-13.0,3.0,4.0
2.6710684273709484e-06,-13.0,5.0,3.0
2.672268907563025e-06,-11.0,5.0,4.0
2.673469387755102e-06,-14.0,4.0,4.0
2.674669867947179e-06,-13.0,4.0,4.0
2.6758703481392557e-06,-13.0,4.0,4.0
2.6770708283313324e-06,-13.0,4.0,4.0
2.678271308523409e-06,-13.0,4.0,4.0
2.6794717887154863e-06,-12.0,4.0,4.0
2.680672268907563e-06,-13.0,4.0,2.0
2.6818727490996397e-06,-13.0,5.0,2.0
2.6830732292917164e-06,-11.0,5.0,3.0
2.6842737094837936e-06,-13.0,4.0,3.0
2.6854741896758703e-06,-14.0,4.0,4.0
2.686674669867947e-06,-13.0,3.0,4.0
2.6878751500600237e-06,-13.0,4.0,4.0
2.689075630252101e-06,-13.0,4.0,4.0
2.6902761104441776e-06,-10.0,5.0,5.0
2.6914765906362543e-06,-13.0,3.0,5.0
2.6926770708283314e-06,-13.0,4.0,4.0
2.693877551020408e-06,-11.0,5.0,5.0
2.695078031212485e-06,-13.0,5.0,5.0
2.6962785114045616e-06,-13.0,4.0,4.0
2.6974789915966387e-06,-14.0,4.0,4.0
2.6986794717887154e-06,-14.0,4.0,4.0
2.699879951980792e-06,-12.0,4.0,4.0
2.701080432172869e-06,-12.0,4.0,5.0
2.702280912364946e-06,-12.0,4.0,6.0
2.7034813925570227e-06,-13.0,5.0,5.0
2.7046818727490994e-06,-11.0,3.0,5.0
2.7058823529411766e-06,-13.0,3.0,5.0
2.7070828331332533e-06,-13.0,4.0,4.0
2.70828331332533e-06,-12.0,4.0,4.0
2.7094837935174067e-06,-14.0,4.0,4.0
2.710684273709484e-06,-14.0,4.0,4.0
2.7118847539015606e-06,-13.0,4.0,4.0
2.7130852340936373e-06,-13.0,4.0,4.0
2.714285714285714e-06,-11.0,3.0,4.0
2.715486194477791e-06,-13.0,3.0,4.0
2.716686674669868e-06,-11.0,4.0,3.0
2.7178871548619446e-06,-12.0,4.0,4.0
2.7190876350540213e-06,-13.0,4.0,4.0
2.7202881152460984e-06,-13.0,3.0,4.0
2.721488595438175e-06,-13.0,3.0,4.0
2.722689075630252e-06,-13.0,4.0,3.0
2.723889555822329e-06,-12.0,4.0,4.0
2.7250900360144057e-06,-13.0,4.0,3.0
2.7262905162064824e-06,-13.0,3.0,3.0
2.727490996398559e-06,-12.0,3.0,4.0
2.7286914765906363e-06,-11.0,3.0,4.0
2.729891956782713e-06,-11.0,4.0,4.0
2.7310924369747897e-06,-12.0,3.0,4.0
2.7322929171668665e-06,-12.0,3.0,3.0
2.7334933973589436e-06,-13.0,3.0,2.0
2.7346938775510203e-06,-11.0,3.0,4.0
2.735894357743097e-06,-12.0,4.0,4.0
2.737094837935174e-06,-12.0,4.0,4.0
2.738295318127251e-06,-11.0,4.0,3.0
2.7394957983193276e-06,-10.0,3.0,3.0
2.7406962785114043e-06,-12.0,4.0,5.0
2.7418967587034815e-06,-13.0,3.0,3.0
2.743097238895558e-06,-13.0,4.0,3.0
2.744297719087635e-06,-14.0,4.0,5.0
2.7454981992797116e-06,-13.0,3.0,3.0
2.7466986794717887e-06,-13.0,3.0,4.0
2.7478991596638655e-06,-13.0,4.0,4.0
2.749099639855942e-06,-12.0,4.0,5.0
2.750300120048019e-06,-12.0,4.0,5.0
2.751500600240096e-06,-12.0,4.0,3.0
2.7527010804321728e-06,-11.0,5.0,3.0
2.7539015606242495e-06,-11.0,5.0,4.0
2.7551020408163266e-06,-12.0,3.0,5.0
2.7563025210084033e-06,-12.0,4.0,4.0
2.75750300120048e-06,-13.0,5.0,3.0
2.7587034813925568e-06,-12.0,4.0,3.0
2.759903961584634e-06,-13.0,3.0,4.0
2.7611044417767106e-06,-12.0,3.0,5.0
2.7623049219687873e-06,-12.0,3.0,4.0
2.763505402160864e-06,-13.0,4.0,3.0
2.764705882352941e-06,-13.0,4.0,3.0
2.765906362545018e-06,-10.0,3.0,5.0
2.7671068427370946e-06,-11.0,3.0,4.0
2.7683073229291718e-06,-13.0,5.0,4.0
2.7695078031212485e-06,-13.0,5.0,4.0
2.770708283313325e-06,-12.0,4.0,5.0
2.771908763505402e-06,-13.0,3.0,5.0
2.773109243697479e-06,-12.0,4.0,4.0
2.7743097238895558e-06,-13.0,5.0,5.0
2.7755102040816325e-06,-13.0,5.0,4.0
2.776710684273709e-06,-13.0,5.0,3.0
2.7779111644657863e-06,-12.0,4.0,5.0
2.779111644657863e-06,-13.0,4.0,5.0
2.7803121248499398e-06,-13.0,4.0,4.0
2.781512605042017e-06,-14.0,4.0,2.0
2.7827130852340936e-06,-13.0,3.0,4.0
2.7839135654261703e-06,-13.0,3.0,4.0
2.785114045618247e-06,-11.0,3.0,5.0
2.786314525810324e-06,-12.0,4.0,4.0
2.787515006002401e-06,-13.0,4.0,4.0
2.7887154861944776e-06,-14.0,4.0,4.0
2.7899159663865544e-06,-14.0,4.0,2.0
2.7911164465786315e-06,-13.0,5.0,4.0
2.792316926770708e-06,-14.0,4.0,4.0
2.793517406962785e-06,-14.0,3.0,4.0
2.7947178871548616e-06,-12.0,3.0,3.0
2.7959183673469388e-06,-13.0,5.0,4.0
2.7971188475390155e-06,-13.0,4.0,5.0
2.7983193277310922e-06,-14.0,4.0,3.0
2.7995198079231694e-06,-13.0,3.0,4.0
2.800720288115246e-06,-12.0,3.0,4.0
2.801920768307323e-06,-12.0,3.0,4.0
2.8031212484993995e-06,-13.0,4.0,4.0
2.8043217286914766e-06,-14.0,4.0,4.0
2.8055222088835534e-06,-13.0,3.0,4.0
2.80672268907563e-06,-13.0,4.0,4.0
2.807923169267707e-06,-13.0,4.0,4.0
2.809123649459784e-06,-13.0,4.0,5.0
2.8103241296518607e-06,-13.0,3.0,6.0
2.8115246098439374e-06,-12.0,4.0,3.0
2.8127250900360145e-06,-11.0,4.0,5.0
2.8139255702280912e-06,-13.0,3.0,3.0
2.815126050420168e-06,-13.0,3.0,4.0
2.8163265306122447e-06,-13.0,3.0,4.0
2.817527010804322e-06,-14.0,4.0,4.0
2.8187274909963985e-06,-13.0,3.0,4.0
2.8199279711884752e-06,-14.0,3.0,4.0
2.821128451380552e-06,-14.0,3.0,5.0
2.822328931572629e-06,-13.0,4.0,3.0
2.823529411764706e-06,-12.0,4.0,5.0
2.8247298919567825e-06,-12.0,4.0,4.0
2.8259303721488592e-06,-12.0,4.0,3.0
2.8271308523409364e-06,-11.0,4.0,4.0
2.828331332533013e-06,-13.0,4.0,5.0
2.82953181272509e-06,-14.0,4.0,5.0
2.830732292917167e-06,-13.0,3.0,5.0
2.8319327731092437e-06,-12.0,4.0,4.0
2.8331332533013204e-06,-11.0,4.0,4.0
2.834333733493397e-06,-12.0,4.0,4.0
2.8355342136854742e-06,-11.0,4.0,4.0
2.836734693877551e-06,-12.0,5.0,3.0
2.8379351740696277e-06,-12.0,5.0,4.0
2.8391356542617044e-06,-13.0,5.0,3.0
2.8403361344537815e-06,-12.0,4.0,4.0
2.8415366146458582e-06,-13.0,4.0,4.0
2.842737094837935e-06,-12.0,5.0,3.0
2.843937575030012e-06,-12.0,3.0,4.0
2.845138055222089e-06,-13.0,4.0,5.0
2.8463385354141655e-06,-13.0,4.0,4.0
2.8475390156062423e-06,-12.0,4.0,4.0
2.8487394957983194e-06,-12.0,4.0,4.0
2.849939975990396e-06,-10.0,4.0,4.0
2.851140456182473e-06,-13.0,3.0,3.0
2.8523409363745495e-06,-13.0,5.0,2.0
2.8535414165666267e-06,-12.0,3.0,3.0
2.8547418967587034e-06,-13.0,4.0,3.0
2.85594237695078e-06,-12.0,3.0,4.0
2.857142857142857e-06,-12.0,4.0,4.0
2.858343337334934e-06,-12.0,4.0,3.0
2.8595438175270107e-06,-13.0,5.0,4.0
2.8607442977190874e-06,-13.0,3.0,5.0
2.8619447779111645e-06,-13.0,5.0,5.0
2.8631452581032413e-06,-13.0,4.0,5.0
2.864345738295318e-06,-14.0,4.0,5.0
2.8655462184873947e-06,-13.0,4.0,5.0
2.866746698679472e-06,-14.0,4.0,4.0
2.8679471788715486e-06,-12.0,5.0,4.0
2.8691476590636253e-06,-12.0,6.0,4.0
2.870348139255702e-06,-13.0,5.0,6.0
2.871548619447779e-06,-12.0,5.0,4.0
2.872749099639856e-06,-12.0,4.0,4.0
2.8739495798319326e-06,-13.0,4.0,4.0
2.8751500600240097e-06,-13.0,3.0,5.0
2.8763505402160864e-06,-12.0,4.0,5.0
2.877551020408163e-06,-11.0,4.0,3.0
2.87875150060024e-06,-13.0,3.0,5.0
2.879951980792317e-06,-12.0,4.0,4.0
2.8811524609843937e-06,-13.0,3.0,5.0
2.8823529411764704e-06,-14.0,4.0,5.0
2.883553421368547e-06,-13.0,4.0,5.0
2.8847539015606243e-06,-13.0,4.0,4.0
2.885954381752701e-06,-12.0,4.0,5.0
2.8871548619447777e-06,-11.0,5.0,4.0
2.8883553421368544e-06,-13.0,5.0,4.0
2.8895558223289316e-06,-12.0,3.0,4.0
2.8907563025210083e-06,-12.0,4.0,4.0
2.891956782713085e-06,-10.0,5.0,3.0
2.893157262905162e-06,-13.0,5.0,3.0
2.894357743097239e-06,-12.0,4.0,3.0
2.8955582232893156e-06,-12.0,5.0,3.0
2.8967587034813923e-06,-13.0,4.0,5.0
2.8979591836734694e-06,-13.0,4.0,4.0
2.899159663865546e-06,-13.0,5.0,5.0
2.900360144057623e-06,-13.0,3.0,3.0
2.9015606242496996e-06,-13.0,3.0,5.0
2.9027611044417767e-06,-14.0,5.0,4.0
2.9039615846338534e-06,-13.0,3.0,3.0
2.90516206482593e-06,-13.0,3.0,3.0
2.9063625450180073e-06,-13.0,5.0,3.0
2.907563025210084e-06,-13.0,4.0,3.0
2.9087635054021607e-06,-12.0,3.0,3.0
2.9099639855942374e-06,-11.0,4.0,4.0
2.9111644657863146e-06,-12.0,3.0,3.0
2.9123649459783913e-06,-13.0,4.0,3.0
2.913565426170468e-06,-13.0,3.0,2.0
2.9147659063625447e-06,-12.0,5.0,4.0
2.915966386554622e-06,-12.0,4.0,5.0
2.9171668667466986e-06,-13.0,5.0,4.0
2.9183673469387753e-06,-13.0,4.0,4.0
2.9195678271308524e-06,-12.0,4.0,4.0
2.920768307322929e-06,-10.0,5.0,3.0
2.921968787515006e-06,-12.0,4.0,3.0
2.9231692677070826e-06,-12.0,5.0,4.0
2.9243697478991597e-06,-12.0,5.0,4.0
2.9255702280912365e-06,-14.0,3.0,4.0
2.926770708283313e-06,-13.0,4.0,5.0
2.92797118847539e-06,-12.0,4.0,4.0
2.929171668667467e-06,-12.0,4.0,4.0
2.9303721488595437e-06,-12.0,5.0,4.0
2.9315726290516205e-06,-10.0,5.0,4.0
2.932773109243697e-06,-13.0,4.0,4.0
2.9339735894357743e-06,-13.0,4.0,5.0
2.935174069627851e-06,-13.0,4.0,3.0
2.9363745498199277e-06,-14.0,4.0,4.0
2.937575030012005e-06,-12.0,4.0,4.0
2.9387755102040816e-06,-12.0,4.0,3.0
2.9399759903961583e-06,-12.0,4.0,5.0
2.941176470588235e-06,-12.0,5.0,4.0
2.942376950780312e-06,-13.0,3.0,4.0
2.943577430972389e-06,-12.0,3.0,5.0
2.9447779111644656e-06,-13.0,4.0,4.0
2.9459783913565423e-06,-12.0,3.0,4.0
2.9471788715486195e-06,-13.0,4.0,5.0
2.948379351740696e-06,-13.0,4.0,4.0
2.949579831932773e-06,-13.0,3.0,4.0
2.95078031212485e-06,-12.0,4.0,4.0
2.9519807923169268e-06,-11.0,4.0,3.0
2.9531812725090035e-06,-13.0,5.0,3.0
2.95438175270108e-06,-11.0,4.0,4.0
2.9555822328931573e-06,-11.0,3.0,4.0
2.956782713085234e-06,-13.0,5.0,5.0
2.9579831932773108e-06,-12.0,3.0,3.0
2.9591836734693875e-06,-12.0,2.0,2.0
2.9603841536614646e-06,-12.0,4.0,3.0
2.9615846338535413e-06,-12.0,5.0,4.0
2.962785114045618e-06,-13.0,4.0,4.0
2.9639855942376948e-06,-13.0,3.0,3.0
2.965186074429772e-06,-13.0,4.0,3.0
2.9663865546218486e-06,-12.0,4.0,3.0
2.9675870348139253e-06,-13.0,3.0,4.0
2.9687875150060025e-06,-14.0,5.0,4.0
2.969987995198079e-06,-13.0,4.0,3.0
2.971188475390156e-06,-13.0,4.0,2.0
2.9723889555822326e-06,-12.0,5.0,3.0
2.9735894357743098e-06,-12.0,4.0,3.0
2.9747899159663865e-06,-13.0,5.0,4.0
2.975990396158463e-06,-12.0,3.0,3.0
2.97719087635054e-06,-11.0,4.0,3.0
2.978391356542617e-06,-13.0,5.0,4.0
2.9795918367346938e-06,-12.0,3.0,4.0
2.9807923169267705e-06,-12.0,4.0,4.0
2.9819927971188476e-06,-13.0,5.0,4.0
2.9831932773109244e-06,-13.0,4.0,5.0
2.984393757503001e-06,-12.0,3.0,5.0
2.9855942376950778e-06,-12.0,4.0,4.0
2.986794717887155e-06,-12.0,5.0,3.0
2.9879951980792316e-06,-12.0,4.0,4.0
2.9891956782713084e-06,-12.0,4.0,4.0
2.990396158463385e-06,-11.0,5.0,4.0
2.9915966386554622e-06,-12.0,5.0,3.0
2.992797118847539e-06,-12.0,4.0,5.0
2.9939975990396156e-06,-13.0,3.0,4.0
2.9951980792316924e-06,-13.0,4.0,5.0
2.9963985594237695e-06,-11.0,4.0,5.0
2.9975990396158462e-06,-11.0,4.0,4.0
2.998799519807923e-06,-12.0,4.0,3.0
3e-06,-13.0,4.0,4.0
