Temps (s),CH2 (V),CH3 (V),CH4 (V)
0.0,61.0,-43.0,4.0
2.4009603841536614e-09,61.0,-43.0,5.0
4.801920768307323e-09,61.0,-42.0,5.0
7.202881152460984e-09,62.0,-43.0,5.0
9.603841536614646e-09,62.0,-43.0,5.0
1.2004801920768307e-08,62.0,-44.0,5.0
1.4405762304921968e-08,63.0,-42.0,5.0
1.680672268907563e-08,61.0,-43.0,5.0
1.920768307322929e-08,60.0,-43.0,4.0
2.1608643457382952e-08,62.0,-44.0,5.0
2.4009603841536614e-08,62.0,-42.0,6.0
2.6410564225690275e-08,62.0,-44.0,4.0
2.8811524609843937e-08,62.0,-43.0,6.0
3.1212484993997595e-08,62.0,-43.0,4.0
3.361344537815126e-08,62.0,-43.0,5.0
3.6014405762304924e-08,63.0,-43.0,4.0
3.841536614645858e-08,61.0,-43.0,4.0
4.081632653061224e-08,61.0,-43.0,4.0
4.3217286914765905e-08,62.0,-42.0,4.0
4.561824729891957e-08,62.0,-42.0,4.0
4.801920768307323e-08,62.0,-42.0,4.0
5.0420168067226886e-08,61.0,-42.0,4.0
5.282112845138055e-08,62.0,-42.0,5.0
5.5222088835534215e-08,62.0,-43.0,5.0
5.762304921968787e-08,62.0,-43.0,5.0
6.002400960384153e-08,62.0,-43.0,5.0
6.242496998799519e-08,62.0,-43.0,4.0
6.482593037214886e-08,62.0,-43.0,5.0
6.722689075630252e-08,62.0,-42.0,5.0
6.962785114045618e-08,62.0,-43.0,5.0
7.202881152460985e-08,62.0,-42.0,4.0
7.44297719087635e-08,62.0,-44.0,4.0
7.683073229291716e-08,61.0,-43.0,5.0
7.923169267707082e-08,61.0,-43.0,4.0
8.163265306122448e-08,62.0,-42.0,4.0
8.403361344537815e-08,62.0,-43.0,5.0
8.643457382953181e-08,61.0,-43.0,5.0
8.883553421368547e-08,63.0,-43.0,5.0
9.123649459783914e-08,61.0,-43.0,4.0
9.36374549819928e-08,62.0,-42.0,4.0
9.603841536614646e-08,62.0,-43.0,6.0
9.843937575030011e-08,61.0,-43.0,4.0
1.0084033613445377e-07,62.0,-42.0,4.0
1.0324129651860744e-07,61.0,-43.0,4.0
1.056422569027611e-07,62.0,-42.0,4.0
1.0804321728691476e-07,61.0,-42.0,5.0
1.1044417767106843e-07,61.0,-43.0,5.0
1.1284513805522209e-07,62.0,-43.0,5.0
1.1524609843937575e-07,62.0,-42.0,4.0
1.176470588235294e-07,62.0,-43.0,6.0
1.2004801920768306e-07,61.0,-44.0,4.0
1.2244897959183673e-07,61.0,-43.0,4.0
1.2484993997599038e-07,62.0,-43.0,5.0
1.2725090036014405e-07,62.0,-43.0,4.0
1.2965186074429772e-07,62.0,-43.0,5.0
1.3205282112845137e-07,62.0,-43.0,5.0
1.3445378151260504e-07,63.0,-43.0,5.0
1.368547418967587e-07,62.0,-43.0,5.0
1.3925570228091235e-07,62.0,-43.0,5.0
1.4165666266506602e-07,62.0,-42.0,4.0
1.440576230492197e-07,62.0,-42.0,5.0
1.4645858343337334e-07,61.0,-43.0,5.0
1.48859543817527e-07,62.0,-42.0,4.0
1.5126050420168066e-07,62.0,-43.0,5.0
1.5366146458583433e-07,61.0,-43.0,5.0
1.56062424969988e-07,62.0,-43.0,5.0
1.5846338535414164e-07,62.0,-44.0,4.0
1.6086434573829532e-07,62.0,-43.0,5.0
1.6326530612244896e-07,62.0,-43.0,5.0
1.6566626650660263e-07,62.0,-43.0,5.0
1.680672268907563e-07,62.0,-43.0,5.0
1.7046818727490995e-07,62.0,-43.0,4.0
1.7286914765906362e-07,63.0,-42.0,5.0
1.752701080432173e-07,61.0,-43.0,5.0
1.7767106842737094e-07,62.0,-43.0,4.0
1.800720288115246e-07,62.0,-44.0,4.0
1.8247298919567828e-07,62.0,-43.0,5.0
1.8487394957983192e-07,62.0,-43.0,5.0
1.872749099639856e-07,62.0,-42.0,4.0
1.8967587034813924e-07,61.0,-42.0,5.0
1.920768307322929e-07,63.0,-43.0,4.0
1.9447779111644658e-07,62.0,-43.0,4.0
1.9687875150060023e-07,61.0,-43.0,5.0
1.992797118847539e-07,62.0,-42.0,4.0
2.0168067226890754e-07,62.0,-42.0,4.0
2.0408163265306121e-07,61.0,-43.0,5.0
2.0648259303721488e-07,61.0,-43.0,4.0
2.0888355342136853e-07,62.0,-42.0,5.0
2.112845138055222e-07,62.0,-42.0,5.0
2.1368547418967587e-07,63.0,-43.0,5.0
2.1608643457382952e-07,61.0,-42.0,5.0
2.184873949579832e-07,62.0,-43.0,5.0
2.2088835534213686e-07,63.0,-43.0,5.0
2.232893157262905e-07,62.0,-44.0,4.0
2.2569027611044418e-07,61.0,-43.0,5.0
2.2809123649459782e-07,61.0,-42.0,5.0
2.304921968787515e-07,61.0,-43.0,4.0
2.3289315726290516e-07,63.0,-42.0,5.0
2.352941176470588e-07,61.0,-43.0,4.0
2.3769507803121248e-07,62.0,-42.0,4.0
2.400960384153661e-07,61.0,-42.0,3.0
2.424969987995198e-07,62.0,-42.0,4.0
2.4489795918367347e-07,61.0,-43.0,5.0
2.472989195678271e-07,62.0,-42.0,5.0
2.4969987995198076e-07,61.0,-43.0,5.0
2.5210084033613445e-07,61.0,-43.0,5.0
2.545018007202881e-07,62.0,-44.0,4.0
2.5690276110444174e-07,61.0,-43.0,5.0
2.5930372148859544e-07,62.0,-44.0,4.0
2.617046818727491e-07,62.0,-42.0,5.0
2.6410564225690273e-07,62.0,-43.0,5.0
2.6650660264105643e-07,63.0,-43.0,5.0
2.689075630252101e-07,61.0,-42.0,5.0
2.713085234093637e-07,62.0,-43.0,4.0
2.737094837935174e-07,61.0,-42.0,4.0
2.7611044417767106e-07,61.0,-43.0,5.0
2.785114045618247e-07,61.0,-43.0,5.0
2.809123649459784e-07,62.0,-42.0,4.0
2.8331332533013205e-07,62.0,-42.0,5.0
2.857142857142857e-07,62.0,-43.0,4.0
2.881152460984394e-07,62.0,-42.0,5.0
2.9051620648259304e-07,62.0,-43.0,5.0
2.929171668667467e-07,61.0,-43.0,4.0
2.953181272509003e-07,62.0,-42.0,4.0
2.97719087635054e-07,61.0,-43.0,4.0
3.0012004801920767e-07,61.0,-43.0,5.0
3.025210084033613e-07,63.0,-43.0,5.0
3.04921968787515e-07,62.0,-42.0,5.0
3.0732292917166866e-07,61.0,-43.0,6.0
3.097238895558223e-07,62.0,-42.0,5.0
3.12124849939976e-07,61.0,-42.0,5.0
3.1452581032412964e-07,62.0,-43.0,5.0
3.169267707082833e-07,61.0,-42.0,4.0
3.19327731092437e-07,62.0,-43.0,4.0
3.2172869147659063e-07,62.0,-44.0,5.0
3.241296518607443e-07,61.0,-43.0,4.0
3.265306122448979e-07,61.0,-43.0,4.0
3.289315726290516e-07,62.0,-43.0,4.0
3.3133253301320526e-07,62.0,-42.0,5.0
3.337334933973589e-07,61.0,-43.0,5.0
3.361344537815126e-07,61.0,-44.0,4.0
3.3853541416566625e-07,62.0,-43.0,4.0
3.409363745498199e-07,61.0,-43.0,4.0
3.433373349339736e-07,61.0,-43.0,4.0
3.4573829531812724e-07,62.0,-43.0,5.0
3.481392557022809e-07,62.0,-42.0,5.0
3.505402160864346e-07,62.0,-42.0,4.0
3.529411764705882e-07,62.0,-42.0,4.0
3.5534213685474187e-07,62.0,-43.0,4.0
3.5774309723889557e-07,60.0,-43.0,4.0
3.601440576230492e-07,62.0,-42.0,4.0
3.6254501800720286e-07,62.0,-43.0,4.0
3.6494597839135656e-07,62.0,-43.0,4.0
3.673469387755102e-07,61.0,-43.0,4.0
3.6974789915966385e-07,61.0,-42.0,4.0
3.721488595438175e-07,62.0,-43.0,4.0
3.745498199279712e-07,62.0,-43.0,4.0
3.7695078031212483e-07,61.0,-43.0,5.0
3.793517406962785e-07,63.0,-43.0,4.0
3.817527010804322e-07,62.0,-42.0,4.0
3.841536614645858e-07,62.0,-42.0,4.0
3.8655462184873946e-07,62.0,-42.0,4.0
3.8895558223289316e-07,62.0,-43.0,5.0
3.913565426170468e-07,62.0,-43.0,5.0
3.9375750300120045e-07,62.0,-43.0,5.0
3.9615846338535415e-07,62.0,-42.0,5.0
3.985594237695078e-07,62.0,-42.0,4.0
4.0096038415366144e-07,62.0,-43.0,5.0
4.033613445378151e-07,62.0,-42.0,4.0
4.057623049219688e-07,61.0,-42.0,5.0
4.0816326530612243e-07,61.0,-41.0,4.0
4.1056422569027607e-07,62.0,-43.0,5.0
4.1296518607442977e-07,62.0,-43.0,5.0
4.153661464585834e-07,62.0,-43.0,5.0
4.1776710684273706e-07,62.0,-43.0,4.0
4.2016806722689076e-07,61.0,-43.0,4.0
4.225690276110444e-07,61.0,-44.0,5.0
4.2496998799519805e-07,62.0,-43.0,5.0
4.2737094837935174e-07,61.0,-42.0,5.0
4.297719087635054e-07,62.0,-43.0,5.0
4.3217286914765903e-07,62.0,-42.0,5.0
4.3457382953181273e-07,62.0,-43.0,5.0
4.369747899159664e-07,62.0,-44.0,5.0
4.3937575030012e-07,62.0,-43.0,5.0
4.417767106842737e-07,62.0,-43.0,4.0
4.4417767106842736e-07,61.0,-43.0,5.0
4.46578631452581e-07,60.0,-42.0,5.0
4.4897959183673465e-07,62.0,-41.0,5.0
4.5138055222088835e-07,63.0,-43.0,4.0
4.53781512605042e-07,62.0,-42.0,4.0
4.5618247298919564e-07,62.0,-43.0,5.0
4.5858343337334934e-07,62.0,-42.0,5.0
4.60984393757503e-07,62.0,-42.0,4.0
4.6338535414165663e-07,62.0,-42.0,5.0
4.6578631452581033e-07,61.0,-43.0,5.0
4.6818727490996397e-07,61.0,-43.0,4.0
4.705882352941176e-07,62.0,-42.0,5.0
4.729891956782713e-07,61.0,-43.0,4.0
4.7539015606242496e-07,61.0,-42.0,5.0
4.777911164465786e-07,61.0,-43.0,4.0
4.801920768307322e-07,62.0,-41.0,5.0
4.825930372148859e-07,62.0,-42.0,5.0
4.849939975990396e-07,61.0,-43.0,5.0
4.873949579831933e-07,62.0,-43.0,5.0
4.897959183673469e-07,62.0,-42.0,5.0
4.921968787515006e-07,62.0,-44.0,5.0
4.945978391356542e-07,62.0,-44.0,5.0
4.969987995198079e-07,61.0,-43.0,5.0
4.993997599039615e-07,61.0,-43.0,4.0
5.018007202881153e-07,62.0,-43.0,4.0
5.042016806722689e-07,61.0,-42.0,5.0
5.066026410564226e-07,62.0,-43.0,4.0
5.090036014405762e-07,63.0,-42.0,4.0
5.114045618247298e-07,62.0,-42.0,4.0
5.138055222088835e-07,61.0,-43.0,3.0
5.162064825930372e-07,62.0,-42.0,5.0
5.186074429771909e-07,62.0,-42.0,5.0
5.210084033613445e-07,63.0,-41.0,6.0
5.234093637454982e-07,62.0,-43.0,5.0
5.258103241296518e-07,63.0,-42.0,5.0
5.282112845138055e-07,62.0,-42.0,5.0
5.306122448979592e-07,62.0,-43.0,4.0
5.330132052821129e-07,62.0,-43.0,5.0
5.354141656662665e-07,62.0,-43.0,4.0
5.378151260504201e-07,62.0,-42.0,4.0
5.402160864345738e-07,62.0,-43.0,5.0
5.426170468187274e-07,62.0,-43.0,5.0
5.450180072028811e-07,62.0,-43.0,4.0
5.474189675870348e-07,62.0,-42.0,5.0
5.498199279711885e-07,62.0,-42.0,5.0
5.522208883553421e-07,61.0,-42.0,4.0
5.546218487394958e-07,61.0,-44.0,5.0
5.570228091236494e-07,62.0,-43.0,5.0
5.594237695078031e-07,62.0,-43.0,3.0
5.618247298919568e-07,62.0,-43.0,5.0
5.642256902761105e-07,61.0,-42.0,4.0
5.666266506602641e-07,61.0,-43.0,4.0
5.690276110444177e-07,62.0,-42.0,6.0
5.714285714285714e-07,61.0,-42.0,5.0
5.73829531812725e-07,61.0,-44.0,5.0
5.762304921968788e-07,62.0,-42.0,5.0
5.786314525810324e-07,61.0,-42.0,5.0
5.810324129651861e-07,62.0,-42.0,4.0
5.834333733493397e-07,62.0,-43.0,5.0
5.858343337334934e-07,62.0,-43.0,5.0
5.88235294117647e-07,62.0,-42.0,6.0
5.906362545018007e-07,61.0,-43.0,4.0
5.930372148859544e-07,62.0,-42.0,4.0
5.95438175270108e-07,62.0,-43.0,4.0
5.978391356542617e-07,62.0,-43.0,5.0
6.002400960384153e-07,62.0,-43.0,5.0
6.02641056422569e-07,62.0,-43.0,5.0
6.050420168067226e-07,61.0,-43.0,5.0
6.074429771908764e-07,62.0,-43.0,5.0
6.0984393757503e-07,62.0,-42.0,5.0
6.122448979591837e-07,62.0,-44.0,4.0
6.146458583433373e-07,61.0,-43.0,5.0
6.17046818727491e-07,62.0,-42.0,5.0
6.194477791116446e-07,62.0,-43.0,4.0
6.218487394957982e-07,62.0,-42.0,4.0
6.24249699879952e-07,62.0,-43.0,5.0
6.266506602641056e-07,63.0,-43.0,5.0
6.290516206482593e-07,63.0,-43.0,5.0
6.314525810324129e-07,61.0,-42.0,5.0
6.338535414165666e-07,61.0,-43.0,5.0
6.362545018007202e-07,61.0,-42.0,4.0
6.38655462184874e-07,62.0,-43.0,5.0
6.410564225690276e-07,61.0,-43.0,5.0
6.434573829531813e-07,62.0,-44.0,3.0
6.458583433373349e-07,62.0,-43.0,4.0
6.482593037214886e-07,62.0,-43.0,5.0
6.506602641056422e-07,62.0,-44.0,4.0
6.530612244897958e-07,61.0,-43.0,4.0
6.554621848739496e-07,62.0,-42.0,4.0
6.578631452581032e-07,62.0,-43.0,5.0
6.602641056422569e-07,61.0,-42.0,5.0
6.626650660264105e-07,62.0,-43.0,4.0
6.650660264105642e-07,62.0,-42.0,4.0
6.674669867947178e-07,62.0,-43.0,4.0
6.698679471788716e-07,62.0,-43.0,5.0
6.722689075630252e-07,62.0,-42.0,4.0
6.746698679471789e-07,61.0,-42.0,5.0
6.770708283313325e-07,62.0,-43.0,5.0
6.794717887154861e-07,62.0,-43.0,4.0
6.818727490996398e-07,61.0,-44.0,4.0
6.842737094837935e-07,63.0,-43.0,5.0
6.866746698679472e-07,61.0,-42.0,5.0
6.890756302521008e-07,61.0,-43.0,4.0
6.914765906362545e-07,62.0,-42.0,4.0
6.938775510204081e-07,62.0,-42.0,4.0
6.962785114045618e-07,62.0,-43.0,4.0
6.986794717887154e-07,63.0,-43.0,4.0
7.010804321728692e-07,62.0,-43.0,4.0
7.034813925570228e-07,61.0,-42.0,5.0
7.058823529411765e-07,62.0,-42.0,4.0
7.082833133253301e-07,63.0,-42.0,5.0
7.106842737094837e-07,62.0,-43.0,4.0
7.130852340936374e-07,61.0,-42.0,5.0
7.154861944777911e-07,61.0,-42.0,4.0
7.178871548619448e-07,63.0,-43.0,4.0
7.202881152460984e-07,62.0,-43.0,5.0
7.226890756302521e-07,63.0,-43.0,4.0
7.250900360144057e-07,61.0,-43.0,5.0
7.274909963985594e-07,61.0,-43.0,5.0
7.298919567827131e-07,61.0,-43.0,4.0
7.322929171668668e-07,61.0,-42.0,5.0
7.346938775510204e-07,62.0,-43.0,4.0
7.37094837935174e-07,63.0,-43.0,5.0
7.394957983193277e-07,62.0,-43.0,4.0
7.418967587034813e-07,61.0,-43.0,5.0
7.44297719087635e-07,61.0,-43.0,5.0
7.466986794717887e-07,62.0,-44.0,3.0
7.490996398559424e-07,62.0,-43.0,4.0
7.51500600240096e-07,61.0,-42.0,5.0
7.539015606242497e-07,61.0,-43.0,5.0
7.563025210084033e-07,62.0,-42.0,4.0
7.58703481392557e-07,62.0,-43.0,4.0
7.611044417767107e-07,62.0,-42.0,5.0
7.635054021608644e-07,61.0,-43.0,5.0
7.65906362545018e-07,62.0,-43.0,4.0
7.683073229291716e-07,62.0,-43.0,4.0
7.707082833133253e-07,62.0,-42.0,5.0
7.731092436974789e-07,61.0,-43.0,5.0
7.755102040816326e-07,63.0,-42.0,4.0
7.779111644657863e-07,62.0,-43.0,5.0
7.8031212484994e-07,63.0,-44.0,4.0
7.827130852340936e-07,62.0,-43.0,5.0
7.851140456182473e-07,62.0,-42.0,5.0
7.875150060024009e-07,61.0,-42.0,5.0
7.899159663865545e-07,61.0,-43.0,5.0
7.923169267707083e-07,62.0,-44.0,5.0
7.947178871548619e-07,61.0,-43.0,4.0
7.971188475390156e-07,62.0,-43.0,4.0
7.995198079231692e-07,61.0,-43.0,5.0
8.019207683073229e-07,63.0,-43.0,4.0
8.043217286914765e-07,61.0,-44.0,4.0
8.067226890756302e-07,62.0,-42.0,5.0
8.091236494597839e-07,62.0,-42.0,6.0
8.115246098439376e-07,61.0,-42.0,5.0
8.139255702280912e-07,62.0,-42.0,4.0
8.163265306122449e-07,62.0,-42.0,5.0
8.187274909963985e-07,63.0,-43.0,4.0
8.211284513805521e-07,63.0,-42.0,5.0
8.235294117647059e-07,62.0,-43.0,5.0
8.259303721488595e-07,62.0,-43.0,4.0
8.283313325330132e-07,61.0,-42.0,4.0
8.307322929171668e-07,62.0,-43.0,4.0
8.331332533013205e-07,61.0,-44.0,4.0
8.355342136854741e-07,63.0,-44.0,5.0
8.379351740696279e-07,62.0,-42.0,5.0
8.403361344537815e-07,62.0,-42.0,5.0
8.427370948379352e-07,61.0,-43.0,5.0
8.451380552220888e-07,61.0,-43.0,5.0
8.475390156062424e-07,62.0,-44.0,4.0
8.499399759903961e-07,62.0,-43.0,5.0
8.523409363745497e-07,62.0,-42.0,5.0
8.547418967587035e-07,61.0,-42.0,5.0
8.571428571428571e-07,62.0,-42.0,4.0
8.595438175270108e-07,61.0,-42.0,4.0
8.619447779111644e-07,62.0,-42.0,5.0
8.643457382953181e-07,63.0,-43.0,4.0
8.667466986794717e-07,62.0,-42.0,5.0
8.691476590636255e-07,62.0,-43.0,4.0
8.715486194477791e-07,61.0,-42.0,4.0
8.739495798319328e-07,62.0,-43.0,4.0
8.763505402160864e-07,62.0,-42.0,4.0
8.7875150060024e-07,62.0,-42.0,4.0
8.811524609843937e-07,62.0,-43.0,5.0
8.835534213685474e-07,61.0,-43.0,5.0
8.859543817527011e-07,62.0,-42.0,5.0
8.883553421368547e-07,61.0,-42.0,4.0
8.907563025210084e-07,61.0,-44.0,4.0
8.93157262905162e-07,61.0,-43.0,5.0
8.955582232893157e-07,62.0,-42.0,4.0
8.979591836734693e-07,62.0,-42.0,5.0
9.003601440576231e-07,62.0,-42.0,5.0
9.027611044417767e-07,62.0,-43.0,5.0
9.051620648259303e-07,62.0,-43.0,4.0
9.07563025210084e-07,63.0,-43.0,5.0
9.099639855942376e-07,61.0,-43.0,4.0
9.123649459783913e-07,62.0,-42.0,5.0
9.14765906362545e-07,61.0,-42.0,4.0
9.171668667466987e-07,61.0,-43.0,4.0
9.195678271308523e-07,62.0,-44.0,4.0
9.21968787515006e-07,62.0,-44.0,5.0
9.243697478991596e-07,62.0,-42.0,6.0
9.267707082833133e-07,62.0,-43.0,4.0
9.291716686674669e-07,61.0,-41.0,5.0
9.315726290516207e-07,61.0,-42.0,4.0
9.339735894357743e-07,62.0,-42.0,5.0
9.363745498199279e-07,62.0,-43.0,5.0
9.387755102040816e-07,62.0,-43.0,5.0
9.411764705882352e-07,63.0,-43.0,5.0
9.435774309723889e-07,62.0,-42.0,4.0
9.459783913565426e-07,63.0,-43.0,5.0
9.483793517406963e-07,63.0,-43.0,4.0
9.507803121248499e-07,61.0,-42.0,4.0
9.531812725090036e-07,62.0,-44.0,4.0
9.555822328931572e-07,63.0,-42.0,4.0
9.579831932773109e-07,62.0,-42.0,4.0
9.603841536614645e-07,62.0,-43.0,4.0
9.627851140456181e-07,62.0,-43.0,4.0
9.651860744297718e-07,62.0,-43.0,5.0
9.675870348139254e-07,62.0,-43.0,5.0
9.699879951980793e-07,61.0,-43.0,5.0
9.72388955582233e-07,62.0,-43.0,4.0
9.747899159663866e-07,62.0,-42.0,5.0
9.771908763505402e-07,61.0,-43.0,4.0
9.795918367346939e-07,62.0,-43.0,4.0
9.819927971188475e-07,62.0,-42.0,4.0
9.843937575030012e-07,62.0,-43.0,4.0
9.867947178871548e-07,62.0,-43.0,4.0
9.891956782713084e-07,62.0,-42.0,5.0
9.91596638655462e-07,62.0,-42.0,4.0
9.939975990396157e-07,62.0,-42.0,4.0
9.963985594237694e-07,61.0,-42.0,5.0
9.98799519807923e-07,62.0,-42.0,5.0
1.0012004801920769e-06,61.0,-42.0,6.0
1.0036014405762305e-06,62.0,-42.0,5.0
1.0060024009603842e-06,62.0,-43.0,4.0
1.0084033613445378e-06,62.0,-43.0,5.0
1.0108043217286915e-06,62.0,-43.0,4.0
1.0132052821128451e-06,62.0,-43.0,6.0
1.0156062424969988e-06,62.0,-43.0,5.0
1.0180072028811524e-06,62.0,-43.0,4.0
1.020408163265306e-06,63.0,-43.0,5.0
1.0228091236494597e-06,62.0,-42.0,5.0
1.0252100840336133e-06,62.0,-42.0,6.0
1.027611044417767e-06,62.0,-42.0,4.0
1.0300120048019208e-06,61.0,-43.0,5.0
1.0324129651860745e-06,62.0,-43.0,5.0
1.0348139255702281e-06,62.0,-43.0,5.0
1.0372148859543818e-06,62.0,-42.0,4.0
1.0396158463385354e-06,62.0,-43.0,4.0
1.042016806722689e-06,61.0,-43.0,5.0
1.0444177671068427e-06,62.0,-42.0,5.0
1.0468187274909963e-06,63.0,-42.0,5.0
1.04921968787515e-06,61.0,-42.0,4.0
1.0516206482593036e-06,62.0,-42.0,4.0
1.0540216086434573e-06,62.0,-43.0,5.0
1.056422569027611e-06,62.0,-42.0,5.0
1.0588235294117646e-06,62.0,-41.0,5.0
1.0612244897959184e-06,63.0,-43.0,5.0
1.063625450180072e-06,62.0,-43.0,4.0
1.0660264105642257e-06,63.0,-43.0,4.0
1.0684273709483794e-06,63.0,-43.0,4.0
1.070828331332533e-06,61.0,-44.0,3.0
1.0732292917166867e-06,62.0,-42.0,5.0
1.0756302521008403e-06,62.0,-43.0,5.0
1.078031212484994e-06,62.0,-43.0,4.0
1.0804321728691476e-06,62.0,-42.0,4.0
1.0828331332533012e-06,61.0,-42.0,5.0
1.0852340936374549e-06,62.0,-42.0,4.0
1.0876350540216085e-06,62.0,-44.0,5.0
1.0900360144057622e-06,63.0,-42.0,4.0
1.092436974789916e-06,62.0,-43.0,4.0
1.0948379351740697e-06,62.0,-43.0,5.0
1.0972388955582233e-06,63.0,-43.0,5.0
1.099639855942377e-06,62.0,-42.0,4.0
1.1020408163265306e-06,63.0,-43.0,4.0
1.1044417767106842e-06,62.0,-43.0,4.0
1.1068427370948379e-06,61.0,-44.0,4.0
1.1092436974789915e-06,62.0,-43.0,4.0
1.1116446578631452e-06,62.0,-41.0,3.0
1.1140456182472988e-06,62.0,-43.0,5.0
1.1164465786314525e-06,62.0,-43.0,5.0
1.1188475390156061e-06,62.0,-42.0,5.0
1.1212484993997598e-06,62.0,-43.0,4.0
1.1236494597839136e-06,62.0,-43.0,4.0
1.1260504201680673e-06,62.0,-42.0,5.0
1.128451380552221e-06,61.0,-41.0,4.0
1.1308523409363746e-06,61.0,-43.0,5.0
1.1332533013205282e-06,62.0,-43.0,5.0
1.1356542617046818e-06,62.0,-43.0,5.0
1.1380552220888355e-06,63.0,-43.0,5.0
1.1404561824729891e-06,62.0,-43.0,5.0
1.1428571428571428e-06,62.0,-43.0,4.0
1.1452581032412964e-06,62.0,-44.0,5.0
1.14765906362545e-06,62.0,-43.0,5.0
1.1500600240096037e-06,61.0,-42.0,5.0
1.1524609843937576e-06,62.0,-43.0,4.0
1.1548619447779112e-06,62.0,-43.0,4.0
1.1572629051620649e-06,61.0,-43.0,4.0
1.1596638655462185e-06,62.0,-42.0,4.0
1.1620648259303721e-06,63.0,-42.0,4.0
1.1644657863145258e-06,62.0,-42.0,4.0
1.1668667466986794e-06,62.0,-43.0,5.0
1.169267707082833e-06,62.0,-43.0,4.0
1.1716686674669867e-06,62.0,-42.0,5.0
1.1740696278511404e-06,61.0,-43.0,4.0
1.176470588235294e-06,62.0,-43.0,5.0
1.1788715486194477e-06,61.0,-43.0,5.0
1.1812725090036013e-06,61.0,-42.0,4.0
1.1836734693877552e-06,63.0,-42.0,5.0
1.1860744297719088e-06,61.0,-43.0,4.0
1.1884753901560625e-06,61.0,-43.0,4.0
1.190876350540216e-06,62.0,-43.0,5.0
1.1932773109243697e-06,62.0,-42.0,5.0
1.1956782713085234e-06,62.0,-42.0,5.0
1.198079231692677e-06,62.0,-43.0,5.0
1.2004801920768307e-06,62.0,-43.0,5.0
1.2028811524609843e-06,62.0,-43.0,5.0
1.205282112845138e-06,61.0,-43.0,5.0
1.2076830732292916e-06,61.0,-42.0,4.0
1.2100840336134453e-06,62.0,-44.0,4.0
1.212484993997599e-06,62.0,-42.0,5.0
1.2148859543817528e-06,62.0,-44.0,3.0
1.2172869147659064e-06,63.0,-44.0,5.0
1.21968787515006e-06,62.0,-43.0,4.0
1.2220888355342137e-06,62.0,-43.0,4.0
1.2244897959183673e-06,62.0,-42.0,4.0
1.226890756302521e-06,61.0,-42.0,4.0
1.2292917166866746e-06,61.0,-43.0,5.0
1.2316926770708283e-06,63.0,-42.0,4.0
1.234093637454982e-06,62.0,-42.0,4.0
1.2364945978391356e-06,61.0,-43.0,5.0
1.2388955582232892e-06,61.0,-42.0,5.0
1.2412965186074428e-06,62.0,-43.0,5.0
1.2436974789915965e-06,62.0,-42.0,5.0
1.2460984393757503e-06,62.0,-43.0,5.0
1.248499399759904e-06,62.0,-42.0,5.0
1.2509003601440576e-06,62.0,-41.0,4.0
1.2533013205282113e-06,62.0,-42.0,5.0
1.255702280912365e-06,63.0,-42.0,5.0
1.2581032412965186e-06,63.0,-43.0,5.0
1.2605042016806722e-06,61.0,-42.0,4.0
1.2629051620648259e-06,62.0,-42.0,5.0
1.2653061224489795e-06,61.0,-42.0,4.0
1.2677070828331332e-06,62.0,-43.0,4.0
1.2701080432172868e-06,62.0,-43.0,4.0
1.2725090036014404e-06,62.0,-43.0,4.0
1.274909963985594e-06,62.0,-44.0,5.0
1.277310924369748e-06,62.0,-43.0,4.0
1.2797118847539016e-06,62.0,-43.0,5.0
1.2821128451380552e-06,63.0,-42.0,5.0
1.2845138055222089e-06,62.0,-43.0,5.0
1.2869147659063625e-06,61.0,-44.0,5.0
1.2893157262905162e-06,61.0,-42.0,5.0
1.2917166866746698e-06,62.0,-43.0,5.0
1.2941176470588235e-06,61.0,-43.0,4.0
1.296518607442977e-06,62.0,-42.0,5.0
1.2989195678271307e-06,62.0,-42.0,5.0
1.3013205282112844e-06,62.0,-42.0,5.0
1.303721488595438e-06,62.0,-42.0,4.0
1.3061224489795917e-06,62.0,-43.0,5.0
1.3085234093637455e-06,62.0,-43.0,5.0
1.3109243697478992e-06,62.0,-42.0,5.0
1.3133253301320528e-06,62.0,-43.0,5.0
1.3157262905162065e-06,61.0,-44.0,5.0
1.3181272509003601e-06,61.0,-42.0,5.0
1.3205282112845138e-06,62.0,-43.0,4.0
1.3229291716686674e-06,62.0,-42.0,4.0
1.325330132052821e-06,62.0,-43.0,4.0
1.3277310924369747e-06,61.0,-43.0,4.0
1.3301320528211283e-06,61.0,-43.0,4.0
1.332533013205282e-06,62.0,-43.0,4.0
1.3349339735894356e-06,61.0,-43.0,4.0
1.3373349339735895e-06,62.0,-42.0,5.0
1.3397358943577431e-06,62.0,-44.0,5.0
1.3421368547418968e-06,62.0,-43.0,4.0
1.3445378151260504e-06,61.0,-43.0,5.0
1.346938775510204e-06,62.0,-42.0,4.0
1.3493397358943577e-06,62.0,-42.0,5.0
1.3517406962785114e-06,61.0,-43.0,5.0
1.354141656662665e-06,62.0,-42.0,5.0
1.3565426170468186e-06,62.0,-42.0,4.0
1.3589435774309723e-06,61.0,-41.0,5.0
1.361344537815126e-06,62.0,-43.0,4.0
1.3637454981992796e-06,61.0,-44.0,4.0
1.3661464585834332e-06,62.0,-44.0,4.0
1.368547418967587e-06,62.0,-43.0,5.0
1.3709483793517407e-06,62.0,-43.0,5.0
1.3733493397358944e-06,62.0,-43.0,5.0
1.375750300120048e-06,61.0,-42.0,5.0
1.3781512605042017e-06,62.0,-43.0,5.0
1.3805522208883553e-06,61.0,-43.0,5.0
1.382953181272509e-06,63.0,-43.0,5.0
1.3853541416566626e-06,61.0,-43.0,4.0
1.3877551020408162e-06,62.0,-43.0,4.0
1.3901560624249699e-06,62.0,-43.0,5.0
1.3925570228091235e-06,62.0,-44.0,4.0
1.3949579831932772e-06,62.0,-43.0,4.0
1.3973589435774308e-06,61.0,-43.0,5.0
1.3997599039615847e-06,62.0,-42.0,4.0
1.4021608643457383e-06,62.0,-42.0,6.0
1.404561824729892e-06,61.0,-42.0,5.0
1.4069627851140456e-06,61.0,-43.0,5.0
1.4093637454981993e-06,63.0,-42.0,5.0
1.411764705882353e-06,63.0,-42.0,5.0
1.4141656662665065e-06,62.0,-43.0,5.0
1.4165666266506602e-06,61.0,-42.0,5.0
1.4189675870348138e-06,61.0,-44.0,3.0
1.4213685474189675e-06,62.0,-42.0,5.0
1.4237695078031211e-06,61.0,-42.0,4.0
1.4261704681872748e-06,61.0,-43.0,4.0
1.4285714285714284e-06,62.0,-43.0,4.0
1.4309723889555823e-06,63.0,-42.0,4.0
1.433373349339736e-06,62.0,-42.0,5.0
1.4357743097238896e-06,62.0,-42.0,5.0
1.4381752701080432e-06,62.0,-43.0,4.0
1.4405762304921969e-06,62.0,-43.0,5.0
1.4429771908763505e-06,61.0,-42.0,4.0
1.4453781512605041e-06,62.0,-43.0,5.0
1.4477791116446578e-06,62.0,-43.0,4.0
1.4501800720288114e-06,62.0,-44.0,4.0
1.452581032412965e-06,62.0,-43.0,5.0
1.4549819927971187e-06,62.0,-44.0,5.0
1.4573829531812724e-06,63.0,-42.0,4.0
1.4597839135654262e-06,62.0,-43.0,5.0
1.4621848739495799e-06,61.0,-43.0,4.0
1.4645858343337335e-06,63.0,-43.0,5.0
1.4669867947178872e-06,61.0,-43.0,4.0
1.4693877551020408e-06,61.0,-42.0,4.0
1.4717887154861944e-06,61.0,-42.0,5.0
1.474189675870348e-06,62.0,-42.0,5.0
1.4765906362545017e-06,61.0,-42.0,5.0
1.4789915966386554e-06,61.0,-43.0,5.0
1.481392557022809e-06,61.0,-43.0,5.0
1.4837935174069627e-06,62.0,-43.0,5.0
1.4861944777911163e-06,62.0,-43.0,4.0
1.48859543817527e-06,61.0,-42.0,4.0
1.4909963985594238e-06,61.0,-43.0,5.0
1.4933973589435775e-06,63.0,-43.0,5.0
1.4957983193277311e-06,62.0,-42.0,6.0
1.4981992797118848e-06,62.0,-42.0,6.0
1.5006002400960384e-06,62.0,-43.0,5.0
1.503001200480192e-06,61.0,-43.0,4.0
1.5054021608643457e-06,62.0,-43.0,5.0
1.5078031212484993e-06,63.0,-43.0,4.0
1.510204081632653e-06,63.0,-43.0,4.0
1.5126050420168066e-06,61.0,-44.0,5.0
1.5150060024009603e-06,62.0,-43.0,5.0
1.517406962785114e-06,61.0,-43.0,5.0
1.5198079231692676e-06,61.0,-43.0,5.0
1.5222088835534214e-06,62.0,-43.0,5.0
1.524609843937575e-06,62.0,-43.0,5.0
1.5270108043217287e-06,61.0,-42.0,5.0
1.5294117647058823e-06,62.0,-44.0,5.0
1.531812725090036e-06,62.0,-42.0,4.0
1.5342136854741896e-06,61.0,-43.0,5.0
1.5366146458583433e-06,62.0,-43.0,4.0
1.539015606242497e-06,61.0,-43.0,5.0
1.5414165666266506e-06,62.0,-42.0,4.0
1.5438175270108042e-06,63.0,-42.0,4.0
1.5462184873949579e-06,61.0,-44.0,5.0
1.5486194477791115e-06,62.0,-43.0,5.0
1.5510204081632651e-06,62.0,-42.0,4.0
1.553421368547419e-06,62.0,-43.0,5.0
1.5558223289315727e-06,61.0,-43.0,5.0
1.5582232893157263e-06,62.0,-44.0,4.0
1.56062424969988e-06,62.0,-43.0,5.0
1.5630252100840336e-06,62.0,-43.0,4.0
1.5654261704681872e-06,62.0,-43.0,4.0
1.5678271308523409e-06,62.0,-43.0,4.0
1.5702280912364945e-06,62.0,-42.0,4.0
1.5726290516206482e-06,61.0,-42.0,4.0
1.5750300120048018e-06,62.0,-43.0,4.0
1.5774309723889555e-06,61.0,-44.0,4.0
1.579831932773109e-06,62.0,-43.0,5.0
1.5822328931572627e-06,62.0,-43.0,5.0
1.5846338535414166e-06,62.0,-43.0,5.0
1.5870348139255702e-06,63.0,-42.0,4.0
1.5894357743097239e-06,62.0,-42.0,5.0
1.5918367346938775e-06,62.0,-42.0,4.0
1.5942376950780312e-06,61.0,-43.0,5.0
1.5966386554621848e-06,60.0,-42.0,3.0
1.5990396158463385e-06,63.0,-42.0,5.0
1.6014405762304921e-06,62.0,-43.0,5.0
1.6038415366146458e-06,61.0,-43.0,4.0
1.6062424969987994e-06,62.0,-44.0,4.0
1.608643457382953e-06,63.0,-43.0,6.0
1.6110444177671067e-06,63.0,-43.0,5.0
1.6134453781512603e-06,61.0,-42.0,5.0
1.6158463385354142e-06,62.0,-43.0,5.0
1.6182472989195678e-06,61.0,-43.0,5.0
1.6206482593037215e-06,61.0,-43.0,5.0
1.6230492196878751e-06,61.0,-44.0,4.0
1.6254501800720288e-06,62.0,-44.0,4.0
1.6278511404561824e-06,62.0,-43.0,4.0
1.630252100840336e-06,62.0,-43.0,4.0
1.6326530612244897e-06,61.0,-43.0,5.0
1.6350540216086434e-06,62.0,-43.0,5.0
1.637454981992797e-06,63.0,-42.0,5.0
1.6398559423769506e-06,62.0,-43.0,5.0
1.6422569027611043e-06,62.0,-43.0,5.0
1.6446578631452581e-06,62.0,-42.0,5.0
1.6470588235294118e-06,62.0,-43.0,4.0
1.6494597839135654e-06,62.0,-43.0,5.0
1.651860744297719e-06,62.0,-43.0,4.0
1.6542617046818727e-06,62.0,-44.0,6.0
1.6566626650660264e-06,62.0,-43.0,4.0
1.65906362545018e-06,63.0,-43.0,5.0
1.6614645858343337e-06,62.0,-43.0,4.0
1.6638655462184873e-06,61.0,-42.0,4.0
1.666266506602641e-06,61.0,-43.0,4.0
1.6686674669867946e-06,62.0,-42.0,4.0
1.6710684273709482e-06,61.0,-42.0,5.0
1.6734693877551019e-06,61.0,-42.0,4.0
1.6758703481392557e-06,61.0,-42.0,6.0
1.6782713085234094e-06,62.0,-43.0,5.0
1.680672268907563e-06,62.0,-43.0,4.0
1.6830732292917167e-06,62.0,-42.0,5.0
1.6854741896758703e-06,62.0,-43.0,4.0
1.687875150060024e-06,61.0,-42.0,5.0
1.6902761104441776e-06,62.0,-43.0,5.0
1.6926770708283313e-06,62.0,-43.0,5.0
1.695078031212485e-06,62.0,-43.0,5.0
1.6974789915966385e-06,62.0,-43.0,4.0
1.6998799519807922e-06,62.0,-42.0,4.0
1.7022809123649458e-06,61.0,-42.0,4.0
1.7046818727490995e-06,61.0,-43.0,5.0
1.7070828331332533e-06,62.0,-42.0,4.0
1.709483793517407e-06,62.0,-43.0,4.0
1.7118847539015606e-06,62.0,-43.0,5.0
1.7142857142857143e-06,61.0,-42.0,4.0
1.716686674669868e-06,62.0,-43.0,5.0
1.7190876350540216e-06,62.0,-43.0,4.0
1.7214885954381752e-06,61.0,-42.0,4.0
1.7238895558223288e-06,62.0,-43.0,4.0
1.7262905162064825e-06,62.0,-43.0,5.0
1.7286914765906361e-06,62.0,-43.0,5.0
1.7310924369747898e-06,63.0,-42.0,4.0
1.7334933973589434e-06,62.0,-43.0,5.0
1.735894357743097e-06,61.0,-42.0,4.0
1.738295318127251e-06,61.0,-42.0,5.0
1.7406962785114046e-06,61.0,-43.0,5.0
1.7430972388955582e-06,63.0,-44.0,4.0
1.7454981992797119e-06,62.0,-43.0,5.0
1.7478991596638655e-06,61.0,-42.0,5.0
1.7503001200480192e-06,63.0,-43.0,5.0
1.7527010804321728e-06,62.0,-43.0,4.0
1.7551020408163264e-06,62.0,-43.0,5.0
1.75750300120048e-06,62.0,-43.0,4.0
1.7599039615846337e-06,62.0,-43.0,5.0
1.7623049219687874e-06,61.0,-42.0,4.0
1.764705882352941e-06,61.0,-42.0,5.0
1.7671068427370949e-06,62.0,-42.0,4.0
1.7695078031212485e-06,62.0,-43.0,4.0
1.7719087635054022e-06,62.0,-43.0,4.0
1.7743097238895558e-06,61.0,-44.0,4.0
1.7767106842737095e-06,61.0,-43.0,5.0
1.779111644657863e-06,62.0,-42.0,5.0
1.7815126050420167e-06,62.0,-43.0,5.0
1.7839135654261704e-06,62.0,-44.0,4.0
1.786314525810324e-06,62.0,-42.0,5.0
1.7887154861944777e-06,63.0,-43.0,5.0
1.7911164465786313e-06,62.0,-42.0,4.0
1.793517406962785e-06,62.0,-43.0,5.0
1.7959183673469386e-06,61.0,-44.0,5.0
1.7983193277310925e-06,62.0,-42.0,5.0
1.8007202881152461e-06,61.0,-43.0,4.0
1.8031212484993998e-06,61.0,-43.0,5.0
1.8055222088835534e-06,62.0,-43.0,4.0
1.807923169267707e-06,61.0,-43.0,4.0
1.8103241296518607e-06,61.0,-42.0,5.0
1.8127250900360143e-06,61.0,-43.0,4.0
1.815126050420168e-06,61.0,-43.0,5.0
1.8175270108043216e-06,61.0,-42.0,5.0
1.8199279711884753e-06,61.0,-43.0,4.0
1.822328931572629e-06,61.0,-43.0,4.0
1.8247298919567826e-06,62.0,-42.0,4.0
1.8271308523409362e-06,61.0,-43.0,5.0
1.82953181272509e-06,62.0,-43.0,5.0
1.8319327731092437e-06,61.0,-42.0,5.0
1.8343337334933974e-06,62.0,-43.0,4.0
1.836734693877551e-06,62.0,-43.0,4.0
1.8391356542617046e-06,61.0,-43.0,4.0
1.8415366146458583e-06,61.0,-43.0,5.0
1.843937575030012e-06,61.0,-43.0,5.0
1.8463385354141656e-06,61.0,-44.0,5.0
1.8487394957983192e-06,62.0,-43.0,5.0
1.8511404561824729e-06,63.0,-42.0,4.0
1.8535414165666265e-06,61.0,-43.0,4.0
1.8559423769507802e-06,61.0,-43.0,4.0
1.8583433373349338e-06,61.0,-43.0,5.0
1.8607442977190877e-06,61.0,-43.0,4.0
1.8631452581032413e-06,61.0,-42.0,5.0
1.865546218487395e-06,62.0,-43.0,4.0
1.8679471788715486e-06,61.0,-43.0,4.0
1.8703481392557022e-06,62.0,-44.0,4.0
1.8727490996398559e-06,62.0,-44.0,5.0
1.8751500600240095e-06,62.0,-43.0,5.0
1.8775510204081632e-06,61.0,-44.0,5.0
1.8799519807923168e-06,61.0,-43.0,4.0
1.8823529411764705e-06,61.0,-43.0,4.0
1.8847539015606241e-06,62.0,-43.0,3.0
1.8871548619447778e-06,63.0,-42.0,4.0
1.8895558223289314e-06,62.0,-42.0,6.0
1.8919567827130853e-06,62.0,-43.0,5.0
1.894357743097239e-06,62.0,-42.0,4.0
1.8967587034813925e-06,62.0,-42.0,5.0
1.8991596638655462e-06,61.0,-43.0,4.0
1.9015606242496998e-06,61.0,-42.0,4.0
1.9039615846338535e-06,61.0,-43.0,4.0
1.9063625450180071e-06,60.0,-42.0,5.0
1.908763505402161e-06,61.0,-42.0,5.0
1.9111644657863144e-06,61.0,-43.0,5.0
1.9135654261704683e-06,62.0,-43.0,4.0
1.9159663865546217e-06,62.0,-43.0,5.0
1.9183673469387756e-06,62.0,-42.0,4.0
1.920768307322929e-06,62.0,-43.0,4.0
1.923169267707083e-06,61.0,-43.0,4.0
1.9255702280912363e-06,62.0,-43.0,5.0
1.92797118847539e-06,62.0,-44.0,4.0
1.9303721488595436e-06,62.0,-43.0,4.0
1.9327731092436974e-06,61.0,-43.0,5.0
1.935174069627851e-06,62.0,-43.0,5.0
1.9375750300120047e-06,62.0,-42.0,4.0
1.9399759903961586e-06,62.0,-43.0,4.0
1.942376950780312e-06,61.0,-44.0,5.0
1.944777911164466e-06,62.0,-42.0,4.0
1.9471788715486193e-06,62.0,-42.0,5.0
1.949579831932773e-06,62.0,-43.0,4.0
1.9519807923169266e-06,62.0,-42.0,4.0
1.9543817527010804e-06,62.0,-43.0,4.0
1.956782713085234e-06,61.0,-43.0,5.0
1.9591836734693877e-06,62.0,-42.0,5.0
1.961584633853541e-06,61.0,-43.0,6.0
1.963985594237695e-06,63.0,-43.0,5.0
1.9663865546218485e-06,62.0,-43.0,4.0
1.9687875150060023e-06,62.0,-43.0,5.0
1.971188475390156e-06,62.0,-42.0,5.0
1.9735894357743096e-06,61.0,-43.0,6.0
1.9759903961584635e-06,62.0,-43.0,5.0
1.978391356542617e-06,61.0,-44.0,4.0
1.9807923169267708e-06,61.0,-43.0,4.0
1.983193277310924e-06,62.0,-44.0,5.0
1.985594237695078e-06,61.0,-43.0,5.0
1.9879951980792315e-06,62.0,-42.0,4.0
1.9903961584633853e-06,61.0,-44.0,4.0
1.9927971188475388e-06,61.0,-43.0,4.0
1.9951980792316926e-06,61.0,-43.0,6.0
1.997599039615846e-06,62.0,-43.0,5.0
2e-06,61.0,-44.0,5.0
2.0024009603841538e-06,61.0,-43.0,5.0
2.004801920768307e-06,62.0,-43.0,3.0
2.007202881152461e-06,62.0,-43.0,5.0
2.0096038415366145e-06,61.0,-43.0,4.0
2.0120048019207683e-06,63.0,-43.0,5.0
2.0144057623049218e-06,61.0,-43.0,6.0
2.0168067226890756e-06,63.0,-43.0,4.0
2.019207683073229e-06,62.0,-42.0,5.0
2.021608643457383e-06,61.0,-44.0,3.0
2.0240096038415364e-06,61.0,-43.0,4.0
2.0264105642256902e-06,62.0,-42.0,5.0
2.028811524609844e-06,61.0,-42.0,5.0
2.0312124849939975e-06,62.0,-42.0,5.0
2.0336134453781514e-06,61.0,-44.0,5.0
2.036014405762305e-06,61.0,-42.0,4.0
2.0384153661464587e-06,62.0,-42.0,4.0
2.040816326530612e-06,61.0,-42.0,4.0
2.043217286914766e-06,62.0,-43.0,4.0
2.0456182472989194e-06,62.0,-43.0,4.0
2.0480192076830732e-06,62.0,-43.0,4.0
2.0504201680672267e-06,61.0,-42.0,5.0
2.0528211284513805e-06,62.0,-44.0,5.0
2.055222088835534e-06,63.0,-43.0,5.0
2.057623049219688e-06,62.0,-44.0,5.0
2.0600240096038417e-06,62.0,-43.0,4.0
2.062424969987995e-06,61.0,-43.0,4.0
2.064825930372149e-06,62.0,-43.0,5.0
2.0672268907563024e-06,62.0,-43.0,5.0
2.0696278511404562e-06,62.0,-43.0,4.0
2.0720288115246097e-06,61.0,-42.0,5.0
2.0744297719087635e-06,61.0,-43.0,4.0
2.076830732292917e-06,62.0,-42.0,5.0
2.079231692677071e-06,62.0,-43.0,4.0
2.0816326530612243e-06,62.0,-43.0,4.0
2.084033613445378e-06,61.0,-43.0,4.0
2.0864345738295315e-06,62.0,-43.0,4.0
2.0888355342136854e-06,62.0,-44.0,5.0
2.0912364945978393e-06,61.0,-43.0,4.0
2.0936374549819927e-06,62.0,-43.0,4.0
2.0960384153661465e-06,62.0,-43.0,5.0
2.0984393757503e-06,62.0,-43.0,5.0
2.100840336134454e-06,62.0,-44.0,5.0
2.1032412965186073e-06,61.0,-43.0,5.0
2.105642256902761e-06,62.0,-43.0,4.0
2.1080432172869146e-06,61.0,-43.0,4.0
2.1104441776710684e-06,62.0,-44.0,5.0
2.112845138055222e-06,62.0,-42.0,5.0
2.1152460984393757e-06,62.0,-43.0,4.0
2.117647058823529e-06,62.0,-42.0,5.0
2.120048019207683e-06,61.0,-42.0,4.0
2.122448979591837e-06,62.0,-42.0,5.0
2.1248499399759903e-06,62.0,-43.0,4.0
2.127250900360144e-06,62.0,-43.0,5.0
2.1296518607442976e-06,61.0,-42.0,5.0
2.1320528211284514e-06,61.0,-42.0,5.0
2.134453781512605e-06,62.0,-42.0,4.0
2.1368547418967587e-06,62.0,-43.0,4.0
2.139255702280912e-06,61.0,-43.0,4.0
2.141656662665066e-06,62.0,-43.0,4.0
2.1440576230492194e-06,62.0,-42.0,5.0
2.1464585834333733e-06,62.0,-43.0,5.0
2.1488595438175267e-06,63.0,-43.0,5.0
2.1512605042016806e-06,62.0,-43.0,4.0
2.1536614645858344e-06,61.0,-43.0,5.0
2.156062424969988e-06,61.0,-43.0,4.0
2.1584633853541417e-06,61.0,-43.0,5.0
2.160864345738295e-06,61.0,-43.0,5.0
2.163265306122449e-06,62.0,-42.0,5.0
2.1656662665066025e-06,62.0,-43.0,6.0
2.1680672268907563e-06,62.0,-43.0,5.0
2.1704681872749098e-06,62.0,-43.0,5.0
2.1728691476590636e-06,61.0,-44.0,4.0
2.175270108043217e-06,62.0,-42.0,5.0
2.177671068427371e-06,61.0,-43.0,5.0
2.1800720288115243e-06,62.0,-43.0,4.0
2.182472989195678e-06,61.0,-42.0,4.0
2.184873949579832e-06,61.0,-42.0,5.0
2.1872749099639855e-06,62.0,-43.0,5.0
2.1896758703481393e-06,61.0,-42.0,4.0
2.1920768307322928e-06,62.0,-42.0,5.0
2.1944777911164466e-06,63.0,-43.0,4.0
2.1968787515006e-06,61.0,-43.0,5.0
2.199279711884754e-06,61.0,-44.0,5.0
2.2016806722689073e-06,61.0,-43.0,4.0
2.204081632653061e-06,62.0,-44.0,4.0
2.2064825930372146e-06,63.0,-43.0,4.0
2.2088835534213685e-06,63.0,-43.0,6.0
2.211284513805522e-06,62.0,-42.0,4.0
2.2136854741896758e-06,62.0,-42.0,5.0
2.2160864345738296e-06,62.0,-43.0,4.0
2.218487394957983e-06,62.0,-42.0,4.0
2.220888355342137e-06,61.0,-42.0,5.0
2.2232893157262904e-06,61.0,-43.0,4.0
2.2256902761104442e-06,62.0,-43.0,4.0
2.2280912364945977e-06,62.0,-42.0,6.0
2.2304921968787515e-06,61.0,-44.0,5.0
2.232893157262905e-06,62.0,-43.0,5.0
2.235294117647059e-06,62.0,-42.0,4.0
2.2376950780312122e-06,61.0,-42.0,4.0
2.240096038415366e-06,61.0,-43.0,4.0
2.2424969987995195e-06,62.0,-43.0,4.0
2.2448979591836734e-06,61.0,-42.0,4.0
2.2472989195678272e-06,62.0,-42.0,4.0
2.2496998799519807e-06,61.0,-44.0,6.0
2.2521008403361345e-06,62.0,-43.0,4.0
2.254501800720288e-06,62.0,-43.0,4.0
2.256902761104442e-06,62.0,-42.0,5.0
2.2593037214885952e-06,61.0,-44.0,4.0
2.261704681872749e-06,62.0,-42.0,5.0
2.2641056422569025e-06,63.0,-44.0,5.0
2.2665066026410564e-06,62.0,-43.0,5.0
2.26890756302521e-06,61.0,-42.0,5.0
2.2713085234093637e-06,62.0,-42.0,5.0
2.273709483793517e-06,62.0,-42.0,4.0
2.276110444177671e-06,62.0,-44.0,4.0
2.278511404561825e-06,61.0,-43.0,5.0
2.2809123649459783e-06,62.0,-43.0,4.0
2.283313325330132e-06,61.0,-43.0,4.0
2.2857142857142856e-06,61.0,-44.0,5.0
2.2881152460984394e-06,61.0,-43.0,4.0
2.290516206482593e-06,61.0,-42.0,5.0
2.2929171668667467e-06,62.0,-46.0,5.0
2.2953181272509e-06,62.0,-74.0,5.0
2.297719087635054e-06,62.0,-81.0,4.0
2.3001200480192074e-06,62.0,-75.0,5.0
2.3025210084033613e-06,61.0,-70.0,5.0
2.304921968787515e-06,62.0,-68.0,4.0
2.3073229291716686e-06,62.0,-67.0,5.0
2.3097238895558224e-06,61.0,-67.0,4.0
2.312124849939976e-06,62.0,-69.0,4.0
2.3145258103241297e-06,61.0,-67.0,5.0
2.316926770708283e-06,62.0,-68.0,4.0
2.319327731092437e-06,62.0,-63.0,5.0
2.3217286914765904e-06,61.0,-62.0,5.0
2.3241296518607443e-06,62.0,-55.0,4.0
2.3265306122448977e-06,62.0,-30.0,5.0
2.3289315726290516e-06,62.0,-20.0,5.0
2.331332533013205e-06,62.0,-28.0,4.0
2.333733493397359e-06,62.0,-34.0,4.0
2.3361344537815127e-06,63.0,-37.0,3.0
2.338535414165666e-06,62.0,-40.0,4.0
2.34093637454982e-06,61.0,-42.0,4.0
2.3433373349339734e-06,62.0,-41.0,5.0
2.3457382953181273e-06,62.0,-43.0,4.0
2.3481392557022807e-06,61.0,-45.0,4.0
2.3505402160864346e-06,61.0,-49.0,5.0
2.352941176470588e-06,62.0,-51.0,4.0
2.355342136854742e-06,61.0,-49.0,5.0
2.3577430972388953e-06,61.0,-49.0,5.0
2.360144057623049e-06,62.0,-46.0,5.0
2.3625450180072026e-06,62.0,-45.0,5.0
2.3649459783913565e-06,63.0,-44.0,5.0
2.3673469387755103e-06,62.0,-44.0,5.0
2.3697478991596638e-06,62.0,-43.0,5.0
2.3721488595438176e-06,62.0,-41.0,6.0
2.374549819927971e-06,61.0,-41.0,5.0
2.376950780312125e-06,61.0,-41.0,4.0
2.3793517406962783e-06,62.0,-41.0,4.0
2.381752701080432e-06,62.0,-42.0,5.0
2.3841536614645856e-06,62.0,-43.0,5.0
2.3865546218487395e-06,63.0,-43.0,5.0
2.388955582232893e-06,62.0,-43.0,5.0
2.3913565426170468e-06,62.0,-43.0,4.0
2.3937575030012e-06,61.0,-43.0,4.0
2.396158463385354e-06,62.0,-44.0,5.0
2.398559423769508e-06,61.0,-44.0,5.0
2.4009603841536613e-06,61.0,-44.0,5.0
2.403361344537815e-06,62.0,-43.0,5.0
2.4057623049219686e-06,62.0,-43.0,4.0
2.4081632653061225e-06,62.0,-43.0,4.0
2.410564225690276e-06,62.0,-43.0,4.0
2.4129651860744298e-06,62.0,-44.0,4.0
2.4153661464585832e-06,61.0,-42.0,5.0
2.417767106842737e-06,62.0,-44.0,5.0
2.4201680672268905e-06,61.0,-42.0,4.0
2.4225690276110444e-06,62.0,-43.0,4.0
2.424969987995198e-06,61.0,-42.0,4.0
2.4273709483793517e-06,61.0,-42.0,4.0
2.4297719087635055e-06,61.0,-43.0,5.0
2.432172869147659e-06,61.0,-43.0,4.0
2.434573829531813e-06,61.0,-43.0,5.0
2.4369747899159662e-06,62.0,-43.0,4.0
2.43937575030012e-06,62.0,-43.0,4.0
2.4417767106842735e-06,62.0,-42.0,5.0
2.4441776710684274e-06,62.0,-42.0,6.0
2.446578631452581e-06,62.0,-44.0,5.0
2.4489795918367347e-06,61.0,-43.0,5.0
2.451380552220888e-06,62.0,-43.0,5.0
2.453781512605042e-06,62.0,-43.0,5.0
2.4561824729891954e-06,61.0,-43.0,4.0
2.4585834333733492e-06,61.0,-43.0,5.0
2.460984393757503e-06,62.0,-44.0,4.0
2.4633853541416565e-06,61.0,-43.0,5.0
2.4657863145258104e-06,61.0,-43.0,5.0
2.468187274909964e-06,61.0,-43.0,5.0
2.4705882352941177e-06,62.0,-42.0,5.0
2.472989195678271e-06,62.0,-42.0,5.0
2.475390156062425e-06,61.0,-43.0,5.0
2.4777911164465784e-06,62.0,-42.0,5.0
2.4801920768307323e-06,61.0,-42.0,5.0
2.4825930372148857e-06,61.0,-43.0,5.0
2.4849939975990396e-06,62.0,-43.0,4.0
2.487394957983193e-06,62.0,-44.0,5.0
2.489795918367347e-06,61.0,-42.0,4.0
2.4921968787515007e-06,61.0,-43.0,4.0
2.494597839135654e-06,61.0,-44.0,5.0
2.496998799519808e-06,62.0,-44.0,5.0
2.4993997599039614e-06,63.0,-43.0,5.0
2.5018007202881153e-06,62.0,-43.0,4.0
2.5042016806722687e-06,62.0,-43.0,4.0
2.5066026410564226e-06,62.0,-42.0,6.0
2.509003601440576e-06,62.0,-43.0,5.0
2.51140456182473e-06,62.0,-43.0,5.0
2.5138055222088833e-06,62.0,-43.0,5.0
2.516206482593037e-06,62.0,-43.0,4.0
2.5186074429771906e-06,62.0,-42.0,5.0
2.5210084033613444e-06,62.0,-42.0,5.0
2.5234093637454983e-06,61.0,-42.0,5.0
2.5258103241296517e-06,62.0,-42.0,5.0
2.5282112845138056e-06,61.0,-42.0,4.0
2.530612244897959e-06,61.0,-43.0,5.0
2.533013205282113e-06,61.0,-43.0,5.0
2.5354141656662663e-06,62.0,-43.0,5.0
2.53781512605042e-06,62.0,-42.0,5.0
2.5402160864345736e-06,61.0,-42.0,4.0
2.5426170468187275e-06,62.0,-43.0,5.0
2.545018007202881e-06,61.0,-43.0,4.0
2.5474189675870347e-06,62.0,-43.0,5.0
2.549819927971188e-06,62.0,-43.0,3.0
2.552220888355342e-06,62.0,-42.0,4.0
2.554621848739496e-06,61.0,-42.0,4.0
2.5570228091236493e-06,62.0,-42.0,4.0
2.559423769507803e-06,61.0,-43.0,5.0
2.5618247298919566e-06,61.0,-42.0,4.0
2.5642256902761105e-06,62.0,-43.0,5.0
2.566626650660264e-06,62.0,-43.0,6.0
2.5690276110444178e-06,62.0,-44.0,4.0
2.571428571428571e-06,62.0,-43.0,4.0
2.573829531812725e-06,61.0,-44.0,5.0
2.5762304921968785e-06,62.0,-43.0,5.0
2.5786314525810323e-06,61.0,-43.0,5.0
2.5810324129651858e-06,61.0,-43.0,3.0
2.5834333733493396e-06,62.0,-43.0,3.0
2.5858343337334935e-06,63.0,-44.0,5.0
2.588235294117647e-06,61.0,-43.0,5.0
2.5906362545018008e-06,62.0,-43.0,4.0
2.593037214885954e-06,61.0,-43.0,4.0
2.595438175270108e-06,60.0,-42.0,5.0
2.5978391356542615e-06,62.0,-43.0,5.0
2.6002400960384154e-06,62.0,-43.0,5.0
2.6026410564225688e-06,60.0,-42.0,5.0
2.6050420168067226e-06,61.0,-42.0,4.0
2.607442977190876e-06,61.0,-43.0,4.0
2.60984393757503e-06,63.0,-43.0,5.0
2.6122448979591834e-06,62.0,-42.0,4.0
2.6146458583433372e-06,62.0,-42.0,4.0
2.617046818727491e-06,61.0,-42.0,4.0
2.6194477791116445e-06,62.0,-43.0,4.0
2.6218487394957984e-06,62.0,-42.0,5.0
2.624249699879952e-06,62.0,-43.0,5.0
2.6266506602641057e-06,62.0,-42.0,5.0
2.629051620648259e-06,62.0,-43.0,5.0
2.631452581032413e-06,61.0,-42.0,4.0
2.6338535414165664e-06,61.0,-43.0,4.0
2.6362545018007202e-06,61.0,-43.0,4.0
2.6386554621848737e-06,61.0,-43.0,4.0
2.6410564225690275e-06,62.0,-44.0,4.0
2.6434573829531814e-06,61.0,-43.0,5.0
2.645858343337335e-06,62.0,-43.0,5.0
2.6482593037214887e-06,61.0,-42.0,4.0
2.650660264105642e-06,63.0,-44.0,4.0
2.653061224489796e-06,62.0,-43.0,4.0
2.6554621848739494e-06,62.0,-43.0,4.0
2.6578631452581033e-06,62.0,-43.0,6.0
2.6602641056422567e-06,62.0,-44.0,5.0
2.6626650660264105e-06,61.0,-43.0,5.0
2.665066026410564e-06,61.0,-43.0,6.0
2.667466986794718e-06,63.0,-43.0,4.0
2.6698679471788713e-06,62.0,-42.0,4.0
2.672268907563025e-06,62.0,-43.0,5.0
2.674669867947179e-06,61.0,-43.0,5.0
2.6770708283313324e-06,62.0,-43.0,5.0
2.6794717887154863e-06,62.0,-43.0,5.0
2.6818727490996397e-06,62.0,-43.0,5.0
2.6842737094837936e-06,61.0,-43.0,6.0
2.686674669867947e-06,60.0,-42.0,5.0
2.689075630252101e-06,62.0,-42.0,5.0
2.6914765906362543e-06,61.0,-44.0,5.0
2.693877551020408e-06,61.0,-44.0,5.0
2.6962785114045616e-06,62.0,-43.0,5.0
2.6986794717887154e-06,61.0,-44.0,5.0
2.701080432172869e-06,61.0,-44.0,5.0
2.7034813925570227e-06,61.0,-43.0,4.0
2.7058823529411766e-06,62.0,-44.0,4.0
2.70828331332533e-06,62.0,-43.0,4.0
2.710684273709484e-06,62.0,-43.0,5.0
2.7130852340936373e-06,61.0,-43.0,4.0
2.715486194477791e-06,62.0,-42.0,4.0
2.7178871548619446e-06,62.0,-43.0,4.0
2.7202881152460984e-06,61.0,-43.0,4.0
2.722689075630252e-06,61.0,-43.0,4.0
2.7250900360144057e-06,62.0,-43.0,4.0
2.727490996398559e-06,61.0,-43.0,4.0
2.729891956782713e-06,62.0,-43.0,5.0
2.7322929171668665e-06,62.0,-42.0,5.0
2.7346938775510203e-06,61.0,-42.0,4.0
2.737094837935174e-06,62.0,-44.0,5.0
2.7394957983193276e-06,62.0,-42.0,4.0
2.7418967587034815e-06,61.0,-42.0,4.0
2.744297719087635e-06,61.0,-43.0,4.0
2.7466986794717887e-06,62.0,-43.0,5.0
2.749099639855942e-06,63.0,-42.0,5.0
2.751500600240096e-06,62.0,-43.0,4.0
2.7539015606242495e-06,61.0,-43.0,5.0
2.7563025210084033e-06,62.0,-43.0,5.0
2.7587034813925568e-06,62.0,-44.0,4.0
2.7611044417767106e-06,61.0,-42.0,5.0
2.763505402160864e-06,61.0,-43.0,5.0
2.765906362545018e-06,63.0,-43.0,4.0
2.7683073229291718e-06,61.0,-42.0,4.0
2.770708283313325e-06,62.0,-44.0,5.0
2.773109243697479e-06,62.0,-43.0,5.0
2.7755102040816325e-06,62.0,-43.0,4.0
2.7779111644657863e-06,62.0,-42.0,4.0
2.7803121248499398e-06,62.0,-42.0,5.0
2.7827130852340936e-06,62.0,-42.0,4.0
2.785114045618247e-06,61.0,-42.0,4.0
2.787515006002401e-06,61.0,-43.0,5.0
2.7899159663865544e-06,62.0,-43.0,5.0
2.792316926770708e-06,62.0,-43.0,4.0
2.7947178871548616e-06,61.0,-43.0,4.0
2.7971188475390155e-06,62.0,-43.0,5.0
2.7995198079231694e-06,62.0,-43.0,5.0
2.801920768307323e-06,62.0,-42.0,5.0
2.8043217286914766e-06,62.0,-42.0,4.0
2.80672268907563e-06,62.0,-43.0,5.0
2.809123649459784e-06,61.0,-43.0,5.0
2.8115246098439374e-06,61.0,-42.0,4.0
2.8139255702280912e-06,61.0,-43.0,5.0
2.8163265306122447e-06,61.0,-43.0,5.0
2.8187274909963985e-06,61.0,-43.0,5.0
2.821128451380552e-06,62.0,-43.0,5.0
2.823529411764706e-06,63.0,-42.0,5.0
2.8259303721488592e-06,62.0,-43.0,4.0
2.828331332533013e-06,62.0,-42.0,4.0
2.830732292917167e-06,61.0,-42.0,5.0
2.8331332533013204e-06,61.0,-43.0,4.0
2.8355342136854742e-06,61.0,-43.0,5.0
2.8379351740696277e-06,62.0,-42.0,5.0
2.8403361344537815e-06,62.0,-42.0,5.0
2.842737094837935e-06,62.0,-42.0,4.0
2.845138055222089e-06,62.0,-42.0,4.0
2.8475390156062423e-06,62.0,-43.0,5.0
2.849939975990396e-06,62.0,-43.0,4.0
2.8523409363745495e-06,61.0,-42.0,4.0
2.8547418967587034e-06,62.0,-43.0,4.0
2.857142857142857e-06,62.0,-43.0,5.0
2.8595438175270107e-06,61.0,-43.0,5.0
2.8619447779111645e-06,61.0,-43.0,4.0
2.864345738295318e-06,62.0,-42.0,4.0
2.866746698679472e-06,62.0,-44.0,5.0
2.8691476590636253e-06,61.0,-43.0,4.0
2.871548619447779e-06,60.0,-43.0,3.0
2.8739495798319326e-06,62.0,-43.0,4.0
2.8763505402160864e-06,61.0,-43.0,5.0
2.87875150060024e-06,62.0,-42.0,5.0
2.8811524609843937e-06,62.0,-43.0,5.0
2.883553421368547e-06,63.0,-43.0,5.0
2.885954381752701e-06,62.0,-43.0,4.0
2.8883553421368544e-06,63.0,-43.0,4.0
2.8907563025210083e-06,60.0,-42.0,5.0
2.893157262905162e-06,62.0,-43.0,5.0
2.8955582232893156e-06,61.0,-42.0,5.0
2.8979591836734694e-06,62.0,-43.0,5.0
2.900360144057623e-06,61.0,-42.0,4.0
2.9027611044417767e-06,61.0,-43.0,4.0
2.90516206482593e-06,62.0,-42.0,6.0
2.907563025210084e-06,62.0,-43.0,5.0
2.9099639855942374e-06,62.0,-42.0,5.0
2.9123649459783913e-06,62.0,-43.0,4.0
2.9147659063625447e-06,62.0,-43.0,4.0
2.9171668667466986e-06,61.0,-43.0,4.0
2.9195678271308524e-06,62.0,-42.0,5.0
2.921968787515006e-06,62.0,-43.0,5.0
2.9243697478991597e-06,61.0,-42.0,6.0
2.926770708283313e-06,61.0,-43.0,4.0
2.929171668667467e-06,61.0,-43.0,5.0
2.9315726290516205e-06,61.0,-43.0,5.0
2.9339735894357743e-06,61.0,-43.0,4.0
2.9363745498199277e-06,62.0,-43.0,5.0
2.9387755102040816e-06,61.0,-42.0,4.0
2.941176470588235e-06,62.0,-44.0,4.0
2.943577430972389e-06,60.0,-44.0,4.0
2.9459783913565423e-06,62.0,-43.0,5.0
2.948379351740696e-06,62.0,-43.0,4.0
2.95078031212485e-06,61.0,-44.0,4.0
2.9531812725090035e-06,61.0,-42.0,4.0
2.9555822328931573e-06,61.0,-43.0,5.0
2.9579831932773108e-06,61.0,-42.0,5.0
2.9603841536614646e-06,61.0,-43.0,5.0
2.962785114045618e-06,61.0,-42.0,4.0
2.965186074429772e-06,61.0,-43.0,5.0
2.9675870348139253e-06,62.0,-43.0,5.0
2.969987995198079e-06,62.0,-43.0,5.0
2.9723889555822326e-06,61.0,-43.0,4.0
2.9747899159663865e-06,61.0,-43.0,5.0
2.97719087635054e-06,61.0,-42.0,6.0
2.9795918367346938e-06,61.0,-44.0,5.0
2.9819927971188476e-06,61.0,-42.0,5.0
2.984393757503001e-06,61.0,-43.0,5.0
2.986794717887155e-06,61.0,-43.0,4.0
2.9891956782713084e-06,61.0,-44.0,5.0
2.9915966386554622e-06,62.0,-42.0,4.0
2.9939975990396156e-06,63.0,-42.0,5.0
2.9963985594237695e-06,62.0,-42.0,4.0
2.998799519807923e-06,62.0,-43.0,5.0
3.001200480192077e-06,61.0,-42.0,4.0
3.0036014405762302e-06,61.0,-43.0,4.0
3.006002400960384e-06,58.0,-43.0,4.0
3.0084033613445375e-06,50.0,-43.0,4.0
3.0108043217286914e-06,35.0,-42.0,4.0
3.0132052821128452e-06,26.0,-42.0,5.0
3.0156062424969987e-06,37.0,-43.0,5.0
3.0180072028811525e-06,51.0,-42.0,5.0
3.020408163265306e-06,59.0,-42.0,5.0
3.02280912364946e-06,63.0,-43.0,4.0
3.0252100840336132e-06,67.0,-42.0,5.0
3.027611044417767e-06,71.0,-44.0,5.0
3.0300120048019205e-06,70.0,-43.0,4.0
3.0324129651860744e-06,66.0,-42.0,5.0
3.034813925570228e-06,64.0,-43.0,5.0
3.0372148859543817e-06,63.0,-43.0,5.0
3.039615846338535e-06,62.0,-42.0,5.0
3.042016806722689e-06,61.0,-42.0,5.0
3.044417767106843e-06,60.0,-43.0,4.0
3.0468187274909963e-06,61.0,-44.0,4.0
3.04921968787515e-06,61.0,-42.0,5.0
3.0516206482593035e-06,62.0,-43.0,4.0
3.0540216086434574e-06,62.0,-43.0,4.0
3.056422569027611e-06,62.0,-43.0,4.0
3.0588235294117647e-06,62.0,-44.0,4.0
3.061224489795918e-06,63.0,-42.0,5.0
3.063625450180072e-06,63.0,-44.0,6.0
3.0660264105642254e-06,62.0,-43.0,5.0
3.0684273709483793e-06,62.0,-43.0,4.0
3.0708283313325327e-06,62.0,-43.0,5.0
3.0732292917166866e-06,62.0,-43.0,5.0
3.0756302521008404e-06,61.0,-43.0,5.0
3.078031212484994e-06,62.0,-43.0,5.0
3.0804321728691477e-06,62.0,-43.0,5.0
3.082833133253301e-06,61.0,-43.0,4.0
3.085234093637455e-06,62.0,-44.0,4.0
3.0876350540216084e-06,62.0,-42.0,5.0
3.0900360144057623e-06,61.0,-43.0,5.0
3.0924369747899157e-06,62.0,-43.0,4.0
3.0948379351740696e-06,62.0,-42.0,4.0
3.097238895558223e-06,62.0,-43.0,3.0
3.099639855942377e-06,62.0,-43.0,4.0
3.1020408163265303e-06,62.0,-43.0,5.0
3.104441776710684e-06,62.0,-43.0,5.0
3.106842737094838e-06,62.0,-43.0,4.0
3.1092436974789914e-06,62.0,-44.0,4.0
3.1116446578631453e-06,62.0,-43.0,5.0
3.1140456182472987e-06,63.0,-43.0,5.0
3.1164465786314526e-06,62.0,-43.0,4.0
3.118847539015606e-06,62.0,-42.0,4.0
3.12124849939976e-06,63.0,-43.0,5.0
3.1236494597839133e-06,62.0,-43.0,5.0
3.126050420168067e-06,62.0,-43.0,4.0
3.1284513805522206e-06,62.0,-43.0,4.0
3.1308523409363745e-06,62.0,-43.0,5.0
3.133253301320528e-06,62.0,-43.0,5.0
3.1356542617046818e-06,62.0,-43.0,5.0
3.1380552220888356e-06,62.0,-44.0,5.0
3.140456182472989e-06,61.0,-43.0,4.0
3.142857142857143e-06,63.0,-43.0,5.0
3.1452581032412963e-06,62.0,-42.0,5.0
3.14765906362545e-06,63.0,-44.0,5.0
3.1500600240096036e-06,62.0,-43.0,5.0
3.1524609843937575e-06,63.0,-43.0,5.0
3.154861944777911e-06,63.0,-44.0,4.0
3.1572629051620648e-06,63.0,-43.0,5.0
3.159663865546218e-06,62.0,-43.0,5.0
3.162064825930372e-06,62.0,-43.0,4.0
3.1644657863145255e-06,62.0,-43.0,5.0
3.1668667466986793e-06,62.0,-43.0,4.0
3.169267707082833e-06,63.0,-43.0,4.0
3.1716686674669866e-06,61.0,-43.0,3.0
3.1740696278511405e-06,62.0,-44.0,4.0
3.176470588235294e-06,62.0,-43.0,5.0
3.1788715486194478e-06,62.0,-43.0,5.0
3.1812725090036012e-06,62.0,-43.0,4.0
3.183673469387755e-06,62.0,-42.0,4.0
3.1860744297719085e-06,62.0,-43.0,4.0
3.1884753901560624e-06,62.0,-44.0,4.0
3.190876350540216e-06,62.0,-43.0,5.0
3.1932773109243696e-06,62.0,-43.0,5.0
3.195678271308523e-06,62.0,-43.0,4.0
3.198079231692677e-06,63.0,-42.0,5.0
3.200480192076831e-06,62.0,-42.0,6.0
3.2028811524609842e-06,62.0,-43.0,5.0
3.205282112845138e-06,62.0,-43.0,5.0
3.2076830732292915e-06,62.0,-43.0,4.0
3.2100840336134454e-06,62.0,-43.0,4.0
3.212484993997599e-06,61.0,-42.0,5.0
3.2148859543817527e-06,62.0,-42.0,4.0
3.217286914765906e-06,62.0,-44.0,5.0
3.21968787515006e-06,62.0,-43.0,5.0
3.2220888355342134e-06,62.0,-43.0,5.0
3.2244897959183672e-06,62.0,-42.0,4.0
3.2268907563025207e-06,62.0,-43.0,4.0
3.2292917166866745e-06,62.0,-43.0,5.0
3.2316926770708284e-06,62.0,-42.0,4.0
3.234093637454982e-06,61.0,-42.0,4.0
3.2364945978391357e-06,61.0,-43.0,4.0
3.238895558223289e-06,61.0,-42.0,4.0
3.241296518607443e-06,61.0,-42.0,5.0
3.2436974789915964e-06,62.0,-43.0,4.0
3.2460984393757503e-06,61.0,-43.0,5.0
3.2484993997599037e-06,62.0,-43.0,4.0
3.2509003601440575e-06,62.0,-42.0,5.0
3.253301320528211e-06,62.0,-43.0,4.0
3.255702280912365e-06,61.0,-41.0,3.0
3.2581032412965187e-06,61.0,-42.0,4.0
3.260504201680672e-06,62.0,-43.0,4.0
3.262905162064826e-06,62.0,-42.0,4.0
3.2653061224489794e-06,61.0,-43.0,4.0
3.2677070828331333e-06,62.0,-42.0,4.0
3.2701080432172867e-06,62.0,-43.0,4.0
3.2725090036014406e-06,61.0,-42.0,5.0
3.274909963985594e-06,61.0,-43.0,4.0
3.277310924369748e-06,61.0,-43.0,5.0
3.2797118847539013e-06,61.0,-43.0,4.0
3.282112845138055e-06,61.0,-43.0,4.0
3.2845138055222086e-06,62.0,-43.0,4.0
3.2869147659063624e-06,61.0,-43.0,5.0
3.2893157262905163e-06,61.0,-43.0,5.0
3.2917166866746697e-06,61.0,-43.0,4.0
3.2941176470588236e-06,62.0,-44.0,4.0
3.296518607442977e-06,61.0,-42.0,4.0
3.298919567827131e-06,62.0,-43.0,5.0
3.3013205282112843e-06,61.0,-42.0,6.0
3.303721488595438e-06,62.0,-43.0,5.0
3.3061224489795916e-06,62.0,-43.0,5.0
3.3085234093637454e-06,61.0,-42.0,5.0
3.310924369747899e-06,61.0,-43.0,4.0
3.3133253301320527e-06,62.0,-43.0,4.0
3.315726290516206e-06,62.0,-43.0,4.0
3.31812725090036e-06,61.0,-43.0,4.0
3.320528211284514e-06,62.0,-43.0,4.0
3.3229291716686673e-06,62.0,-43.0,5.0
3.325330132052821e-06,61.0,-43.0,4.0
3.3277310924369746e-06,61.0,-42.0,4.0
3.3301320528211285e-06,61.0,-44.0,4.0
3.332533013205282e-06,61.0,-43.0,5.0
3.3349339735894358e-06,61.0,-43.0,6.0
3.337334933973589e-06,63.0,-43.0,5.0
3.339735894357743e-06,62.0,-43.0,4.0
3.3421368547418965e-06,62.0,-42.0,4.0
3.3445378151260503e-06,61.0,-43.0,5.0
3.3469387755102038e-06,61.0,-42.0,4.0
3.3493397358943576e-06,62.0,-43.0,5.0
3.3517406962785115e-06,61.0,-44.0,4.0
3.354141656662665e-06,62.0,-43.0,5.0
3.3565426170468188e-06,61.0,-43.0,5.0
3.358943577430972e-06,62.0,-43.0,4.0
3.361344537815126e-06,62.0,-43.0,4.0
3.3637454981992795e-06,63.0,-42.0,5.0
3.3661464585834333e-06,61.0,-42.0,5.0
3.3685474189675868e-06,61.0,-43.0,5.0
3.3709483793517406e-06,61.0,-42.0,4.0
3.373349339735894e-06,62.0,-42.0,5.0
3.375750300120048e-06,63.0,-42.0,5.0
3.3781512605042014e-06,62.0,-44.0,5.0
3.3805522208883552e-06,64.0,-43.0,5.0
3.382953181272509e-06,63.0,-43.0,4.0
3.3853541416566625e-06,63.0,-43.0,5.0
3.3877551020408164e-06,62.0,-43.0,4.0
3.39015606242497e-06,62.0,-43.0,5.0
3.3925570228091237e-06,62.0,-43.0,5.0
3.394957983193277e-06,63.0,-43.0,4.0
3.397358943577431e-06,63.0,-43.0,5.0
3.3997599039615844e-06,62.0,-42.0,5.0
3.4021608643457382e-06,63.0,-42.0,4.0
3.4045618247298917e-06,61.0,-42.0,4.0
3.4069627851140455e-06,63.0,-43.0,4.0
3.409363745498199e-06,62.0,-43.0,4.0
3.411764705882353e-06,62.0,-43.0,5.0
3.4141656662665067e-06,62.0,-44.0,4.0
3.41656662665066e-06,62.0,-43.0,5.0
3.418967587034814e-06,61.0,-43.0,4.0
3.4213685474189674e-06,62.0,-42.0,5.0
3.4237695078031212e-06,63.0,-43.0,5.0
3.4261704681872747e-06,62.0,-42.0,5.0
3.4285714285714285e-06,63.0,-42.0,4.0
3.430972388955582e-06,61.0,-42.0,5.0
3.433373349339736e-06,62.0,-42.0,5.0
3.4357743097238893e-06,62.0,-42.0,5.0
3.438175270108043e-06,62.0,-43.0,5.0
3.4405762304921965e-06,62.0,-42.0,4.0
3.4429771908763504e-06,62.0,-43.0,4.0
3.4453781512605043e-06,62.0,-43.0,5.0
3.4477791116446577e-06,61.0,-43.0,4.0
3.4501800720288116e-06,62.0,-43.0,4.0
3.452581032412965e-06,63.0,-42.0,4.0
3.454981992797119e-06,62.0,-42.0,5.0
3.4573829531812723e-06,61.0,-41.0,4.0
3.459783913565426e-06,62.0,-43.0,5.0
3.4621848739495796e-06,62.0,-42.0,5.0
3.4645858343337334e-06,61.0,-44.0,5.0
3.466986794717887e-06,62.0,-42.0,5.0
3.4693877551020407e-06,62.0,-43.0,5.0
3.471788715486194e-06,63.0,-43.0,4.0
3.474189675870348e-06,62.0,-43.0,5.0
3.476590636254502e-06,61.0,-44.0,4.0
3.4789915966386553e-06,63.0,-43.0,4.0
3.481392557022809e-06,62.0,-42.0,4.0
3.4837935174069626e-06,61.0,-43.0,6.0
3.4861944777911164e-06,61.0,-43.0,5.0
3.48859543817527e-06,62.0,-43.0,4.0
3.4909963985594237e-06,62.0,-42.0,6.0
3.493397358943577e-06,62.0,-42.0,4.0
3.495798319327731e-06,62.0,-42.0,5.0
3.4981992797118844e-06,61.0,-43.0,4.0
3.5006002400960383e-06,62.0,-43.0,5.0
3.5030012004801917e-06,62.0,-43.0,5.0
3.5054021608643456e-06,61.0,-44.0,5.0
3.5078031212484995e-06,63.0,-43.0,5.0
3.510204081632653e-06,62.0,-42.0,5.0
3.5126050420168067e-06,62.0,-42.0,4.0
3.51500600240096e-06,61.0,-42.0,4.0
3.517406962785114e-06,62.0,-41.0,5.0
3.5198079231692675e-06,62.0,-43.0,4.0
3.5222088835534213e-06,62.0,-43.0,4.0
3.5246098439375748e-06,62.0,-43.0,5.0
3.5270108043217286e-06,62.0,-42.0,4.0
3.529411764705882e-06,63.0,-43.0,4.0
3.531812725090036e-06,61.0,-44.0,5.0
3.5342136854741898e-06,60.0,-43.0,5.0
3.536614645858343e-06,61.0,-43.0,5.0
3.539015606242497e-06,63.0,-43.0,5.0
3.5414165666266505e-06,62.0,-42.0,5.0
3.5438175270108043e-06,62.0,-43.0,5.0
3.5462184873949578e-06,62.0,-42.0,5.0
3.5486194477791116e-06,62.0,-43.0,6.0
3.551020408163265e-06,63.0,-43.0,6.0
3.553421368547419e-06,61.0,-42.0,7.0
3.5558223289315723e-06,63.0,-43.0,7.0
3.558223289315726e-06,62.0,-43.0,6.0
3.5606242496998796e-06,63.0,-43.0,8.0
3.5630252100840335e-06,61.0,-44.0,7.0
3.5654261704681874e-06,61.0,-42.0,7.0
3.5678271308523408e-06,62.0,-42.0,8.0
3.5702280912364946e-06,62.0,-43.0,9.0
3.572629051620648e-06,61.0,-43.0,9.0
3.575030012004802e-06,62.0,-43.0,8.0
3.5774309723889554e-06,62.0,-44.0,7.0
3.5798319327731092e-06,62.0,-43.0,9.0
3.5822328931572627e-06,61.0,-43.0,10.0
3.5846338535414165e-06,61.0,-44.0,10.0
3.58703481392557e-06,62.0,-43.0,9.0
3.589435774309724e-06,61.0,-42.0,9.0
3.5918367346938772e-06,61.0,-44.0,10.0
3.594237695078031e-06,62.0,-43.0,10.0
3.596638655462185e-06,61.0,-44.0,11.0
3.5990396158463384e-06,62.0,-43.0,10.0
3.6014405762304922e-06,62.0,-44.0,11.0
3.6038415366146457e-06,61.0,-44.0,12.0
3.6062424969987995e-06,62.0,-43.0,11.0
3.608643457382953e-06,61.0,-43.0,11.0
3.611044417767107e-06,61.0,-42.0,12.0
3.6134453781512602e-06,62.0,-42.0,12.0
3.615846338535414e-06,61.0,-43.0,13.0
3.6182472989195675e-06,62.0,-42.0,13.0
3.6206482593037214e-06,63.0,-42.0,13.0
3.623049219687875e-06,62.0,-42.0,13.0
3.6254501800720287e-06,62.0,-42.0,14.0
3.6278511404561825e-06,62.0,-43.0,14.0
3.630252100840336e-06,62.0,-43.0,13.0
3.63265306122449e-06,62.0,-42.0,14.0
3.6350540216086433e-06,62.0,-43.0,14.0
3.637454981992797e-06,62.0,-43.0,14.0
3.6398559423769506e-06,62.0,-44.0,15.0
3.6422569027611044e-06,61.0,-43.0,15.0
3.644657863145258e-06,61.0,-43.0,15.0
3.6470588235294117e-06,62.0,-43.0,15.0
3.649459783913565e-06,62.0,-43.0,15.0
3.651860744297719e-06,62.0,-43.0,15.0
3.6542617046818724e-06,62.0,-43.0,16.0
3.6566626650660263e-06,62.0,-43.0,15.0
3.65906362545018e-06,62.0,-43.0,16.0
3.6614645858343336e-06,63.0,-42.0,16.0
3.6638655462184874e-06,61.0,-42.0,17.0
3.666266506602641e-06,62.0,-43.0,16.0
3.6686674669867947e-06,62.0,-42.0,16.0
3.671068427370948e-06,62.0,-43.0,16.0
3.673469387755102e-06,62.0,-42.0,16.0
3.6758703481392554e-06,62.0,-42.0,15.0
3.6782713085234093e-06,62.0,-42.0,16.0
3.6806722689075627e-06,62.0,-44.0,16.0
3.6830732292917166e-06,62.0,-44.0,16.0
3.68547418967587e-06,62.0,-43.0,16.0
3.687875150060024e-06,62.0,-44.0,17.0
3.6902761104441777e-06,62.0,-42.0,17.0
3.692677070828331e-06,62.0,-43.0,17.0
3.695078031212485e-06,62.0,-43.0,17.0
3.6974789915966385e-06,62.0,-43.0,17.0
3.6998799519807923e-06,62.0,-42.0,17.0
3.7022809123649457e-06,61.0,-43.0,18.0
3.7046818727490996e-06,62.0,-43.0,17.0
3.707082833133253e-06,62.0,-42.0,18.0
3.709483793517407e-06,63.0,-42.0,18.0
3.7118847539015603e-06,62.0,-44.0,17.0
3.714285714285714e-06,62.0,-43.0,18.0
3.7166866746698676e-06,61.0,-42.0,18.0
3.7190876350540215e-06,62.0,-43.0,18.0
3.7214885954381753e-06,62.0,-43.0,18.0
3.7238895558223288e-06,62.0,-43.0,18.0
3.7262905162064826e-06,62.0,-43.0,18.0
3.728691476590636e-06,62.0,-43.0,17.0
3.73109243697479e-06,62.0,-43.0,18.0
3.7334933973589433e-06,61.0,-42.0,19.0
3.735894357743097e-06,63.0,-43.0,18.0
3.7382953181272506e-06,63.0,-43.0,18.0
3.7406962785114045e-06,62.0,-43.0,18.0
3.743097238895558e-06,62.0,-43.0,18.0
3.7454981992797118e-06,62.0,-43.0,19.0
3.747899159663865e-06,63.0,-43.0,18.0
3.750300120048019e-06,62.0,-43.0,19.0
3.752701080432173e-06,62.0,-43.0,19.0
3.7551020408163264e-06,61.0,-43.0,19.0
3.75750300120048e-06,62.0,-43.0,18.0
3.7599039615846336e-06,61.0,-42.0,18.0
3.7623049219687875e-06,62.0,-43.0,19.0
3.764705882352941e-06,62.0,-43.0,18.0
3.7671068427370948e-06,62.0,-44.0,19.0
3.7695078031212482e-06,62.0,-43.0,18.0
3.771908763505402e-06,62.0,-42.0,19.0
3.7743097238895555e-06,62.0,-43.0,19.0
3.7767106842737094e-06,62.0,-44.0,18.0
3.779111644657863e-06,62.0,-42.0,19.0
3.7815126050420167e-06,62.0,-42.0,19.0
3.7839135654261705e-06,61.0,-42.0,19.0
3.786314525810324e-06,62.0,-42.0,19.0
3.788715486194478e-06,62.0,-42.0,19.0
3.7911164465786312e-06,63.0,-43.0,19.0
3.793517406962785e-06,63.0,-42.0,19.0
3.7959183673469385e-06,62.0,-43.0,18.0
3.7983193277310924e-06,63.0,-43.0,19.0
3.800720288115246e-06,62.0,-43.0,19.0
3.8031212484993997e-06,62.0,-43.0,19.0
3.805522208883553e-06,62.0,-43.0,18.0
3.807923169267707e-06,61.0,-43.0,18.0
3.8103241296518604e-06,62.0,-42.0,18.0
3.8127250900360143e-06,62.0,-43.0,20.0
3.815126050420168e-06,62.0,-44.0,19.0
3.817527010804322e-06,63.0,-42.0,20.0
3.819927971188475e-06,63.0,-43.0,19.0
3.822328931572629e-06,62.0,-43.0,18.0
3.824729891956782e-06,61.0,-43.0,19.0
3.8271308523409365e-06,62.0,-43.0,19.0
3.82953181272509e-06,62.0,-44.0,19.0
3.831932773109243e-06,63.0,-43.0,20.0
3.834333733493397e-06,62.0,-43.0,19.0
3.836734693877551e-06,62.0,-42.0,19.0
3.8391356542617046e-06,62.0,-43.0,20.0
3.841536614645858e-06,62.0,-43.0,20.0
3.843937575030012e-06,61.0,-43.0,19.0
3.846338535414166e-06,61.0,-42.0,20.0
3.848739495798319e-06,62.0,-43.0,19.0
3.8511404561824726e-06,61.0,-44.0,19.0
3.853541416566627e-06,60.0,-43.0,21.0
3.85594237695078e-06,62.0,-43.0,18.0
3.858343337334934e-06,63.0,-42.0,20.0
3.860744297719087e-06,63.0,-42.0,19.0
3.8631452581032414e-06,62.0,-43.0,19.0
3.865546218487395e-06,62.0,-43.0,19.0
3.867947178871548e-06,62.0,-43.0,20.0
3.870348139255702e-06,62.0,-43.0,19.0
3.872749099639856e-06,62.0,-43.0,20.0
3.8751500600240094e-06,61.0,-41.0,18.0
3.877551020408163e-06,62.0,-42.0,19.0
3.879951980792317e-06,61.0,-44.0,19.0
3.882352941176471e-06,62.0,-43.0,20.0
3.884753901560624e-06,62.0,-43.0,19.0
3.8871548619447775e-06,63.0,-43.0,19.0
3.889555822328932e-06,62.0,-43.0,20.0
3.891956782713085e-06,62.0,-44.0,20.0
3.894357743097239e-06,61.0,-43.0,19.0
3.896758703481392e-06,62.0,-43.0,20.0
3.899159663865546e-06,62.0,-42.0,18.0
3.9015606242497e-06,61.0,-43.0,19.0
3.903961584633853e-06,62.0,-42.0,20.0
3.9063625450180075e-06,63.0,-43.0,19.0
3.908763505402161e-06,61.0,-43.0,20.0
3.911164465786314e-06,62.0,-43.0,20.0
3.913565426170468e-06,62.0,-43.0,20.0
3.915966386554622e-06,62.0,-42.0,19.0
3.9183673469387755e-06,63.0,-42.0,19.0
3.920768307322929e-06,62.0,-43.0,20.0
3.923169267707082e-06,62.0,-43.0,18.0
3.925570228091237e-06,61.0,-43.0,21.0
3.92797118847539e-06,62.0,-43.0,19.0
3.9303721488595435e-06,62.0,-43.0,20.0
3.932773109243697e-06,62.0,-43.0,20.0
3.935174069627851e-06,62.0,-42.0,20.0
3.937575030012005e-06,61.0,-43.0,19.0
3.939975990396158e-06,61.0,-42.0,20.0
3.942376950780312e-06,62.0,-41.0,20.0
3.944777911164466e-06,63.0,-43.0,19.0
3.947178871548619e-06,62.0,-43.0,19.0
3.949579831932773e-06,62.0,-43.0,19.0
3.951980792316927e-06,62.0,-43.0,20.0
3.95438175270108e-06,62.0,-42.0,19.0
3.956782713085234e-06,62.0,-43.0,20.0
3.959183673469387e-06,61.0,-43.0,20.0
3.9615846338535415e-06,62.0,-43.0,19.0
3.963985594237695e-06,62.0,-43.0,20.0
3.966386554621848e-06,61.0,-42.0,21.0
3.968787515006003e-06,61.0,-43.0,20.0
3.971188475390156e-06,61.0,-42.0,20.0
3.9735894357743095e-06,61.0,-44.0,20.0
3.975990396158463e-06,61.0,-44.0,19.0
3.978391356542617e-06,62.0,-42.0,19.0
3.980792316926771e-06,61.0,-44.0,20.0
3.983193277310924e-06,61.0,-42.0,20.0
3.9855942376950775e-06,61.0,-43.0,20.0
3.987995198079232e-06,62.0,-43.0,20.0
3.990396158463385e-06,61.0,-42.0,19.0
3.992797118847539e-06,62.0,-42.0,20.0
3.995198079231692e-06,61.0,-43.0,20.0
3.997599039615846e-06,62.0,-43.0,20.0
4e-06,62.0,-43.0,20.0
4.002400960384153e-06,62.0,-44.0,19.0
4.0048019207683075e-06,62.0,-43.0,20.0
4.007202881152461e-06,62.0,-43.0,20.0
4.009603841536614e-06,62.0,-42.0,19.0
4.012004801920768e-06,62.0,-44.0,20.0
4.014405762304922e-06,61.0,-42.0,20.0
4.0168067226890755e-06,62.0,-42.0,19.0
4.019207683073229e-06,61.0,-43.0,20.0
4.021608643457382e-06,61.0,-42.0,20.0
4.024009603841537e-06,62.0,-42.0,20.0
4.02641056422569e-06,62.0,-42.0,20.0
4.0288115246098436e-06,62.0,-42.0,20.0
4.031212484993998e-06,62.0,-42.0,20.0
4.033613445378151e-06,61.0,-43.0,19.0
4.036014405762305e-06,63.0,-42.0,20.0
4.038415366146458e-06,61.0,-43.0,19.0
4.040816326530612e-06,61.0,-43.0,19.0
4.043217286914766e-06,61.0,-43.0,18.0
4.045618247298919e-06,61.0,-42.0,18.0
4.048019207683073e-06,62.0,-42.0,19.0
4.050420168067227e-06,62.0,-43.0,19.0
4.0528211284513804e-06,62.0,-43.0,19.0
4.055222088835534e-06,61.0,-43.0,20.0
4.057623049219688e-06,62.0,-42.0,20.0
4.0600240096038416e-06,61.0,-42.0,19.0
4.062424969987995e-06,62.0,-44.0,20.0
4.0648259303721484e-06,62.0,-43.0,20.0
4.067226890756303e-06,62.0,-43.0,20.0
4.069627851140456e-06,61.0,-44.0,19.0
4.07202881152461e-06,62.0,-44.0,19.0
4.074429771908763e-06,62.0,-44.0,20.0
4.076830732292917e-06,62.0,-42.0,20.0
4.079231692677071e-06,62.0,-43.0,20.0
4.081632653061224e-06,62.0,-42.0,19.0
4.084033613445378e-06,62.0,-43.0,19.0
4.086434573829532e-06,63.0,-42.0,20.0
4.088835534213685e-06,62.0,-43.0,19.0
4.091236494597839e-06,61.0,-43.0,20.0
4.093637454981993e-06,62.0,-43.0,19.0
4.0960384153661465e-06,63.0,-43.0,19.0
4.0984393757503e-06,62.0,-43.0,19.0
4.100840336134453e-06,62.0,-42.0,20.0
4.103241296518608e-06,61.0,-43.0,19.0
4.105642256902761e-06,63.0,-43.0,20.0
4.1080432172869145e-06,63.0,-44.0,19.0
4.110444177671068e-06,62.0,-43.0,20.0
4.112845138055222e-06,62.0,-42.0,20.0
4.115246098439376e-06,61.0,-42.0,20.0
4.117647058823529e-06,61.0,-42.0,19.0
4.120048019207683e-06,61.0,-44.0,20.0
4.122448979591837e-06,61.0,-43.0,19.0
4.12484993997599e-06,62.0,-43.0,20.0
4.127250900360144e-06,62.0,-43.0,19.0
4.129651860744298e-06,61.0,-44.0,20.0
4.132052821128451e-06,62.0,-44.0,19.0
4.134453781512605e-06,62.0,-43.0,19.0
4.136854741896758e-06,62.0,-43.0,19.0
4.1392557022809125e-06,61.0,-43.0,20.0
4.141656662665066e-06,62.0,-42.0,19.0
4.144057623049219e-06,62.0,-42.0,19.0
4.146458583433373e-06,61.0,-43.0,20.0
4.148859543817527e-06,61.0,-42.0,19.0
4.1512605042016805e-06,61.0,-43.0,20.0
4.153661464585834e-06,62.0,-42.0,20.0
4.156062424969988e-06,62.0,-42.0,19.0
4.158463385354142e-06,62.0,-42.0,19.0
4.160864345738295e-06,62.0,-42.0,19.0
4.1632653061224485e-06,61.0,-44.0,20.0
4.165666266506603e-06,61.0,-42.0,20.0
4.168067226890756e-06,61.0,-43.0,20.0
4.17046818727491e-06,62.0,-42.0,19.0
4.172869147659063e-06,62.0,-43.0,19.0
4.175270108043217e-06,62.0,-42.0,20.0
4.177671068427371e-06,61.0,-43.0,20.0
4.180072028811524e-06,62.0,-44.0,18.0
4.1824729891956785e-06,61.0,-44.0,20.0
4.184873949579832e-06,61.0,-42.0,19.0
4.187274909963985e-06,62.0,-43.0,20.0
4.189675870348139e-06,62.0,-43.0,19.0
4.192076830732293e-06,62.0,-43.0,19.0
4.1944777911164465e-06,62.0,-43.0,20.0
4.1968787515006e-06,62.0,-43.0,20.0
4.199279711884753e-06,61.0,-43.0,20.0
4.201680672268908e-06,62.0,-42.0,20.0
4.204081632653061e-06,63.0,-42.0,19.0
4.2064825930372145e-06,61.0,-42.0,21.0
4.208883553421368e-06,62.0,-43.0,20.0
4.211284513805522e-06,61.0,-43.0,20.0
4.213685474189676e-06,61.0,-42.0,19.0
4.216086434573829e-06,62.0,-43.0,19.0
4.218487394957983e-06,62.0,-43.0,20.0
4.220888355342137e-06,62.0,-44.0,19.0
4.22328931572629e-06,62.0,-42.0,19.0
4.225690276110444e-06,62.0,-42.0,20.0
4.228091236494598e-06,62.0,-43.0,20.0
4.230492196878751e-06,61.0,-43.0,19.0
4.232893157262905e-06,63.0,-43.0,18.0
4.235294117647058e-06,62.0,-42.0,19.0
4.2376950780312126e-06,62.0,-42.0,19.0
4.240096038415366e-06,62.0,-43.0,19.0
4.2424969987995194e-06,62.0,-42.0,19.0
4.244897959183674e-06,62.0,-43.0,20.0
4.247298919567827e-06,62.0,-42.0,19.0
4.2496998799519806e-06,62.0,-43.0,19.0
4.252100840336134e-06,62.0,-42.0,19.0
4.254501800720288e-06,62.0,-43.0,20.0
4.256902761104442e-06,62.0,-43.0,20.0
4.259303721488595e-06,61.0,-42.0,19.0
4.261704681872749e-06,62.0,-42.0,19.0
4.264105642256903e-06,62.0,-43.0,20.0
4.266506602641056e-06,62.0,-43.0,20.0
4.26890756302521e-06,60.0,-43.0,20.0
4.271308523409363e-06,61.0,-43.0,19.0
4.2737094837935174e-06,62.0,-43.0,20.0
4.276110444177671e-06,61.0,-43.0,19.0
4.278511404561824e-06,62.0,-43.0,20.0
4.280912364945979e-06,61.0,-44.0,18.0
4.283313325330132e-06,61.0,-41.0,19.0
4.2857142857142855e-06,62.0,-43.0,19.0
4.288115246098439e-06,61.0,-43.0,20.0
4.290516206482593e-06,63.0,-42.0,20.0
4.292917166866747e-06,62.0,-44.0,20.0
4.2953181272509e-06,62.0,-42.0,19.0
4.2977190876350535e-06,61.0,-42.0,20.0
4.300120048019208e-06,61.0,-43.0,19.0
4.302521008403361e-06,62.0,-43.0,20.0
4.304921968787515e-06,62.0,-43.0,20.0
4.307322929171669e-06,61.0,-43.0,20.0
4.309723889555822e-06,62.0,-42.0,20.0
4.312124849939976e-06,61.0,-43.0,19.0
4.314525810324129e-06,62.0,-43.0,20.0
4.3169267707082835e-06,61.0,-43.0,20.0
4.319327731092437e-06,62.0,-43.0,19.0
4.32172869147659e-06,62.0,-42.0,20.0
4.324129651860744e-06,63.0,-43.0,20.0
4.326530612244898e-06,62.0,-43.0,20.0
4.3289315726290515e-06,61.0,-42.0,20.0
4.331332533013205e-06,62.0,-43.0,20.0
4.333733493397359e-06,62.0,-42.0,19.0
4.336134453781513e-06,63.0,-43.0,19.0
4.338535414165666e-06,62.0,-43.0,20.0
4.3409363745498195e-06,61.0,-43.0,20.0
4.343337334933974e-06,61.0,-42.0,21.0
4.345738295318127e-06,62.0,-42.0,20.0
4.348139255702281e-06,62.0,-43.0,19.0
4.350540216086434e-06,61.0,-43.0,19.0
4.352941176470588e-06,62.0,-42.0,19.0
4.355342136854742e-06,62.0,-43.0,19.0
4.357743097238895e-06,62.0,-42.0,20.0
4.360144057623049e-06,63.0,-43.0,19.0
4.362545018007203e-06,62.0,-42.0,20.0
4.364945978391356e-06,61.0,-42.0,19.0
4.36734693877551e-06,62.0,-43.0,20.0
4.369747899159664e-06,62.0,-42.0,19.0
4.3721488595438175e-06,62.0,-44.0,20.0
4.374549819927971e-06,62.0,-43.0,20.0
4.376950780312124e-06,61.0,-43.0,20.0
4.379351740696279e-06,62.0,-44.0,19.0
4.381752701080432e-06,62.0,-43.0,21.0
4.3841536614645855e-06,62.0,-43.0,20.0
4.386554621848739e-06,62.0,-42.0,19.0
4.388955582232893e-06,62.0,-43.0,20.0
4.391356542617047e-06,61.0,-42.0,20.0
4.3937575030012e-06,62.0,-43.0,20.0
4.396158463385354e-06,62.0,-43.0,20.0
4.398559423769508e-06,62.0,-43.0,20.0
4.400960384153661e-06,62.0,-42.0,20.0
4.403361344537815e-06,62.0,-43.0,20.0
4.405762304921969e-06,62.0,-42.0,20.0
4.408163265306122e-06,62.0,-42.0,19.0
4.410564225690276e-06,62.0,-44.0,19.0
4.412965186074429e-06,61.0,-42.0,19.0
4.4153661464585836e-06,61.0,-42.0,20.0
4.417767106842737e-06,61.0,-42.0,19.0
4.42016806722689e-06,62.0,-42.0,20.0
4.422569027611044e-06,62.0,-43.0,19.0
4.424969987995198e-06,61.0,-43.0,19.0
4.4273709483793516e-06,62.0,-43.0,20.0
4.429771908763505e-06,63.0,-42.0,20.0
4.432172869147659e-06,62.0,-43.0,21.0
4.434573829531813e-06,62.0,-43.0,20.0
4.436974789915966e-06,61.0,-44.0,20.0
4.4393757503001196e-06,61.0,-43.0,19.0
4.441776710684274e-06,62.0,-42.0,19.0
4.444177671068427e-06,61.0,-42.0,19.0
4.446578631452581e-06,63.0,-42.0,20.0
4.448979591836734e-06,62.0,-42.0,20.0
4.4513805522208884e-06,61.0,-43.0,20.0
4.453781512605042e-06,62.0,-43.0,20.0
4.456182472989195e-06,61.0,-43.0,20.0
4.45858343337335e-06,62.0,-43.0,19.0
4.460984393757503e-06,62.0,-43.0,19.0
4.4633853541416564e-06,61.0,-42.0,20.0
4.46578631452581e-06,61.0,-43.0,20.0
4.468187274909964e-06,62.0,-42.0,19.0
4.470588235294118e-06,61.0,-44.0,19.0
4.472989195678271e-06,62.0,-43.0,19.0
4.4753901560624245e-06,62.0,-43.0,19.0
4.477791116446579e-06,61.0,-42.0,20.0
4.480192076830732e-06,62.0,-42.0,19.0
4.482593037214886e-06,62.0,-44.0,19.0
4.484993997599039e-06,61.0,-43.0,19.0
4.487394957983193e-06,62.0,-42.0,19.0
4.489795918367347e-06,61.0,-43.0,20.0
4.4921968787515e-06,62.0,-43.0,20.0
4.4945978391356545e-06,62.0,-42.0,20.0
4.496998799519808e-06,61.0,-42.0,20.0
4.499399759903961e-06,62.0,-42.0,19.0
4.501800720288115e-06,61.0,-43.0,19.0
4.504201680672269e-06,61.0,-43.0,20.0
4.5066026410564225e-06,62.0,-43.0,20.0
4.509003601440576e-06,61.0,-42.0,20.0
4.511404561824729e-06,62.0,-43.0,19.0
4.513805522208884e-06,62.0,-43.0,20.0
4.516206482593037e-06,61.0,-43.0,19.0
4.5186074429771905e-06,62.0,-43.0,19.0
4.521008403361345e-06,61.0,-42.0,19.0
4.523409363745498e-06,62.0,-43.0,20.0
4.525810324129652e-06,62.0,-43.0,20.0
4.528211284513805e-06,62.0,-44.0,19.0
4.530612244897959e-06,62.0,-43.0,20.0
4.533013205282113e-06,61.0,-43.0,20.0
4.535414165666266e-06,62.0,-43.0,19.0
4.53781512605042e-06,62.0,-43.0,19.0
4.540216086434574e-06,61.0,-43.0,20.0
4.542617046818727e-06,62.0,-43.0,19.0
4.545018007202881e-06,62.0,-43.0,19.0
4.547418967587034e-06,62.0,-43.0,20.0
4.5498199279711885e-06,62.0,-43.0,20.0
4.552220888355342e-06,62.0,-43.0,19.0
4.554621848739495e-06,61.0,-43.0,20.0
4.55702280912365e-06,61.0,-42.0,19.0
4.559423769507803e-06,62.0,-42.0,20.0
4.5618247298919565e-06,61.0,-41.0,20.0
4.56422569027611e-06,62.0,-43.0,20.0
4.566626650660264e-06,61.0,-43.0,20.0
4.569027611044418e-06,62.0,-42.0,19.0
4.571428571428571e-06,61.0,-42.0,19.0
4.5738295318127245e-06,61.0,-43.0,20.0
4.576230492196879e-06,62.0,-43.0,19.0
4.578631452581032e-06,61.0,-42.0,20.0
4.581032412965186e-06,62.0,-43.0,20.0
4.58343337334934e-06,62.0,-42.0,19.0
4.585834333733493e-06,62.0,-41.0,20.0
4.588235294117647e-06,62.0,-43.0,19.0
4.5906362545018e-06,62.0,-43.0,20.0
4.5930372148859545e-06,62.0,-42.0,20.0
4.595438175270108e-06,62.0,-43.0,20.0
4.597839135654261e-06,62.0,-42.0,19.0
4.600240096038415e-06,61.0,-43.0,19.0
4.602641056422569e-06,61.0,-42.0,19.0
4.6050420168067226e-06,62.0,-44.0,20.0
4.607442977190876e-06,61.0,-44.0,19.0
4.60984393757503e-06,63.0,-43.0,21.0
4.612244897959184e-06,62.0,-43.0,20.0
4.614645858343337e-06,61.0,-43.0,20.0
4.6170468187274906e-06,62.0,-42.0,20.0
4.619447779111645e-06,62.0,-42.0,21.0
4.621848739495798e-06,62.0,-43.0,20.0
4.624249699879952e-06,62.0,-42.0,20.0
4.626650660264105e-06,61.0,-43.0,20.0
4.6290516206482594e-06,61.0,-43.0,20.0
4.631452581032413e-06,63.0,-43.0,19.0
4.633853541416566e-06,63.0,-43.0,20.0
4.63625450180072e-06,61.0,-43.0,19.0
4.638655462184874e-06,62.0,-43.0,20.0
4.6410564225690274e-06,62.0,-43.0,19.0
4.643457382953181e-06,61.0,-43.0,20.0
4.645858343337335e-06,62.0,-43.0,20.0
4.648259303721489e-06,62.0,-43.0,19.0
4.650660264105642e-06,61.0,-43.0,20.0
4.6530612244897954e-06,62.0,-42.0,20.0
4.65546218487395e-06,62.0,-42.0,20.0
4.657863145258103e-06,62.0,-42.0,19.0
4.660264105642257e-06,62.0,-43.0,20.0
4.66266506602641e-06,62.0,-43.0,19.0
4.665066026410564e-06,61.0,-42.0,20.0
4.667466986794718e-06,63.0,-43.0,19.0
4.669867947178871e-06,62.0,-43.0,19.0
4.6722689075630255e-06,61.0,-42.0,20.0
4.674669867947179e-06,62.0,-43.0,20.0
4.677070828331332e-06,62.0,-41.0,19.0
4.679471788715486e-06,62.0,-43.0,19.0
4.68187274909964e-06,61.0,-43.0,20.0
4.6842737094837935e-06,61.0,-43.0,20.0
4.686674669867947e-06,61.0,-43.0,20.0
4.6890756302521e-06,62.0,-42.0,20.0
4.691476590636255e-06,62.0,-44.0,20.0
4.693877551020408e-06,62.0,-42.0,19.0
4.6962785114045615e-06,62.0,-42.0,19.0
4.698679471788715e-06,62.0,-43.0,19.0
4.701080432172869e-06,61.0,-42.0,20.0
4.703481392557023e-06,61.0,-43.0,21.0
4.705882352941176e-06,61.0,-42.0,19.0
4.70828331332533e-06,62.0,-43.0,20.0
4.710684273709484e-06,62.0,-42.0,19.0
4.713085234093637e-06,61.0,-43.0,19.0
4.715486194477791e-06,61.0,-42.0,20.0
4.717887154861945e-06,61.0,-42.0,19.0
4.720288115246098e-06,61.0,-43.0,20.0
4.722689075630252e-06,62.0,-43.0,19.0
4.725090036014405e-06,62.0,-43.0,20.0
4.7274909963985595e-06,62.0,-42.0,19.0
4.729891956782713e-06,61.0,-43.0,19.0
4.732292917166866e-06,60.0,-42.0,19.0
4.734693877551021e-06,62.0,-43.0,19.0
4.737094837935174e-06,62.0,-42.0,19.0
4.7394957983193275e-06,62.0,-43.0,20.0
4.741896758703481e-06,62.0,-43.0,19.0
4.744297719087635e-06,62.0,-42.0,20.0
4.746698679471789e-06,62.0,-42.0,20.0
4.749099639855942e-06,62.0,-43.0,20.0
4.7515006002400955e-06,62.0,-43.0,20.0
4.75390156062425e-06,61.0,-42.0,19.0
4.756302521008403e-06,62.0,-43.0,19.0
4.758703481392557e-06,62.0,-42.0,20.0
4.76110444177671e-06,61.0,-42.0,19.0
4.763505402160864e-06,61.0,-44.0,19.0
4.765906362545018e-06,62.0,-43.0,20.0
4.768307322929171e-06,62.0,-42.0,20.0
4.7707082833133255e-06,62.0,-43.0,21.0
4.773109243697479e-06,62.0,-42.0,20.0
4.775510204081632e-06,62.0,-43.0,19.0
4.777911164465786e-06,62.0,-43.0,19.0
4.78031212484994e-06,62.0,-43.0,20.0
4.7827130852340935e-06,61.0,-43.0,19.0
4.785114045618247e-06,62.0,-43.0,20.0
4.7875150060024e-06,63.0,-43.0,19.0
4.789915966386555e-06,62.0,-42.0,19.0
4.792316926770708e-06,61.0,-43.0,20.0
4.7947178871548616e-06,61.0,-42.0,19.0
4.797118847539016e-06,61.0,-42.0,20.0
4.799519807923169e-06,61.0,-42.0,20.0
4.801920768307323e-06,62.0,-41.0,20.0
4.804321728691476e-06,61.0,-42.0,21.0
4.80672268907563e-06,62.0,-42.0,19.0
4.809123649459784e-06,62.0,-43.0,19.0
4.811524609843937e-06,62.0,-43.0,20.0
4.813925570228091e-06,61.0,-43.0,20.0
4.816326530612245e-06,62.0,-43.0,19.0
4.8187274909963984e-06,61.0,-43.0,20.0
4.821128451380552e-06,62.0,-42.0,20.0
4.823529411764705e-06,61.0,-43.0,20.0
4.8259303721488596e-06,61.0,-42.0,20.0
4.828331332533013e-06,61.0,-43.0,20.0
4.8307322929171664e-06,61.0,-43.0,19.0
4.833133253301321e-06,62.0,-43.0,20.0
4.835534213685474e-06,62.0,-43.0,19.0
4.837935174069628e-06,62.0,-43.0,20.0
4.840336134453781e-06,63.0,-42.0,20.0
4.842737094837935e-06,61.0,-43.0,20.0
4.845138055222089e-06,62.0,-43.0,19.0
4.847539015606242e-06,62.0,-42.0,20.0
4.849939975990396e-06,62.0,-43.0,20.0
4.85234093637455e-06,62.0,-43.0,20.0
4.854741896758703e-06,62.0,-42.0,20.0
4.857142857142857e-06,61.0,-43.0,20.0
4.859543817527011e-06,61.0,-42.0,20.0
4.8619447779111645e-06,62.0,-42.0,19.0
4.864345738295318e-06,62.0,-43.0,20.0
4.866746698679471e-06,62.0,-42.0,20.0
4.869147659063626e-06,62.0,-42.0,19.0
4.871548619447779e-06,62.0,-41.0,20.0
4.8739495798319325e-06,62.0,-43.0,19.0
4.876350540216086e-06,62.0,-42.0,20.0
4.87875150060024e-06,61.0,-41.0,20.0
4.881152460984394e-06,61.0,-42.0,20.0
4.883553421368547e-06,62.0,-42.0,19.0
4.8859543817527005e-06,62.0,-43.0,20.0
4.888355342136855e-06,62.0,-43.0,20.0
4.890756302521008e-06,61.0,-43.0,20.0
4.893157262905162e-06,62.0,-43.0,20.0
4.895558223289316e-06,63.0,-42.0,20.0
4.897959183673469e-06,62.0,-42.0,20.0
4.900360144057623e-06,62.0,-43.0,19.0
4.902761104441776e-06,62.0,-43.0,19.0
4.9051620648259305e-06,62.0,-43.0,20.0
4.907563025210084e-06,63.0,-42.0,20.0
4.909963985594237e-06,62.0,-43.0,20.0
4.912364945978391e-06,62.0,-43.0,20.0
4.914765906362545e-06,62.0,-42.0,19.0
4.9171668667466985e-06,62.0,-43.0,20.0
4.919567827130852e-06,62.0,-43.0,21.0
4.921968787515006e-06,61.0,-42.0,19.0
4.92436974789916e-06,61.0,-43.0,20.0
4.926770708283313e-06,62.0,-44.0,20.0
4.9291716686674665e-06,62.0,-43.0,19.0
4.931572629051621e-06,62.0,-43.0,19.0
4.933973589435774e-06,61.0,-43.0,19.0
4.936374549819928e-06,62.0,-42.0,19.0
4.938775510204081e-06,62.0,-43.0,20.0
4.941176470588235e-06,63.0,-42.0,20.0
4.943577430972389e-06,62.0,-42.0,20.0
4.945978391356542e-06,62.0,-42.0,20.0
4.9483793517406965e-06,63.0,-42.0,20.0
4.95078031212485e-06,62.0,-43.0,20.0
4.953181272509003e-06,62.0,-43.0,20.0
4.955582232893157e-06,61.0,-43.0,20.0
4.957983193277311e-06,62.0,-42.0,20.0
4.9603841536614645e-06,61.0,-43.0,19.0
4.962785114045618e-06,62.0,-43.0,20.0
4.965186074429771e-06,62.0,-43.0,19.0
4.967587034813926e-06,62.0,-43.0,19.0
4.969987995198079e-06,62.0,-42.0,20.0
4.9723889555822325e-06,61.0,-43.0,20.0
4.974789915966386e-06,62.0,-42.0,19.0
4.97719087635054e-06,62.0,-41.0,20.0
4.979591836734694e-06,62.0,-43.0,20.0
4.981992797118847e-06,62.0,-42.0,20.0
4.984393757503001e-06,62.0,-42.0,20.0
4.986794717887155e-06,63.0,-43.0,20.0
4.989195678271308e-06,62.0,-42.0,20.0
4.991596638655462e-06,62.0,-42.0,19.0
4.993997599039616e-06,62.0,-42.0,19.0
4.996398559423769e-06,61.0,-42.0,20.0
4.998799519807923e-06,61.0,-43.0,20.0
5.001200480192076e-06,61.0,-42.0,20.0
5.0036014405762306e-06,62.0,-43.0,19.0
5.006002400960384e-06,62.0,-43.0,21.0
5.0084033613445374e-06,63.0,-43.0,20.0
5.010804321728692e-06,62.0,-42.0,20.0
5.013205282112845e-06,62.0,-44.0,19.0
5.0156062424969986e-06,62.0,-43.0,20.0
5.018007202881152e-06,61.0,-43.0,21.0
5.020408163265306e-06,60.0,-43.0,20.0
5.02280912364946e-06,61.0,-43.0,18.0
5.025210084033613e-06,62.0,-43.0,20.0
5.027611044417767e-06,62.0,-43.0,20.0
5.030012004801921e-06,61.0,-44.0,20.0
5.032412965186074e-06,61.0,-43.0,21.0
5.034813925570228e-06,62.0,-42.0,19.0
5.037214885954381e-06,61.0,-42.0,19.0
5.0396158463385354e-06,60.0,-42.0,20.0
5.042016806722689e-06,61.0,-43.0,19.0
5.044417767106842e-06,61.0,-43.0,20.0
5.046818727490997e-06,62.0,-44.0,20.0
5.04921968787515e-06,62.0,-43.0,20.0
5.0516206482593035e-06,62.0,-44.0,20.0
5.054021608643457e-06,62.0,-43.0,20.0
5.056422569027611e-06,61.0,-43.0,20.0
5.058823529411765e-06,62.0,-43.0,20.0
5.061224489795918e-06,62.0,-43.0,20.0
5.0636254501800715e-06,60.0,-43.0,19.0
5.066026410564226e-06,61.0,-43.0,19.0
5.068427370948379e-06,61.0,-43.0,19.0
5.070828331332533e-06,62.0,-42.0,19.0
5.073229291716687e-06,62.0,-42.0,21.0
5.07563025210084e-06,62.0,-43.0,19.0
5.078031212484994e-06,62.0,-43.0,20.0
5.080432172869147e-06,61.0,-42.0,20.0
5.0828331332533015e-06,61.0,-43.0,19.0
5.085234093637455e-06,62.0,-42.0,20.0
5.087635054021608e-06,62.0,-43.0,20.0
5.090036014405762e-06,61.0,-42.0,20.0
5.092436974789916e-06,62.0,-42.0,19.0
5.0948379351740695e-06,62.0,-43.0,19.0
5.097238895558223e-06,62.0,-43.0,20.0
5.099639855942376e-06,62.0,-43.0,20.0
5.102040816326531e-06,61.0,-44.0,20.0
5.104441776710684e-06,61.0,-42.0,20.0
5.1068427370948375e-06,62.0,-41.0,20.0
5.109243697478992e-06,63.0,-42.0,20.0
5.111644657863145e-06,61.0,-43.0,19.0
5.114045618247299e-06,61.0,-42.0,20.0
5.116446578631452e-06,62.0,-43.0,20.0
5.118847539015606e-06,62.0,-43.0,20.0
5.12124849939976e-06,62.0,-42.0,20.0
5.123649459783913e-06,61.0,-43.0,20.0
5.126050420168067e-06,62.0,-43.0,20.0
5.128451380552221e-06,62.0,-43.0,20.0
5.130852340936374e-06,62.0,-43.0,20.0
5.133253301320528e-06,62.0,-43.0,19.0
5.135654261704682e-06,61.0,-42.0,19.0
5.1380552220888355e-06,61.0,-42.0,19.0
5.140456182472989e-06,62.0,-42.0,20.0
5.142857142857142e-06,62.0,-43.0,20.0
5.145258103241297e-06,62.0,-42.0,20.0
5.14765906362545e-06,62.0,-43.0,20.0
5.1500600240096035e-06,62.0,-43.0,20.0
5.152460984393757e-06,62.0,-42.0,20.0
5.154861944777911e-06,63.0,-43.0,20.0
5.157262905162065e-06,62.0,-43.0,21.0
5.159663865546218e-06,61.0,-43.0,20.0
5.1620648259303715e-06,62.0,-42.0,20.0
5.164465786314526e-06,63.0,-44.0,20.0
5.166866746698679e-06,62.0,-43.0,20.0
5.169267707082833e-06,61.0,-43.0,19.0
5.171668667466987e-06,62.0,-43.0,19.0
5.17406962785114e-06,62.0,-43.0,19.0
5.176470588235294e-06,63.0,-42.0,19.0
5.178871548619447e-06,63.0,-42.0,19.0
5.1812725090036015e-06,62.0,-43.0,19.0
5.183673469387755e-06,61.0,-43.0,20.0
5.186074429771908e-06,61.0,-42.0,20.0
5.188475390156062e-06,63.0,-43.0,19.0
5.190876350540216e-06,62.0,-43.0,19.0
5.1932773109243696e-06,62.0,-43.0,20.0
5.195678271308523e-06,63.0,-44.0,19.0
5.198079231692677e-06,61.0,-43.0,19.0
5.200480192076831e-06,62.0,-41.0,20.0
5.202881152460984e-06,62.0,-43.0,20.0
5.2052821128451376e-06,62.0,-42.0,20.0
5.207683073229292e-06,61.0,-43.0,20.0
5.210084033613445e-06,61.0,-43.0,20.0
5.212484993997599e-06,62.0,-42.0,21.0
5.214885954381752e-06,63.0,-42.0,20.0
5.2172869147659064e-06,62.0,-43.0,20.0
5.21968787515006e-06,62.0,-42.0,20.0
5.222088835534213e-06,61.0,-42.0,20.0
5.224489795918367e-06,62.0,-43.0,19.0
5.226890756302521e-06,61.0,-43.0,20.0
5.2292917166866744e-06,62.0,-42.0,20.0
5.231692677070828e-06,62.0,-42.0,20.0
5.234093637454982e-06,62.0,-42.0,20.0
5.236494597839136e-06,61.0,-43.0,20.0
5.238895558223289e-06,63.0,-43.0,20.0
5.2412965186074425e-06,62.0,-42.0,19.0
5.243697478991597e-06,62.0,-43.0,20.0
5.24609843937575e-06,62.0,-43.0,20.0
5.248499399759904e-06,61.0,-42.0,20.0
5.250900360144057e-06,62.0,-43.0,19.0
5.253301320528211e-06,62.0,-42.0,19.0
5.255702280912365e-06,63.0,-42.0,20.0
5.258103241296518e-06,62.0,-43.0,20.0
5.2605042016806725e-06,61.0,-43.0,20.0
5.262905162064826e-06,61.0,-44.0,20.0
5.265306122448979e-06,62.0,-42.0,20.0
5.267707082833133e-06,62.0,-43.0,20.0
5.270108043217287e-06,62.0,-42.0,20.0
5.2725090036014405e-06,62.0,-42.0,21.0
5.274909963985594e-06,62.0,-44.0,20.0
5.277310924369747e-06,62.0,-43.0,20.0
5.279711884753902e-06,61.0,-43.0,20.0
5.282112845138055e-06,62.0,-42.0,20.0
5.2845138055222085e-06,62.0,-42.0,20.0
5.286914765906363e-06,61.0,-42.0,21.0
5.289315726290516e-06,62.0,-43.0,20.0
5.29171668667467e-06,62.0,-43.0,21.0
5.294117647058823e-06,62.0,-41.0,21.0
5.296518607442977e-06,63.0,-42.0,20.0
5.298919567827131e-06,61.0,-44.0,21.0
5.301320528211284e-06,62.0,-43.0,20.0
5.303721488595438e-06,62.0,-42.0,20.0
5.306122448979592e-06,61.0,-42.0,19.0
5.308523409363745e-06,61.0,-43.0,20.0
5.310924369747899e-06,62.0,-42.0,19.0
5.313325330132052e-06,62.0,-43.0,20.0
5.3157262905162065e-06,61.0,-44.0,20.0
5.31812725090036e-06,62.0,-44.0,20.0
5.320528211284513e-06,61.0,-43.0,20.0
5.322929171668668e-06,62.0,-42.0,20.0
5.325330132052821e-06,62.0,-43.0,20.0
5.3277310924369745e-06,61.0,-42.0,20.0
5.330132052821128e-06,62.0,-42.0,20.0
5.332533013205282e-06,61.0,-42.0,19.0
5.334933973589436e-06,62.0,-43.0,19.0
5.337334933973589e-06,62.0,-43.0,19.0
5.3397358943577425e-06,62.0,-43.0,19.0
5.342136854741897e-06,61.0,-43.0,19.0
5.34453781512605e-06,63.0,-42.0,21.0
5.346938775510204e-06,62.0,-43.0,19.0
5.349339735894358e-06,62.0,-43.0,19.0
5.351740696278511e-06,62.0,-42.0,19.0
5.354141656662665e-06,62.0,-42.0,21.0
5.356542617046818e-06,62.0,-44.0,19.0
5.3589435774309725e-06,62.0,-41.0,20.0
5.361344537815126e-06,62.0,-43.0,19.0
5.363745498199279e-06,62.0,-43.0,19.0
5.366146458583433e-06,62.0,-43.0,21.0
5.368547418967587e-06,61.0,-42.0,19.0
5.3709483793517405e-06,62.0,-43.0,19.0
5.373349339735894e-06,62.0,-43.0,20.0
5.375750300120047e-06,61.0,-42.0,20.0
5.378151260504202e-06,62.0,-42.0,20.0
5.380552220888355e-06,62.0,-43.0,20.0
5.3829531812725086e-06,62.0,-43.0,21.0
5.385354141656663e-06,62.0,-42.0,21.0
5.387755102040816e-06,62.0,-43.0,19.0
5.39015606242497e-06,62.0,-43.0,20.0
5.392557022809123e-06,62.0,-42.0,19.0
5.394957983193277e-06,62.0,-43.0,20.0
5.397358943577431e-06,62.0,-44.0,20.0
5.399759903961584e-06,61.0,-42.0,20.0
5.402160864345738e-06,62.0,-43.0,19.0
5.404561824729892e-06,62.0,-43.0,20.0
5.4069627851140454e-06,61.0,-43.0,19.0
5.409363745498199e-06,62.0,-42.0,18.0
5.411764705882353e-06,63.0,-43.0,19.0
5.414165666266507e-06,62.0,-43.0,20.0
5.41656662665066e-06,62.0,-43.0,19.0
5.4189675870348134e-06,61.0,-43.0,19.0
5.421368547418968e-06,61.0,-43.0,20.0
5.423769507803121e-06,62.0,-42.0,20.0
5.426170468187275e-06,62.0,-43.0,20.0
5.428571428571428e-06,62.0,-42.0,20.0
5.430972388955582e-06,61.0,-42.0,20.0
5.433373349339736e-06,62.0,-43.0,20.0
5.435774309723889e-06,62.0,-43.0,19.0
5.438175270108043e-06,61.0,-44.0,19.0
5.440576230492197e-06,62.0,-43.0,21.0
5.44297719087635e-06,62.0,-43.0,20.0
5.445378151260504e-06,62.0,-42.0,20.0
5.447779111644658e-06,62.0,-42.0,20.0
5.4501800720288115e-06,62.0,-42.0,19.0
5.452581032412965e-06,62.0,-43.0,20.0
5.454981992797118e-06,62.0,-43.0,20.0
5.457382953181273e-06,63.0,-42.0,19.0
5.459783913565426e-06,61.0,-43.0,20.0
5.4621848739495795e-06,63.0,-42.0,20.0
5.464585834333733e-06,61.0,-43.0,20.0
5.466986794717887e-06,61.0,-42.0,20.0
5.469387755102041e-06,62.0,-42.0,20.0
5.471788715486194e-06,62.0,-43.0,19.0
5.474189675870348e-06,62.0,-43.0,19.0
5.476590636254502e-06,61.0,-44.0,20.0
5.478991596638655e-06,61.0,-44.0,21.0
5.481392557022809e-06,63.0,-44.0,20.0
5.483793517406963e-06,62.0,-43.0,20.0
5.486194477791116e-06,61.0,-43.0,20.0
5.48859543817527e-06,61.0,-43.0,20.0
5.490996398559423e-06,62.0,-42.0,19.0
5.4933973589435775e-06,62.0,-43.0,20.0
5.495798319327731e-06,62.0,-42.0,19.0
5.498199279711884e-06,61.0,-43.0,20.0
5.500600240096038e-06,63.0,-42.0,20.0
5.503001200480192e-06,61.0,-44.0,19.0
5.5054021608643455e-06,62.0,-43.0,20.0
5.507803121248499e-06,62.0,-42.0,19.0
5.510204081632653e-06,61.0,-42.0,20.0
5.512605042016807e-06,62.0,-43.0,18.0
5.51500600240096e-06,61.0,-42.0,19.0
5.5174069627851135e-06,62.0,-43.0,21.0
5.519807923169268e-06,62.0,-43.0,20.0
5.522208883553421e-06,62.0,-42.0,20.0
5.524609843937575e-06,62.0,-43.0,19.0
5.527010804321728e-06,62.0,-42.0,20.0
5.529411764705882e-06,61.0,-43.0,20.0
5.531812725090036e-06,61.0,-43.0,20.0
5.534213685474189e-06,62.0,-42.0,20.0
5.5366146458583435e-06,62.0,-42.0,20.0
5.539015606242497e-06,61.0,-43.0,19.0
5.54141656662665e-06,62.0,-43.0,21.0
5.543817527010804e-06,61.0,-43.0,19.0
5.546218487394958e-06,61.0,-43.0,20.0
5.5486194477791115e-06,62.0,-41.0,19.0
5.551020408163265e-06,62.0,-44.0,20.0
5.553421368547418e-06,61.0,-43.0,19.0
5.555822328931573e-06,61.0,-43.0,20.0
5.558223289315726e-06,62.0,-44.0,19.0
5.5606242496998795e-06,62.0,-42.0,20.0
5.563025210084034e-06,62.0,-43.0,20.0
5.565426170468187e-06,61.0,-44.0,20.0
5.567827130852341e-06,61.0,-43.0,20.0
5.570228091236494e-06,61.0,-43.0,20.0
5.572629051620648e-06,62.0,-42.0,20.0
5.575030012004802e-06,62.0,-42.0,21.0
5.577430972388955e-06,61.0,-43.0,20.0
5.579831932773109e-06,61.0,-43.0,19.0
5.582232893157263e-06,61.0,-43.0,18.0
5.584633853541416e-06,62.0,-43.0,20.0
5.58703481392557e-06,61.0,-42.0,20.0
5.589435774309723e-06,62.0,-44.0,20.0
5.5918367346938776e-06,62.0,-43.0,20.0
5.594237695078031e-06,62.0,-42.0,19.0
5.5966386554621844e-06,61.0,-43.0,20.0
5.599039615846339e-06,62.0,-43.0,19.0
5.601440576230492e-06,61.0,-43.0,20.0
5.603841536614646e-06,61.0,-43.0,19.0
5.606242496998799e-06,60.0,-43.0,19.0
5.608643457382953e-06,61.0,-43.0,20.0
5.611044417767107e-06,62.0,-44.0,20.0
5.61344537815126e-06,62.0,-43.0,19.0
5.615846338535414e-06,61.0,-43.0,20.0
5.618247298919568e-06,62.0,-43.0,19.0
5.620648259303721e-06,62.0,-42.0,19.0
5.623049219687875e-06,62.0,-43.0,20.0
5.625450180072029e-06,62.0,-43.0,19.0
5.6278511404561825e-06,62.0,-42.0,20.0
5.630252100840336e-06,62.0,-42.0,20.0
5.632653061224489e-06,62.0,-43.0,20.0
5.635054021608644e-06,62.0,-42.0,19.0
5.637454981992797e-06,61.0,-42.0,20.0
5.6398559423769505e-06,61.0,-44.0,20.0
5.642256902761104e-06,62.0,-43.0,20.0
5.644657863145258e-06,62.0,-44.0,20.0
5.647058823529412e-06,62.0,-42.0,20.0
5.649459783913565e-06,63.0,-42.0,20.0
5.6518607442977185e-06,62.0,-43.0,21.0
5.654261704681873e-06,61.0,-43.0,20.0
5.656662665066026e-06,61.0,-43.0,19.0
5.65906362545018e-06,62.0,-43.0,19.0
5.661464585834334e-06,62.0,-43.0,19.0
5.663865546218487e-06,62.0,-42.0,20.0
5.666266506602641e-06,62.0,-43.0,20.0
5.668667466986794e-06,62.0,-43.0,19.0
5.6710684273709485e-06,62.0,-44.0,19.0
5.673469387755102e-06,62.0,-43.0,19.0
5.675870348139255e-06,62.0,-43.0,20.0
5.678271308523409e-06,61.0,-43.0,20.0
5.680672268907563e-06,62.0,-43.0,20.0
5.6830732292917165e-06,61.0,-43.0,20.0
5.68547418967587e-06,62.0,-43.0,19.0
5.687875150060024e-06,62.0,-43.0,20.0
5.690276110444178e-06,62.0,-42.0,20.0
5.692677070828331e-06,62.0,-43.0,19.0
5.6950780312124845e-06,63.0,-42.0,20.0
5.697478991596639e-06,61.0,-43.0,20.0
5.699879951980792e-06,62.0,-43.0,20.0
5.702280912364946e-06,61.0,-43.0,20.0
5.704681872749099e-06,62.0,-43.0,19.0
5.707082833133253e-06,61.0,-42.0,18.0
5.709483793517407e-06,61.0,-42.0,19.0
5.71188475390156e-06,62.0,-42.0,18.0
5.714285714285714e-06,63.0,-43.0,20.0
5.716686674669868e-06,62.0,-42.0,20.0
5.719087635054021e-06,62.0,-43.0,20.0
5.721488595438175e-06,61.0,-42.0,20.0
5.723889555822329e-06,61.0,-44.0,20.0
5.7262905162064825e-06,61.0,-42.0,19.0
5.728691476590636e-06,61.0,-44.0,20.0
5.731092436974789e-06,62.0,-43.0,20.0
5.733493397358944e-06,62.0,-44.0,20.0
5.735894357743097e-06,62.0,-43.0,20.0
5.7382953181272505e-06,62.0,-43.0,20.0
5.740696278511404e-06,62.0,-42.0,19.0
5.743097238895558e-06,62.0,-44.0,19.0
5.745498199279712e-06,61.0,-43.0,19.0
5.747899159663865e-06,62.0,-43.0,19.0
5.750300120048019e-06,61.0,-42.0,19.0
5.752701080432173e-06,62.0,-43.0,20.0
5.755102040816326e-06,62.0,-43.0,20.0
5.75750300120048e-06,62.0,-42.0,20.0
5.759903961584634e-06,62.0,-43.0,20.0
5.762304921968787e-06,62.0,-43.0,20.0
5.764705882352941e-06,62.0,-43.0,19.0
5.767106842737094e-06,62.0,-43.0,20.0
5.7695078031212486e-06,63.0,-43.0,20.0
5.771908763505402e-06,63.0,-42.0,20.0
5.774309723889555e-06,62.0,-43.0,19.0
5.776710684273709e-06,61.0,-43.0,19.0
5.779111644657863e-06,62.0,-43.0,19.0
5.7815126050420166e-06,61.0,-43.0,20.0
5.78391356542617e-06,62.0,-43.0,19.0
5.786314525810324e-06,62.0,-42.0,19.0
5.788715486194478e-06,62.0,-44.0,19.0
5.791116446578631e-06,63.0,-43.0,20.0
5.793517406962785e-06,61.0,-44.0,19.0
5.795918367346939e-06,61.0,-43.0,19.0
5.798319327731092e-06,61.0,-42.0,20.0
5.800720288115246e-06,62.0,-43.0,20.0
5.803121248499399e-06,60.0,-43.0,20.0
5.8055222088835534e-06,62.0,-42.0,20.0
5.807923169267707e-06,61.0,-43.0,21.0
5.81032412965186e-06,62.0,-42.0,20.0
5.812725090036015e-06,62.0,-42.0,20.0
5.815126050420168e-06,61.0,-43.0,20.0
5.8175270108043215e-06,62.0,-43.0,20.0
5.819927971188475e-06,62.0,-43.0,20.0
5.822328931572629e-06,63.0,-42.0,19.0
5.824729891956783e-06,62.0,-44.0,19.0
5.827130852340936e-06,61.0,-44.0,20.0
5.8295318127250895e-06,62.0,-42.0,19.0
5.831932773109244e-06,61.0,-42.0,19.0
5.834333733493397e-06,61.0,-44.0,19.0
5.836734693877551e-06,61.0,-43.0,19.0
5.839135654261705e-06,62.0,-43.0,20.0
5.841536614645858e-06,62.0,-43.0,20.0
5.843937575030012e-06,62.0,-43.0,20.0
5.846338535414165e-06,62.0,-44.0,20.0
5.8487394957983195e-06,62.0,-43.0,20.0
5.851140456182473e-06,62.0,-43.0,20.0
5.853541416566626e-06,61.0,-42.0,20.0
5.85594237695078e-06,62.0,-43.0,19.0
5.858343337334934e-06,63.0,-43.0,19.0
5.8607442977190875e-06,62.0,-43.0,20.0
5.863145258103241e-06,62.0,-43.0,19.0
5.865546218487394e-06,61.0,-44.0,20.0
5.867947178871549e-06,62.0,-43.0,20.0
5.870348139255702e-06,61.0,-43.0,20.0
5.8727490996398555e-06,61.0,-43.0,20.0
5.87515006002401e-06,61.0,-44.0,20.0
5.877551020408163e-06,62.0,-44.0,19.0
5.879951980792317e-06,62.0,-44.0,20.0
5.88235294117647e-06,62.0,-43.0,20.0
5.884753901560624e-06,61.0,-43.0,20.0
5.887154861944778e-06,61.0,-42.0,20.0
5.889555822328931e-06,62.0,-43.0,20.0
5.891956782713085e-06,62.0,-42.0,20.0
5.894357743097239e-06,61.0,-42.0,19.0
5.896758703481392e-06,61.0,-43.0,20.0
5.899159663865546e-06,62.0,-42.0,20.0
5.9015606242497e-06,61.0,-43.0,19.0
5.9039615846338535e-06,61.0,-42.0,20.0
5.906362545018007e-06,61.0,-43.0,19.0
5.90876350540216e-06,62.0,-43.0,19.0
5.911164465786315e-06,61.0,-43.0,20.0
5.913565426170468e-06,62.0,-43.0,20.0
5.9159663865546215e-06,61.0,-42.0,20.0
5.918367346938775e-06,62.0,-43.0,20.0
5.920768307322929e-06,61.0,-42.0,20.0
5.923169267707083e-06,61.0,-42.0,20.0
5.925570228091236e-06,62.0,-42.0,19.0
5.9279711884753895e-06,62.0,-42.0,20.0
5.930372148859544e-06,62.0,-44.0,20.0
5.932773109243697e-06,62.0,-42.0,20.0
5.935174069627851e-06,61.0,-43.0,20.0
5.937575030012005e-06,62.0,-43.0,20.0
5.939975990396158e-06,62.0,-42.0,20.0
5.942376950780312e-06,62.0,-43.0,20.0
5.944777911164465e-06,62.0,-44.0,20.0
5.9471788715486195e-06,62.0,-41.0,19.0
5.949579831932773e-06,61.0,-43.0,20.0
5.951980792316926e-06,62.0,-43.0,20.0
5.95438175270108e-06,62.0,-43.0,20.0
5.956782713085234e-06,61.0,-43.0,20.0
5.9591836734693876e-06,62.0,-43.0,19.0
5.961584633853541e-06,62.0,-43.0,20.0
5.963985594237695e-06,62.0,-44.0,20.0
5.966386554621849e-06,62.0,-42.0,19.0
5.968787515006002e-06,63.0,-43.0,21.0
5.9711884753901556e-06,62.0,-44.0,20.0
5.97358943577431e-06,63.0,-43.0,20.0
5.975990396158463e-06,62.0,-43.0,21.0
5.978391356542617e-06,62.0,-43.0,19.0
5.98079231692677e-06,62.0,-43.0,19.0
5.9831932773109244e-06,62.0,-43.0,19.0
5.985594237695078e-06,62.0,-42.0,19.0
5.987995198079231e-06,62.0,-42.0,20.0
5.990396158463385e-06,62.0,-43.0,20.0
5.992797118847539e-06,61.0,-43.0,20.0
5.9951980792316924e-06,62.0,-44.0,19.0
5.997599039615846e-06,61.0,-44.0,20.0
6e-06,61.0,-43.0,20.0
