Temps (s),CH2 (V),CH4 (V)
0.0,-1.0,33.0
4.801920768307323e-11,-1.0,33.0
9.603841536614647e-11,-1.0,33.0
1.440576230492197e-10,-1.0,33.0
1.9207683073229293e-10,-1.0,33.0
2.4009603841536614e-10,-1.0,33.0
2.881152460984394e-10,-1.0,33.0
3.3613445378151265e-10,-1.0,33.0
3.8415366146458586e-10,-1.0,33.0
4.3217286914765907e-10,-1.0,33.0
4.801920768307323e-10,-1.0,33.0
5.282112845138056e-10,-1.0,33.0
5.762304921968788e-10,-1.0,33.0
6.24249699879952e-10,-1.0,33.0
6.722689075630253e-10,-1.0,33.0
7.202881152460985e-10,-1.0,33.0
7.683073229291717e-10,-1.0,33.0
8.163265306122449e-10,-1.0,33.0
8.643457382953181e-10,-1.0,33.0
9.123649459783914e-10,-1.0,33.0
9.603841536614646e-10,-1.0,33.0
1.0084033613445379e-09,-1.0,33.0
1.0564225690276112e-09,-1.0,33.0
1.1044417767106843e-09,-1.0,33.0
1.1524609843937576e-09,-1.0,33.0
1.2004801920768309e-09,-1.0,33.0
1.248499399759904e-09,-1.0,33.0
1.2965186074429773e-09,-1.0,33.0
1.3445378151260506e-09,-1.0,33.0
1.3925570228091237e-09,-1.0,33.0
1.440576230492197e-09,-1.0,33.0
1.4885954381752701e-09,-1.0,33.0
1.5366146458583434e-09,-1.0,33.0
1.5846338535414168e-09,-1.0,33.0
1.6326530612244899e-09,-1.0,33.0
1.6806722689075632e-09,-1.0,33.0
1.7286914765906363e-09,-1.0,33.0
1.7767106842737096e-09,-1.0,33.0
1.8247298919567829e-09,-1.0,33.0
1.872749099639856e-09,-1.0,33.0
1.920768307322929e-09,-1.0,33.0
1.9687875150060024e-09,-1.0,33.0
2.0168067226890757e-09,-1.0,33.0
2.064825930372149e-09,-1.0,33.0
2.1128451380552223e-09,-1.0,33.0
2.1608643457382957e-09,-1.0,33.0
2.2088835534213685e-09,-1.0,33.0
2.256902761104442e-09,-1.0,33.0
2.304921968787515e-09,-1.0,33.0
2.3529411764705885e-09,-1.0,33.0
2.4009603841536618e-09,-1.0,33.0
2.4489795918367347e-09,-1.0,33.0
2.496998799519808e-09,-1.0,33.0
2.5450180072028813e-09,-1.0,33.0
2.5930372148859546e-09,-1.0,33.0
2.641056422569028e-09,-1.0,33.0
2.6890756302521012e-09,-1.0,33.0
2.737094837935174e-09,-1.0,33.0
2.7851140456182474e-09,-1.0,33.0
2.8331332533013208e-09,-1.0,33.0
2.881152460984394e-09,-1.0,33.0
2.9291716686674674e-09,-1.0,33.0
2.9771908763505403e-09,-1.0,33.0
3.0252100840336136e-09,-1.0,33.0
3.073229291716687e-09,-1.0,33.0
3.12124849939976e-09,-1.0,33.0
3.1692677070828335e-09,-1.0,33.0
3.2172869147659064e-09,-1.0,33.0
3.2653061224489797e-09,-1.0,33.0
3.313325330132053e-09,-1.0,33.0
3.3613445378151263e-09,-1.0,33.0
3.4093637454981996e-09,-1.0,33.0
3.4573829531812725e-09,-1.0,33.0
3.505402160864346e-09,-1.0,33.0
3.553421368547419e-09,-1.0,33.0
3.6014405762304925e-09,-1.0,33.0
3.6494597839135658e-09,-1.0,33.0
3.697478991596639e-09,-1.0,33.0
3.745498199279712e-09,-1.0,33.0
3.793517406962785e-09,-1.0,33.0
3.841536614645858e-09,-1.0,33.0
3.889555822328932e-09,-1.0,33.0
3.937575030012005e-09,-1.0,33.0
3.9855942376950785e-09,-1.0,33.0
4.0336134453781514e-09,-1.0,33.0
4.081632653061225e-09,-1.0,33.0
4.129651860744298e-09,-1.0,33.0
4.177671068427371e-09,-1.0,33.0
4.225690276110445e-09,-1.0,33.0
4.2737094837935176e-09,-1.0,33.0
4.321728691476591e-09,-1.0,33.0
4.369747899159664e-09,-1.0,33.0
4.417767106842737e-09,-1.0,33.0
4.465786314525811e-09,-1.0,33.0
4.513805522208884e-09,-1.0,33.0
4.5618247298919574e-09,-1.0,33.0
4.60984393757503e-09,-1.0,33.0
4.657863145258103e-09,-1.0,33.0
4.705882352941177e-09,-1.0,33.0
4.75390156062425e-09,-1.0,33.0
4.8019207683073236e-09,-1.0,33.0
4.8499399759903965e-09,-1.0,33.0
4.897959183673469e-09,-1.0,33.0
4.945978391356543e-09,-1.0,33.0
4.993997599039616e-09,-1.0,33.0
5.04201680672269e-09,-1.0,33.0
5.090036014405763e-09,-1.0,33.0
5.1380552220888355e-09,-1.0,33.0
5.186074429771909e-09,0.0,33.0
5.234093637454982e-09,0.0,33.0
5.282112845138056e-09,0.0,33.0
5.330132052821129e-09,0.0,33.0
5.3781512605042025e-09,0.0,33.0
5.426170468187275e-09,0.0,33.0
5.474189675870348e-09,0.0,33.0
5.522208883553422e-09,0.0,33.0
5.570228091236495e-09,0.0,33.0
5.618247298919569e-09,-1.0,33.0
5.6662665066026415e-09,0.0,33.0
5.714285714285714e-09,-1.0,33.0
5.762304921968788e-09,-1.0,33.0
5.810324129651861e-09,-1.0,33.0
5.858343337334935e-09,-1.0,33.0
5.906362545018008e-09,-1.0,33.0
5.9543817527010805e-09,-1.0,33.0
6.002400960384154e-09,-1.0,33.0
6.050420168067227e-09,-1.0,33.0
6.098439375750301e-09,-1.0,33.0
6.146458583433374e-09,-1.0,33.0
6.194477791116447e-09,-1.0,33.0
6.24249699879952e-09,-1.0,33.0
6.290516206482593e-09,-1.0,33.0
6.338535414165667e-09,-1.0,33.0
6.38655462184874e-09,-1.0,33.0
6.434573829531813e-09,-1.0,33.0
6.4825930372148865e-09,-1.0,33.0
6.5306122448979594e-09,-1.0,33.0
6.578631452581033e-09,-1.0,33.0
6.626650660264106e-09,-1.0,33.0
6.674669867947179e-09,-1.0,33.0
6.722689075630253e-09,-1.0,33.0
6.7707082833133256e-09,-1.0,33.0
6.818727490996399e-09,-1.0,33.0
6.866746698679472e-09,-1.0,33.0
6.914765906362545e-09,-1.0,33.0
6.962785114045619e-09,-1.0,33.0
7.010804321728692e-09,-1.0,33.0
7.0588235294117654e-09,-1.0,33.0
7.106842737094838e-09,-1.0,33.0
7.154861944777912e-09,-1.0,33.0
7.202881152460985e-09,-1.0,33.0
7.250900360144058e-09,-1.0,33.0
7.2989195678271316e-09,-1.0,33.0
7.3469387755102045e-09,-1.0,33.0
7.394957983193278e-09,-1.0,33.0
7.442977190876351e-09,-1.0,33.0
7.490996398559425e-09,-1.0,33.0
7.539015606242498e-09,-1.0,33.0
7.58703481392557e-09,-1.0,33.0
7.635054021608644e-09,-1.0,33.0
7.683073229291716e-09,-1.0,33.0
7.731092436974791e-09,-1.0,33.0
7.779111644657864e-09,-1.0,33.0
7.827130852340937e-09,-1.0,33.0
7.87515006002401e-09,-1.0,33.0
7.923169267707084e-09,-1.0,33.0
7.971188475390157e-09,-1.0,33.0
8.01920768307323e-09,-1.0,33.0
8.067226890756303e-09,-1.0,33.0
8.115246098439376e-09,-1.0,33.0
8.16326530612245e-09,-1.0,33.0
8.211284513805523e-09,-1.0,33.0
8.259303721488596e-09,-1.0,33.0
8.307322929171669e-09,-1.0,33.0
8.355342136854742e-09,-1.0,33.0
8.403361344537816e-09,-1.0,33.0
8.45138055222089e-09,-1.0,33.0
8.499399759903962e-09,-1.0,33.0
8.547418967587035e-09,-1.0,33.0
8.595438175270108e-09,-1.0,33.0
8.643457382953183e-09,-1.0,33.0
8.691476590636256e-09,-1.0,33.0
8.739495798319328e-09,-1.0,33.0
8.787515006002401e-09,-1.0,33.0
8.835534213685474e-09,-1.0,33.0
8.883553421368549e-09,-1.0,33.0
8.931572629051622e-09,-1.0,33.0
8.979591836734695e-09,-1.0,33.0
9.027611044417767e-09,-1.0,33.0
9.07563025210084e-09,-1.0,33.0
9.123649459783915e-09,-1.0,33.0
9.171668667466988e-09,-1.0,33.0
9.21968787515006e-09,-1.0,33.0
9.267707082833134e-09,-1.0,33.0
9.315726290516206e-09,-1.0,33.0
9.363745498199281e-09,-1.0,33.0
9.411764705882354e-09,-1.0,33.0
9.459783913565427e-09,-1.0,33.0
9.5078031212485e-09,-1.0,33.0
9.555822328931573e-09,-1.0,33.0
9.603841536614647e-09,-1.0,33.0
9.65186074429772e-09,-1.0,33.0
9.699879951980793e-09,-1.0,33.0
9.747899159663866e-09,-1.0,33.0
9.795918367346939e-09,-1.0,33.0
9.843937575030013e-09,-1.0,33.0
9.891956782713086e-09,-1.0,33.0
9.939975990396159e-09,-1.0,33.0
9.987995198079232e-09,-1.0,33.0
1.0036014405762305e-08,-1.0,33.0
1.008403361344538e-08,-1.0,33.0
1.0132052821128452e-08,-1.0,33.0
1.0180072028811525e-08,-1.0,33.0
1.0228091236494598e-08,-1.0,33.0
1.0276110444177671e-08,-1.0,33.0
1.0324129651860746e-08,-1.0,33.0
1.0372148859543818e-08,-1.0,33.0
1.0420168067226891e-08,-1.0,33.0
1.0468187274909964e-08,-1.0,33.0
1.0516206482593037e-08,-1.0,33.0
1.0564225690276112e-08,-1.0,33.0
1.0612244897959185e-08,-1.0,33.0
1.0660264105642258e-08,-1.0,33.0
1.070828331332533e-08,-1.0,33.0
1.0756302521008405e-08,-1.0,33.0
1.0804321728691478e-08,-1.0,33.0
1.085234093637455e-08,-1.0,33.0
1.0900360144057624e-08,-1.0,33.0
1.0948379351740697e-08,-1.0,33.0
1.0996398559423771e-08,-1.0,33.0
1.1044417767106844e-08,-1.0,33.0
1.1092436974789917e-08,-1.0,33.0
1.114045618247299e-08,-1.0,33.0
1.1188475390156063e-08,-1.0,33.0
1.1236494597839137e-08,-1.0,33.0
1.128451380552221e-08,-1.0,33.0
1.1332533013205283e-08,-1.0,33.0
1.1380552220888356e-08,-1.0,33.0
1.1428571428571429e-08,-1.0,33.0
1.1476590636254503e-08,-1.0,33.0
1.1524609843937576e-08,-1.0,33.0
1.1572629051620649e-08,-1.0,33.0
1.1620648259303722e-08,-1.0,33.0
1.1668667466986795e-08,-1.0,33.0
1.171668667466987e-08,-1.0,33.0
1.1764705882352942e-08,-1.0,33.0
1.1812725090036015e-08,-1.0,33.0
1.1860744297719088e-08,-1.0,33.0
1.1908763505402161e-08,-1.0,33.0
1.1956782713085236e-08,-1.0,33.0
1.2004801920768309e-08,-1.0,33.0
1.2052821128451381e-08,-1.0,33.0
1.2100840336134454e-08,-1.0,33.0
1.2148859543817527e-08,-1.0,33.0
1.2196878751500602e-08,-1.0,33.0
1.2244897959183675e-08,-1.0,33.0
1.2292917166866748e-08,-1.0,33.0
1.234093637454982e-08,-1.0,33.0
1.2388955582232893e-08,-1.0,33.0
1.2436974789915968e-08,-1.0,33.0
1.248499399759904e-08,-1.0,33.0
1.2533013205282114e-08,-1.0,33.0
1.2581032412965187e-08,-1.0,33.0
1.262905162064826e-08,-1.0,33.0
1.2677070828331334e-08,-1.0,33.0
1.2725090036014407e-08,-1.0,33.0
1.277310924369748e-08,-1.0,33.0
1.2821128451380553e-08,-1.0,33.0
1.2869147659063626e-08,-1.0,33.0
1.29171668667467e-08,-1.0,33.0
1.2965186074429773e-08,-1.0,33.0
1.3013205282112846e-08,-1.0,33.0
1.3061224489795919e-08,-1.0,33.0
1.3109243697478992e-08,-1.0,33.0
1.3157262905162066e-08,-1.0,33.0
1.320528211284514e-08,-1.0,33.0
1.3253301320528212e-08,-1.0,33.0
1.3301320528211285e-08,-1.0,33.0
1.3349339735894358e-08,-1.0,33.0
1.3397358943577432e-08,-1.0,33.0
1.3445378151260505e-08,-1.0,33.0
1.3493397358943578e-08,-1.0,33.0
1.3541416566626651e-08,-1.0,33.0
1.3589435774309724e-08,-1.0,33.0
1.3637454981992799e-08,-1.0,33.0
1.3685474189675871e-08,-1.0,33.0
1.3733493397358944e-08,-1.0,33.0
1.3781512605042017e-08,-1.0,33.0
1.382953181272509e-08,-1.0,33.0
1.3877551020408165e-08,-1.0,33.0
1.3925570228091238e-08,-1.0,33.0
1.397358943577431e-08,-1.0,33.0
1.4021608643457383e-08,-1.0,33.0
1.4069627851140458e-08,-1.0,33.0
1.4117647058823531e-08,-1.0,33.0
1.4165666266506604e-08,-1.0,33.0
1.4213685474189677e-08,-1.0,33.0
1.426170468187275e-08,-1.0,33.0
1.4309723889555824e-08,-1.0,33.0
1.4357743097238897e-08,-1.0,33.0
1.440576230492197e-08,-1.0,33.0
1.4453781512605043e-08,-1.0,33.0
1.4501800720288116e-08,-1.0,33.0
1.454981992797119e-08,-1.0,33.0
1.4597839135654263e-08,-1.0,33.0
1.4645858343337336e-08,-1.0,33.0
1.4693877551020409e-08,-1.0,33.0
1.4741896758703482e-08,-1.0,33.0
1.4789915966386556e-08,-1.0,33.0
1.483793517406963e-08,-1.0,33.0
1.4885954381752702e-08,-1.0,33.0
1.4933973589435777e-08,-1.0,33.0
1.498199279711885e-08,-1.0,33.0
1.5030012004801923e-08,-1.0,33.0
1.5078031212484995e-08,-1.0,33.0
1.5126050420168068e-08,-1.0,33.0
1.517406962785114e-08,-1.0,33.0
1.5222088835534214e-08,-1.0,33.0
1.5270108043217287e-08,-1.0,33.0
1.531812725090036e-08,-1.0,33.0
1.5366146458583433e-08,-1.0,33.0
1.541416566626651e-08,-1.0,33.0
1.5462184873949582e-08,-1.0,33.0
1.5510204081632655e-08,-1.0,33.0
1.5558223289315728e-08,-1.0,33.0
1.56062424969988e-08,-1.0,33.0
1.5654261704681873e-08,-1.0,33.0
1.5702280912364946e-08,-1.0,33.0
1.575030012004802e-08,-1.0,33.0
1.5798319327731092e-08,-1.0,33.0
1.584633853541417e-08,-1.0,33.0
1.589435774309724e-08,-1.0,33.0
1.5942376950780314e-08,-1.0,33.0
1.5990396158463387e-08,-1.0,33.0
1.603841536614646e-08,-1.0,33.0
1.6086434573829533e-08,-1.0,33.0
1.6134453781512606e-08,-1.0,33.0
1.618247298919568e-08,-1.0,33.0
1.623049219687875e-08,-1.0,33.0
1.6278511404561824e-08,-1.0,33.0
1.63265306122449e-08,-1.0,33.0
1.6374549819927974e-08,-1.0,33.0
1.6422569027611046e-08,-1.0,33.0
1.647058823529412e-08,-1.0,33.0
1.6518607442977192e-08,-1.0,33.0
1.6566626650660265e-08,-1.0,33.0
1.6614645858343338e-08,-1.0,33.0
1.666266506602641e-08,-1.0,33.0
1.6710684273709484e-08,-1.0,33.0
1.6758703481392557e-08,-1.0,33.0
1.6806722689075633e-08,-1.0,33.0
1.6854741896758706e-08,-1.0,33.0
1.690276110444178e-08,-1.0,33.0
1.695078031212485e-08,-1.0,33.0
1.6998799519807925e-08,-1.0,33.0
1.7046818727490997e-08,-1.0,33.0
1.709483793517407e-08,-1.0,33.0
1.7142857142857143e-08,-1.0,33.0
1.7190876350540216e-08,-1.0,33.0
1.723889555822329e-08,-1.0,33.0
1.7286914765906365e-08,-1.0,33.0
1.7334933973589438e-08,-1.0,33.0
1.738295318127251e-08,-1.0,33.0
1.7430972388955584e-08,-1.0,33.0
1.7478991596638657e-08,-1.0,33.0
1.752701080432173e-08,-1.0,33.0
1.7575030012004803e-08,-1.0,33.0
1.7623049219687875e-08,-1.0,33.0
1.767106842737095e-08,-1.0,33.0
1.771908763505402e-08,-1.0,33.0
1.7767106842737097e-08,-1.0,33.0
1.781512605042017e-08,-1.0,33.0
1.7863145258103243e-08,-1.0,33.0
1.7911164465786316e-08,-1.0,33.0
1.795918367346939e-08,-1.0,33.0
1.8007202881152462e-08,-1.0,33.0
1.8055222088835535e-08,-1.0,33.0
1.8103241296518608e-08,-1.0,33.0
1.815126050420168e-08,-1.0,33.0
1.8199279711884754e-08,-1.0,33.0
1.824729891956783e-08,-1.0,33.0
1.8295318127250903e-08,-1.0,33.0
1.8343337334933976e-08,-1.0,33.0
1.839135654261705e-08,-1.0,33.0
1.843937575030012e-08,-1.0,33.0
1.8487394957983194e-08,-1.0,33.0
1.8535414165666267e-08,-1.0,33.0
1.858343337334934e-08,-1.0,33.0
1.8631452581032413e-08,-1.0,33.0
1.867947178871549e-08,-1.0,33.0
1.8727490996398562e-08,-1.0,33.0
1.8775510204081635e-08,-1.0,33.0
1.8823529411764708e-08,-1.0,33.0
1.887154861944778e-08,-1.0,33.0
1.8919567827130854e-08,-1.0,33.0
1.8967587034813927e-08,-1.0,33.0
1.9015606242497e-08,-1.0,33.0
1.9063625450180072e-08,-1.0,33.0
1.9111644657863145e-08,-1.0,33.0
1.915966386554622e-08,-1.0,33.0
1.9207683073229294e-08,-1.0,33.0
1.9255702280912367e-08,-1.0,33.0
1.930372148859544e-08,-1.0,33.0
1.9351740696278513e-08,-1.0,33.0
1.9399759903961586e-08,-1.0,33.0
1.944777911164466e-08,-1.0,33.0
1.9495798319327732e-08,-1.0,33.0
1.9543817527010805e-08,-1.0,33.0
1.9591836734693877e-08,-1.0,33.0
1.9639855942376954e-08,-1.0,33.0
1.9687875150060027e-08,-1.0,33.0
1.97358943577431e-08,-1.0,33.0
1.9783913565426172e-08,-1.0,33.0
1.9831932773109245e-08,-1.0,33.0
1.9879951980792318e-08,-1.0,33.0
1.992797118847539e-08,-1.0,33.0
1.9975990396158464e-08,-1.0,33.0
2.0024009603841537e-08,-1.0,33.0
2.007202881152461e-08,-1.0,33.0
2.0120048019207686e-08,-1.0,33.0
2.016806722689076e-08,-1.0,33.0
2.0216086434573832e-08,-1.0,33.0
2.0264105642256905e-08,-1.0,33.0
2.0312124849939978e-08,-1.0,33.0
2.036014405762305e-08,-1.0,33.0
2.0408163265306123e-08,-1.0,33.0
2.0456182472989196e-08,-1.0,33.0
2.050420168067227e-08,-1.0,33.0
2.0552220888355342e-08,-1.0,33.0
2.0600240096038418e-08,-1.0,33.0
2.064825930372149e-08,-1.0,33.0
2.0696278511404564e-08,-1.0,33.0
2.0744297719087637e-08,-1.0,33.0
2.079231692677071e-08,-1.0,33.0
2.0840336134453783e-08,-1.0,33.0
2.0888355342136856e-08,-1.0,33.0
2.093637454981993e-08,-1.0,33.0
2.0984393757503e-08,-1.0,33.0
2.1032412965186074e-08,-1.0,33.0
2.108043217286915e-08,-1.0,33.0
2.1128451380552223e-08,-1.0,33.0
2.1176470588235296e-08,-1.0,33.0
2.122448979591837e-08,-1.0,33.0
2.1272509003601442e-08,-1.0,33.0
2.1320528211284515e-08,-1.0,33.0
2.1368547418967588e-08,-1.0,33.0
2.141656662665066e-08,-1.0,33.0
2.1464585834333734e-08,-2.0,33.0
2.151260504201681e-08,-1.0,33.0
2.1560624249699883e-08,-1.0,33.0
2.1608643457382956e-08,-1.0,33.0
2.165666266506603e-08,-1.0,33.0
2.17046818727491e-08,-1.0,33.0
2.1752701080432174e-08,-1.0,33.0
2.1800720288115247e-08,-1.0,33.0
2.184873949579832e-08,-1.0,33.0
2.1896758703481393e-08,-1.0,33.0
2.1944777911164466e-08,-1.0,33.0
2.1992797118847542e-08,-1.0,33.0
2.2040816326530615e-08,-1.0,33.0
2.2088835534213688e-08,-1.0,33.0
2.213685474189676e-08,-1.0,33.0
2.2184873949579834e-08,-1.0,33.0
2.2232893157262907e-08,-1.0,33.0
2.228091236494598e-08,-1.0,33.0
2.2328931572629052e-08,-1.0,33.0
2.2376950780312125e-08,-1.0,33.0
2.2424969987995198e-08,-1.0,33.0
2.2472989195678274e-08,-1.0,33.0
2.2521008403361347e-08,-1.0,33.0
2.256902761104442e-08,-1.0,33.0
2.2617046818727493e-08,-1.0,33.0
2.2665066026410566e-08,-1.0,33.0
2.271308523409364e-08,-1.0,33.0
2.2761104441776712e-08,-1.0,33.0
2.2809123649459785e-08,-1.0,33.0
2.2857142857142858e-08,-1.0,33.0
2.290516206482593e-08,-1.0,33.0
2.2953181272509007e-08,-1.0,33.0
2.300120048019208e-08,-1.0,33.0
2.3049219687875153e-08,-1.0,33.0
2.3097238895558225e-08,-1.0,33.0
2.3145258103241298e-08,-1.0,33.0
2.319327731092437e-08,-1.0,33.0
2.3241296518607444e-08,-1.0,33.0
2.3289315726290517e-08,-1.0,33.0
2.333733493397359e-08,-1.0,33.0
2.3385354141656663e-08,-1.0,33.0
2.343337334933974e-08,-1.0,33.0
2.3481392557022812e-08,-1.0,33.0
2.3529411764705885e-08,-1.0,33.0
2.3577430972388958e-08,-1.0,33.0
2.362545018007203e-08,-1.0,33.0
2.3673469387755103e-08,-1.0,33.0
2.3721488595438176e-08,-1.0,33.0
2.376950780312125e-08,-1.0,33.0
2.3817527010804322e-08,-1.0,33.0
2.3865546218487395e-08,-1.0,33.0
2.391356542617047e-08,-1.0,33.0
2.3961584633853544e-08,-1.0,33.0
2.4009603841536617e-08,-1.0,33.0
2.405762304921969e-08,-1.0,33.0
2.4105642256902763e-08,-1.0,33.0
2.4153661464585836e-08,-1.0,33.0
2.420168067226891e-08,-1.0,33.0
2.424969987995198e-08,-1.0,33.0
2.4297719087635054e-08,-1.0,33.0
2.4345738295318127e-08,-1.0,33.0
2.4393757503001204e-08,-1.0,33.0
2.4441776710684276e-08,-1.0,33.0
2.448979591836735e-08,-1.0,33.0
2.4537815126050422e-08,-1.0,33.0
2.4585834333733495e-08,-1.0,33.0
2.4633853541416568e-08,-1.0,33.0
2.468187274909964e-08,-1.0,33.0
2.4729891956782714e-08,-1.0,33.0
2.4777911164465787e-08,-1.0,33.0
2.4825930372148863e-08,-1.0,33.0
2.4873949579831936e-08,-1.0,33.0
2.492196878751501e-08,-1.0,33.0
2.496998799519808e-08,-1.0,33.0
2.5018007202881155e-08,-1.0,33.0
2.5066026410564227e-08,-1.0,33.0
2.51140456182473e-08,-1.0,33.0
2.5162064825930373e-08,-1.0,33.0
2.5210084033613446e-08,-1.0,33.0
2.525810324129652e-08,-1.0,33.0
2.5306122448979595e-08,-1.0,33.0
2.5354141656662668e-08,-1.0,33.0
2.540216086434574e-08,-1.0,33.0
2.5450180072028814e-08,-1.0,33.0
2.5498199279711887e-08,-1.0,33.0
2.554621848739496e-08,-1.0,33.0
2.5594237695078033e-08,-1.0,33.0
2.5642256902761105e-08,-1.0,33.0
2.569027611044418e-08,-1.0,33.0
2.573829531812725e-08,-1.0,33.0
2.5786314525810327e-08,-1.0,33.0
2.58343337334934e-08,-1.0,33.0
2.5882352941176473e-08,-1.0,33.0
2.5930372148859546e-08,-1.0,33.0
2.597839135654262e-08,-1.0,33.0
2.6026410564225692e-08,-1.0,33.0
2.6074429771908765e-08,-1.0,33.0
2.6122448979591838e-08,-1.0,33.0
2.617046818727491e-08,-1.0,33.0
2.6218487394957984e-08,-1.0,33.0
2.626650660264106e-08,-1.0,33.0
2.6314525810324133e-08,-1.0,33.0
2.6362545018007206e-08,-1.0,33.0
2.641056422569028e-08,-1.0,33.0
2.645858343337335e-08,-1.0,33.0
2.6506602641056424e-08,-1.0,33.0
2.6554621848739497e-08,-1.0,33.0
2.660264105642257e-08,-1.0,33.0
2.6650660264105643e-08,-1.0,33.0
2.6698679471788716e-08,-1.0,33.0
2.6746698679471792e-08,-1.0,33.0
2.6794717887154865e-08,-1.0,33.0
2.6842737094837938e-08,-1.0,33.0
2.689075630252101e-08,-1.0,33.0
2.6938775510204084e-08,-1.0,33.0
2.6986794717887157e-08,-1.0,33.0
2.703481392557023e-08,-1.0,33.0
2.7082833133253302e-08,-1.0,33.0
2.7130852340936375e-08,-1.0,33.0
2.7178871548619448e-08,-1.0,33.0
2.7226890756302524e-08,-1.0,33.0
2.7274909963985597e-08,-1.0,33.0
2.732292917166867e-08,-1.0,33.0
2.7370948379351743e-08,-1.0,33.0
2.7418967587034816e-08,-1.0,33.0
2.746698679471789e-08,-1.0,33.0
2.7515006002400962e-08,-1.0,33.0
2.7563025210084035e-08,-1.0,33.0
2.7611044417767107e-08,-1.0,33.0
2.765906362545018e-08,-1.0,33.0
2.7707082833133257e-08,-1.0,33.0
2.775510204081633e-08,-1.0,33.0
2.7803121248499402e-08,-1.0,33.0
2.7851140456182475e-08,-1.0,33.0
2.7899159663865548e-08,-1.0,33.0
2.794717887154862e-08,-1.0,33.0
2.7995198079231694e-08,-1.0,33.0
2.8043217286914767e-08,-1.0,33.0
2.809123649459784e-08,-1.0,33.0
2.8139255702280916e-08,-1.0,33.0
2.818727490996399e-08,-1.0,33.0
2.8235294117647062e-08,-1.0,33.0
2.8283313325330135e-08,-1.0,33.0
2.8331332533013208e-08,-1.0,33.0
2.837935174069628e-08,-1.0,33.0
2.8427370948379353e-08,-1.0,33.0
2.8475390156062426e-08,-1.0,33.0
2.85234093637455e-08,-1.0,33.0
2.8571428571428572e-08,-1.0,33.0
2.8619447779111648e-08,-1.0,33.0
2.866746698679472e-08,-1.0,33.0
2.8715486194477794e-08,-1.0,33.0
2.8763505402160867e-08,-1.0,33.0
2.881152460984394e-08,-1.0,33.0
2.8859543817527013e-08,-1.0,33.0
2.8907563025210086e-08,-1.0,33.0
2.895558223289316e-08,-1.0,33.0
2.900360144057623e-08,-1.0,33.0
2.9051620648259304e-08,-1.0,33.0
2.909963985594238e-08,-1.0,33.0
2.9147659063625453e-08,-1.0,33.0
2.9195678271308526e-08,-1.0,33.0
2.92436974789916e-08,-1.0,33.0
2.9291716686674672e-08,-1.0,33.0
2.9339735894357745e-08,-1.0,33.0
2.9387755102040818e-08,-1.0,33.0
2.943577430972389e-08,-1.0,33.0
2.9483793517406964e-08,-1.0,33.0
2.9531812725090037e-08,-1.0,33.0
2.9579831932773113e-08,-1.0,33.0
2.9627851140456186e-08,-1.0,33.0
2.967587034813926e-08,-1.0,33.0
2.972388955582233e-08,-1.0,33.0
2.9771908763505404e-08,-1.0,33.0
2.981992797118848e-08,-1.0,33.0
2.9867947178871553e-08,-1.0,33.0
2.9915966386554626e-08,-1.0,33.0
2.99639855942377e-08,-1.0,33.0
3.001200480192077e-08,-1.0,33.0
3.0060024009603845e-08,-1.0,33.0
3.010804321728692e-08,-1.0,33.0
3.015606242496999e-08,-1.0,33.0
3.0204081632653064e-08,-1.0,33.0
3.0252100840336137e-08,-1.0,33.0
3.030012004801921e-08,-1.0,33.0
3.034813925570228e-08,-1.0,33.0
3.0396158463385355e-08,-1.0,33.0
3.044417767106843e-08,-1.0,33.0
3.04921968787515e-08,-1.0,33.0
3.0540216086434574e-08,-1.0,33.0
3.058823529411765e-08,-1.0,33.0
3.063625450180072e-08,-1.0,33.0
3.068427370948379e-08,-1.0,33.0
3.0732292917166866e-08,-1.0,33.0
3.0780312124849945e-08,-1.0,33.0
3.082833133253302e-08,-1.0,33.0
3.087635054021609e-08,-1.0,33.0
3.0924369747899164e-08,-1.0,33.0
3.097238895558224e-08,-1.0,33.0
3.102040816326531e-08,-1.0,33.0
3.106842737094838e-08,-1.0,33.0
3.1116446578631455e-08,-1.0,33.0
3.116446578631453e-08,-1.0,33.0
3.12124849939976e-08,-1.0,33.0
3.1260504201680674e-08,-1.0,33.0
3.130852340936375e-08,-1.0,33.0
3.135654261704682e-08,-1.0,33.0
3.140456182472989e-08,-2.0,33.0
3.1452581032412966e-08,-2.0,33.0
3.150060024009604e-08,-2.0,33.0
3.154861944777911e-08,-2.0,33.0
3.1596638655462184e-08,-2.0,33.0
3.164465786314526e-08,-2.0,33.0
3.169267707082834e-08,-2.0,33.0
3.174069627851141e-08,-2.0,33.0
3.178871548619448e-08,-2.0,33.0
3.1836734693877555e-08,-2.0,33.0
3.188475390156063e-08,-2.0,33.0
3.19327731092437e-08,-2.0,33.0
3.1980792316926774e-08,-2.0,33.0
3.202881152460985e-08,-2.0,33.0
3.207683073229292e-08,-2.0,33.0
3.212484993997599e-08,-2.0,33.0
3.2172869147659066e-08,-2.0,33.0
3.222088835534214e-08,-2.0,33.0
3.226890756302521e-08,-2.0,33.0
3.2316926770708284e-08,-2.0,33.0
3.236494597839136e-08,-2.0,33.0
3.241296518607443e-08,-2.0,33.0
3.24609843937575e-08,-2.0,33.0
3.2509003601440576e-08,-2.0,33.0
3.255702280912365e-08,-2.0,33.0
3.260504201680672e-08,-2.0,33.0
3.26530612244898e-08,-2.0,33.0
3.2701080432172874e-08,-2.0,33.0
3.274909963985595e-08,-2.0,33.0
3.279711884753902e-08,-2.0,33.0
3.284513805522209e-08,-2.0,33.0
3.2893157262905166e-08,-2.0,33.0
3.294117647058824e-08,-2.0,33.0
3.298919567827131e-08,-2.0,33.0
3.3037214885954385e-08,-2.0,33.0
3.308523409363746e-08,-2.0,33.0
3.313325330132053e-08,-2.0,33.0
3.31812725090036e-08,-2.0,33.0
3.3229291716686676e-08,-2.0,33.0
3.327731092436975e-08,-2.0,33.0
3.332533013205282e-08,-2.0,33.0
3.3373349339735895e-08,-2.0,33.0
3.342136854741897e-08,-2.0,33.0
3.346938775510204e-08,-2.0,33.0
3.3517406962785113e-08,-2.0,33.0
3.3565426170468186e-08,-2.0,33.0
3.3613445378151266e-08,-2.0,33.0
3.366146458583434e-08,-2.0,33.0
3.370948379351741e-08,-2.0,33.0
3.3757503001200485e-08,-2.0,33.0
3.380552220888356e-08,-2.0,33.0
3.385354141656663e-08,-2.0,33.0
3.39015606242497e-08,-2.0,33.0
3.3949579831932776e-08,-2.0,33.0
3.399759903961585e-08,-2.0,33.0
3.404561824729892e-08,-2.0,33.0
3.4093637454981995e-08,-2.0,33.0
3.414165666266507e-08,-2.0,33.0
3.418967587034814e-08,-2.0,33.0
3.4237695078031214e-08,-2.0,33.0
3.4285714285714286e-08,-2.0,33.0
3.433373349339736e-08,-2.0,33.0
3.438175270108043e-08,-2.0,33.0
3.4429771908763505e-08,-2.0,33.0
3.447779111644658e-08,-2.0,33.0
3.452581032412966e-08,-2.0,33.0
3.457382953181273e-08,-2.0,33.0
3.4621848739495803e-08,-2.0,33.0
3.4669867947178876e-08,-2.0,33.0
3.471788715486195e-08,-2.0,33.0
3.476590636254502e-08,-2.0,33.0
3.4813925570228095e-08,-2.0,33.0
3.486194477791117e-08,-2.0,33.0
3.490996398559424e-08,-2.0,33.0
3.4957983193277314e-08,-2.0,33.0
3.5006002400960386e-08,-2.0,33.0
3.505402160864346e-08,-2.0,33.0
3.510204081632653e-08,-2.0,33.0
3.5150060024009605e-08,-2.0,33.0
3.519807923169268e-08,-2.0,33.0
3.524609843937575e-08,-2.0,33.0
3.5294117647058824e-08,-2.0,33.0
3.53421368547419e-08,-2.0,33.0
3.539015606242497e-08,-2.0,33.0
3.543817527010804e-08,-2.0,33.0
3.548619447779112e-08,-2.0,33.0
3.5534213685474195e-08,-2.0,33.0
3.558223289315727e-08,-2.0,33.0
3.563025210084034e-08,-2.0,33.0
3.5678271308523414e-08,-2.0,33.0
3.5726290516206487e-08,-2.0,33.0
3.577430972388956e-08,-2.0,33.0
3.582232893157263e-08,-2.0,33.0
3.5870348139255705e-08,-2.0,33.0
3.591836734693878e-08,-2.0,33.0
3.596638655462185e-08,-2.0,33.0
3.6014405762304924e-08,-2.0,33.0
3.6062424969988e-08,-2.0,33.0
3.611044417767107e-08,-2.0,33.0
3.615846338535414e-08,-2.0,33.0
3.6206482593037216e-08,-2.0,33.0
3.625450180072029e-08,-2.0,33.0
3.630252100840336e-08,-2.0,33.0
3.6350540216086434e-08,-2.0,33.0
3.639855942376951e-08,-2.0,33.0
3.6446578631452587e-08,-2.0,33.0
3.649459783913566e-08,-2.0,33.0
3.654261704681873e-08,-2.0,33.0
3.6590636254501805e-08,-2.0,33.0
3.663865546218488e-08,-2.0,33.0
3.668667466986795e-08,-2.0,33.0
3.6734693877551024e-08,-2.0,33.0
3.67827130852341e-08,-2.0,33.0
3.683073229291717e-08,-2.0,33.0
3.687875150060024e-08,-2.0,33.0
3.6926770708283316e-08,-2.0,33.0
3.697478991596639e-08,-2.0,33.0
3.702280912364946e-08,-2.0,33.0
3.7070828331332534e-08,-2.0,33.0
3.711884753901561e-08,-2.0,33.0
3.716686674669868e-08,-2.0,33.0
3.721488595438175e-08,-2.0,33.0
3.7262905162064826e-08,-2.0,33.0
3.73109243697479e-08,-2.0,33.0
3.735894357743098e-08,-2.0,33.0
3.740696278511405e-08,-2.0,33.0
3.7454981992797124e-08,-3.0,33.0
3.75030012004802e-08,-3.0,33.0
3.755102040816327e-08,-2.0,33.0
3.759903961584634e-08,-2.0,33.0
3.7647058823529416e-08,-2.0,33.0
3.769507803121249e-08,-3.0,33.0
3.774309723889556e-08,-3.0,33.0
3.7791116446578634e-08,-3.0,33.0
3.783913565426171e-08,-3.0,33.0
3.788715486194478e-08,-3.0,33.0
3.793517406962785e-08,-3.0,33.0
3.7983193277310926e-08,-3.0,33.0
3.8031212484994e-08,-3.0,33.0
3.807923169267707e-08,-3.0,33.0
3.8127250900360145e-08,-3.0,33.0
3.817527010804322e-08,-3.0,33.0
3.822328931572629e-08,-3.0,33.0
3.8271308523409363e-08,-3.0,33.0
3.831932773109244e-08,-3.0,33.0
3.8367346938775516e-08,-3.0,33.0
3.841536614645859e-08,-3.0,33.0
3.846338535414166e-08,-3.0,33.0
3.8511404561824734e-08,-3.0,33.0
3.855942376950781e-08,-3.0,33.0
3.860744297719088e-08,-3.0,33.0
3.865546218487395e-08,-3.0,33.0
3.8703481392557026e-08,-3.0,33.0
3.87515006002401e-08,-3.0,33.0
3.879951980792317e-08,-3.0,33.0
3.8847539015606245e-08,-3.0,33.0
3.889555822328932e-08,-3.0,33.0
3.894357743097239e-08,-3.0,33.0
3.8991596638655463e-08,-3.0,33.0
3.9039615846338536e-08,-3.0,33.0
3.908763505402161e-08,-3.0,33.0
3.913565426170468e-08,-3.0,33.0
3.9183673469387755e-08,-3.0,33.0
3.923169267707083e-08,-3.0,33.0
3.927971188475391e-08,-3.0,33.0
3.932773109243698e-08,-3.0,33.0
3.937575030012005e-08,-3.0,33.0
3.9423769507803126e-08,-3.0,33.0
3.94717887154862e-08,-3.0,33.0
3.951980792316927e-08,-3.0,33.0
3.9567827130852345e-08,-3.0,33.0
3.961584633853542e-08,-3.0,33.0
3.966386554621849e-08,-3.0,33.0
3.9711884753901563e-08,-3.0,33.0
3.9759903961584636e-08,-3.0,33.0
3.980792316926771e-08,-3.0,33.0
3.985594237695078e-08,-3.0,33.0
3.9903961584633855e-08,-3.0,33.0
3.995198079231693e-08,-3.0,33.0
4e-08,-3.0,33.0
4.0048019207683074e-08,-3.0,33.0
4.0096038415366147e-08,-3.0,33.0
4.014405762304922e-08,-3.0,33.0
4.01920768307323e-08,-3.0,33.0
4.024009603841537e-08,-3.0,33.0
4.0288115246098445e-08,-3.0,33.0
4.033613445378152e-08,-3.0,33.0
4.038415366146459e-08,-3.0,33.0
4.0432172869147664e-08,-3.0,33.0
4.0480192076830736e-08,-3.0,33.0
4.052821128451381e-08,-3.0,33.0
4.057623049219688e-08,-3.0,33.0
4.0624249699879955e-08,-3.0,33.0
4.067226890756303e-08,-3.0,33.0
4.07202881152461e-08,-3.0,33.0
4.0768307322929174e-08,-3.0,33.0
4.081632653061225e-08,-3.0,33.0
4.086434573829532e-08,-3.0,33.0
4.091236494597839e-08,-3.0,33.0
4.0960384153661465e-08,-3.0,33.0
4.100840336134454e-08,-3.0,33.0
4.105642256902761e-08,-3.0,33.0
4.1104441776710684e-08,-3.0,33.0
4.1152460984393764e-08,-3.0,33.0
4.1200480192076836e-08,-3.0,33.0
4.124849939975991e-08,-3.0,33.0
4.129651860744298e-08,-3.0,33.0
4.1344537815126055e-08,-3.0,33.0
4.139255702280913e-08,-3.0,33.0
4.14405762304922e-08,-3.0,33.0
4.1488595438175274e-08,-3.0,33.0
4.153661464585835e-08,-3.0,33.0
4.158463385354142e-08,-3.0,33.0
4.163265306122449e-08,-3.0,33.0
4.1680672268907565e-08,-3.0,33.0
4.172869147659064e-08,-3.0,33.0
4.177671068427371e-08,-3.0,33.0
4.1824729891956784e-08,-3.0,33.0
4.187274909963986e-08,-3.0,33.0
4.192076830732293e-08,-3.0,33.0
4.1968787515006e-08,-3.0,33.0
4.2016806722689076e-08,-3.0,33.0
4.206482593037215e-08,-3.0,33.0
4.211284513805523e-08,-3.0,33.0
4.21608643457383e-08,-3.0,33.0
4.2208883553421374e-08,-3.0,33.0
4.225690276110445e-08,-3.0,33.0
4.230492196878752e-08,-3.0,33.0
4.235294117647059e-08,-3.0,33.0
4.2400960384153666e-08,-3.0,33.0
4.244897959183674e-08,-3.0,33.0
4.249699879951981e-08,-3.0,33.0
4.2545018007202884e-08,-3.0,33.0
4.259303721488596e-08,-3.0,33.0
4.264105642256903e-08,-3.0,33.0
4.26890756302521e-08,-3.0,33.0
4.2737094837935176e-08,-3.0,33.0
4.278511404561825e-08,-3.0,33.0
4.283313325330132e-08,-3.0,33.0
4.2881152460984394e-08,-3.0,33.0
4.292917166866747e-08,-3.0,33.0
4.297719087635054e-08,-3.0,33.0
4.302521008403362e-08,-3.0,33.0
4.307322929171669e-08,-3.0,33.0
4.3121248499399766e-08,-3.0,33.0
4.316926770708284e-08,-3.0,33.0
4.321728691476591e-08,-3.0,33.0
4.3265306122448984e-08,-3.0,33.0
4.331332533013206e-08,-3.0,33.0
4.336134453781513e-08,-3.0,33.0
4.34093637454982e-08,-3.0,33.0
4.3457382953181276e-08,-3.0,33.0
4.350540216086435e-08,-3.0,33.0
4.355342136854742e-08,-3.0,33.0
4.3601440576230495e-08,-3.0,33.0
4.364945978391357e-08,-3.0,33.0
4.369747899159664e-08,-3.0,33.0
4.374549819927971e-08,-3.0,33.0
4.3793517406962786e-08,-3.0,33.0
4.384153661464586e-08,-3.0,33.0
4.388955582232893e-08,-3.0,33.0
4.3937575030012005e-08,-3.0,33.0
4.3985594237695084e-08,-3.0,33.0
4.403361344537816e-08,-3.0,33.0
4.408163265306123e-08,-3.0,33.0
4.41296518607443e-08,-3.0,33.0
4.4177671068427376e-08,-3.0,33.0
4.422569027611045e-08,-3.0,33.0
4.427370948379352e-08,-3.0,33.0
4.4321728691476595e-08,-3.0,33.0
4.436974789915967e-08,-3.0,33.0
4.441776710684274e-08,-3.0,33.0
4.4465786314525813e-08,-3.0,33.0
4.4513805522208886e-08,-3.0,33.0
4.456182472989196e-08,-3.0,33.0
4.460984393757503e-08,-3.0,33.0
4.4657863145258105e-08,-3.0,33.0
4.470588235294118e-08,-3.0,33.0
4.475390156062425e-08,-3.0,33.0
4.4801920768307324e-08,-3.0,33.0
4.4849939975990396e-08,-3.0,33.0
4.489795918367347e-08,-3.0,33.0
4.494597839135655e-08,-3.0,33.0
4.499399759903962e-08,-3.0,33.0
4.5042016806722695e-08,-3.0,33.0
4.509003601440577e-08,-3.0,33.0
4.513805522208884e-08,-3.0,33.0
4.5186074429771913e-08,-3.0,33.0
4.5234093637454986e-08,-3.0,33.0
4.528211284513806e-08,-3.0,33.0
4.533013205282113e-08,-3.0,33.0
4.5378151260504205e-08,-3.0,33.0
4.542617046818728e-08,-3.0,33.0
4.547418967587035e-08,-3.0,33.0
4.5522208883553424e-08,-3.0,33.0
4.5570228091236497e-08,-3.0,33.0
4.561824729891957e-08,-3.0,33.0
4.566626650660264e-08,-3.0,33.0
4.5714285714285715e-08,-3.0,33.0
4.576230492196879e-08,-3.0,33.0
4.581032412965186e-08,-3.0,33.0
4.5858343337334934e-08,-3.0,33.0
4.5906362545018013e-08,-3.0,33.0
4.5954381752701086e-08,-3.0,33.0
4.600240096038416e-08,-3.0,33.0
4.605042016806723e-08,-3.0,33.0
4.6098439375750305e-08,-3.0,33.0
4.614645858343338e-08,-3.0,33.0
4.619447779111645e-08,-3.0,33.0
4.6242496998799524e-08,-3.0,33.0
4.6290516206482597e-08,-3.0,33.0
4.633853541416567e-08,-3.0,33.0
4.638655462184874e-08,-3.0,33.0
4.6434573829531815e-08,-3.0,33.0
4.648259303721489e-08,-3.0,33.0
4.653061224489796e-08,-3.0,33.0
4.6578631452581034e-08,-3.0,33.0
4.662665066026411e-08,-3.0,33.0
4.667466986794718e-08,-3.0,33.0
4.672268907563025e-08,-3.0,33.0
4.6770708283313326e-08,-3.0,33.0
4.6818727490996405e-08,-3.0,33.0
4.686674669867948e-08,-3.0,33.0
4.691476590636255e-08,-3.0,33.0
4.6962785114045624e-08,-3.0,33.0
4.7010804321728697e-08,-4.0,33.0
4.705882352941177e-08,-4.0,33.0
4.710684273709484e-08,-3.0,33.0
4.7154861944777915e-08,-3.0,33.0
4.720288115246099e-08,-3.0,33.0
4.725090036014406e-08,-3.0,33.0
4.7298919567827134e-08,-3.0,33.0
4.734693877551021e-08,-3.0,33.0
4.739495798319328e-08,-3.0,33.0
4.744297719087635e-08,-3.0,33.0
4.7490996398559426e-08,-3.0,33.0
4.75390156062425e-08,-3.0,33.0
4.758703481392557e-08,-3.0,33.0
4.7635054021608644e-08,-3.0,33.0
4.768307322929172e-08,-3.0,33.0
4.773109243697479e-08,-3.0,33.0
4.777911164465787e-08,-3.0,33.0
4.782713085234094e-08,-3.0,33.0
4.7875150060024015e-08,-3.0,33.0
4.792316926770709e-08,-3.0,33.0
4.797118847539016e-08,-3.0,33.0
4.8019207683073234e-08,-3.0,33.0
4.806722689075631e-08,-3.0,33.0
4.811524609843938e-08,-3.0,33.0
4.816326530612245e-08,-3.0,33.0
4.8211284513805526e-08,-3.0,33.0
4.82593037214886e-08,-4.0,33.0
4.830732292917167e-08,-4.0,33.0
4.8355342136854744e-08,-4.0,33.0
4.840336134453782e-08,-4.0,33.0
4.845138055222089e-08,-4.0,33.0
4.849939975990396e-08,-4.0,33.0
4.8547418967587036e-08,-4.0,33.0
4.859543817527011e-08,-4.0,33.0
4.864345738295318e-08,-4.0,33.0
4.8691476590636255e-08,-4.0,33.0
4.8739495798319334e-08,-4.0,33.0
4.878751500600241e-08,-4.0,33.0
4.883553421368548e-08,-4.0,33.0
4.888355342136855e-08,-4.0,33.0
4.8931572629051626e-08,-4.0,33.0
4.89795918367347e-08,-4.0,33.0
4.902761104441777e-08,-4.0,33.0
4.9075630252100844e-08,-4.0,33.0
4.912364945978392e-08,-4.0,33.0
4.917166866746699e-08,-4.0,33.0
4.921968787515006e-08,-4.0,33.0
4.9267707082833136e-08,-4.0,33.0
4.931572629051621e-08,-4.0,33.0
4.936374549819928e-08,-4.0,33.0
4.9411764705882355e-08,-4.0,33.0
4.945978391356543e-08,-4.0,33.0
4.95078031212485e-08,-4.0,33.0
4.9555822328931573e-08,-4.0,33.0
4.9603841536614646e-08,-4.0,33.0
4.9651860744297726e-08,-4.0,33.0
4.96998799519808e-08,-4.0,33.0
4.974789915966387e-08,-4.0,33.0
4.9795918367346945e-08,-4.0,33.0
4.984393757503002e-08,-4.0,33.0
4.989195678271309e-08,-4.0,33.0
4.993997599039616e-08,-4.0,33.0
4.9987995198079236e-08,-4.0,33.0
5.003601440576231e-08,-4.0,33.0
5.008403361344538e-08,-4.0,33.0
5.0132052821128455e-08,-4.0,33.0
5.018007202881153e-08,-4.0,33.0
5.02280912364946e-08,-5.0,33.0
5.0276110444177674e-08,-5.0,33.0
5.0324129651860746e-08,-5.0,33.0
5.037214885954382e-08,-5.0,33.0
5.042016806722689e-08,-5.0,33.0
5.0468187274909965e-08,-5.0,33.0
5.051620648259304e-08,-5.0,33.0
5.056422569027611e-08,-5.0,33.0
5.061224489795919e-08,-5.0,33.0
5.066026410564226e-08,-5.0,33.0
5.0708283313325336e-08,-5.0,33.0
5.075630252100841e-08,-5.0,33.0
5.080432172869148e-08,-5.0,33.0
5.0852340936374555e-08,-5.0,33.0
5.090036014405763e-08,-5.0,33.0
5.09483793517407e-08,-5.0,33.0
5.0996398559423774e-08,-6.0,33.0
5.1044417767106846e-08,-6.0,33.0
5.109243697478992e-08,-6.0,33.0
5.114045618247299e-08,-6.0,33.0
5.1188475390156065e-08,-6.0,33.0
5.123649459783914e-08,-6.0,33.0
5.128451380552221e-08,-6.0,33.0
5.1332533013205284e-08,-6.0,33.0
5.138055222088836e-08,-6.0,33.0
5.142857142857143e-08,-6.0,33.0
5.14765906362545e-08,-6.0,33.0
5.1524609843937575e-08,-7.0,33.0
5.1572629051620655e-08,-7.0,33.0
5.162064825930373e-08,-7.0,33.0
5.16686674669868e-08,-7.0,33.0
5.1716686674669874e-08,-7.0,33.0
5.1764705882352947e-08,-7.0,33.0
5.181272509003602e-08,-7.0,33.0
5.186074429771909e-08,-7.0,33.0
5.1908763505402165e-08,-8.0,33.0
5.195678271308524e-08,-8.0,33.0
5.200480192076831e-08,-8.0,33.0
5.2052821128451384e-08,-8.0,33.0
5.210084033613446e-08,-8.0,33.0
5.214885954381753e-08,-8.0,33.0
5.21968787515006e-08,-8.0,33.0
5.2244897959183676e-08,-9.0,33.0
5.229291716686675e-08,-9.0,33.0
5.234093637454982e-08,-9.0,33.0
5.2388955582232894e-08,-9.0,33.0
5.243697478991597e-08,-9.0,33.0
5.2484993997599047e-08,-9.0,33.0
5.253301320528212e-08,-10.0,33.0
5.258103241296519e-08,-10.0,33.0
5.2629051620648265e-08,-10.0,33.0
5.267707082833134e-08,-10.0,33.0
5.272509003601441e-08,-10.0,33.0
5.2773109243697484e-08,-11.0,33.0
5.282112845138056e-08,-11.0,33.0
5.286914765906363e-08,-11.0,33.0
5.29171668667467e-08,-11.0,33.0
5.2965186074429776e-08,-12.0,33.0
5.301320528211285e-08,-12.0,33.0
5.306122448979592e-08,-12.0,33.0
5.3109243697478994e-08,-12.0,33.0
5.315726290516207e-08,-13.0,33.0
5.320528211284514e-08,-13.0,33.0
5.325330132052821e-08,-13.0,33.0
5.3301320528211286e-08,-14.0,33.0
5.334933973589436e-08,-14.0,33.0
5.339735894357743e-08,-14.0,33.0
5.344537815126051e-08,-15.0,33.0
5.3493397358943584e-08,-15.0,33.0
5.354141656662666e-08,-15.0,33.0
5.358943577430973e-08,-16.0,33.0
5.36374549819928e-08,-16.0,33.0
5.3685474189675876e-08,-16.0,33.0
5.373349339735895e-08,-17.0,33.0
5.378151260504202e-08,-17.0,33.0
5.3829531812725094e-08,-17.0,33.0
5.387755102040817e-08,-18.0,33.0
5.392557022809124e-08,-18.0,33.0
5.397358943577431e-08,-19.0,33.0
5.4021608643457386e-08,-19.0,33.0
5.406962785114046e-08,-20.0,33.0
5.411764705882353e-08,-20.0,33.0
5.4165666266506605e-08,-20.0,33.0
5.421368547418968e-08,-21.0,33.0
5.426170468187275e-08,-21.0,33.0
5.430972388955582e-08,-22.0,33.0
5.4357743097238896e-08,-22.0,33.0
5.4405762304921976e-08,-23.0,33.0
5.445378151260505e-08,-23.0,33.0
5.450180072028812e-08,-24.0,33.0
5.4549819927971194e-08,-24.0,33.0
5.459783913565427e-08,-25.0,33.0
5.464585834333734e-08,-25.0,33.0
5.469387755102041e-08,-26.0,33.0
5.4741896758703486e-08,-26.0,33.0
5.478991596638656e-08,-27.0,33.0
5.483793517406963e-08,-27.0,33.0
5.4885954381752705e-08,-28.0,33.0
5.493397358943578e-08,-28.0,33.0
5.498199279711885e-08,-29.0,33.0
5.5030012004801923e-08,-29.0,33.0
5.5078031212484996e-08,-30.0,33.0
5.512605042016807e-08,-31.0,33.0
5.517406962785114e-08,-31.0,33.0
5.5222088835534215e-08,-32.0,33.0
5.527010804321729e-08,-32.0,33.0
5.531812725090036e-08,-33.0,33.0
5.536614645858344e-08,-34.0,33.0
5.541416566626651e-08,-34.0,33.0
5.5462184873949586e-08,-35.0,33.0
5.551020408163266e-08,-35.0,33.0
5.555822328931573e-08,-36.0,33.0
5.5606242496998805e-08,-37.0,33.0
5.565426170468188e-08,-37.0,33.0
5.570228091236495e-08,-38.0,33.0
5.5750300120048023e-08,-38.0,33.0
5.5798319327731096e-08,-39.0,33.0
5.584633853541417e-08,-40.0,33.0
5.589435774309724e-08,-40.0,33.0
5.5942376950780315e-08,-41.0,33.0
5.599039615846339e-08,-41.0,33.0
5.603841536614646e-08,-42.0,33.0
5.6086434573829534e-08,-43.0,33.0
5.6134453781512607e-08,-43.0,33.0
5.618247298919568e-08,-44.0,33.0
5.623049219687875e-08,-45.0,33.0
5.627851140456183e-08,-45.0,33.0
5.6326530612244905e-08,-46.0,33.0
5.637454981992798e-08,-46.0,33.0
5.642256902761105e-08,-47.0,33.0
5.6470588235294123e-08,-48.0,33.0
5.6518607442977196e-08,-48.0,33.0
5.656662665066027e-08,-49.0,33.0
5.661464585834334e-08,-49.0,33.0
5.6662665066026415e-08,-50.0,33.0
5.671068427370949e-08,-51.0,33.0
5.675870348139256e-08,-51.0,33.0
5.6806722689075634e-08,-52.0,33.0
5.6854741896758707e-08,-52.0,33.0
5.690276110444178e-08,-53.0,33.0
5.695078031212485e-08,-53.0,33.0
5.6998799519807925e-08,-54.0,33.0
5.7046818727491e-08,-54.0,33.0
5.709483793517407e-08,-55.0,33.0
5.7142857142857144e-08,-56.0,33.0
5.719087635054022e-08,-56.0,33.0
5.7238895558223296e-08,-57.0,33.0
5.728691476590637e-08,-57.0,33.0
5.733493397358944e-08,-58.0,33.0
5.7382953181272515e-08,-58.0,33.0
5.743097238895559e-08,-58.0,33.0
5.747899159663866e-08,-59.0,33.0
5.7527010804321734e-08,-59.0,33.0
5.757503001200481e-08,-60.0,33.0
5.762304921968788e-08,-60.0,33.0
5.767106842737095e-08,-61.0,33.0
5.7719087635054025e-08,-61.0,33.0
5.77671068427371e-08,-61.0,33.0
5.781512605042017e-08,-62.0,33.0
5.7863145258103244e-08,-62.0,33.0
5.791116446578632e-08,-63.0,33.0
5.795918367346939e-08,-63.0,33.0
5.800720288115246e-08,-63.0,33.0
5.8055222088835536e-08,-63.0,33.0
5.810324129651861e-08,-64.0,33.0
5.815126050420168e-08,-64.0,33.0
5.819927971188476e-08,-64.0,33.0
5.8247298919567834e-08,-65.0,33.0
5.829531812725091e-08,-65.0,33.0
5.834333733493398e-08,-65.0,33.0
5.839135654261705e-08,-65.0,33.0
5.8439375750300125e-08,-65.0,33.0
5.84873949579832e-08,-66.0,33.0
5.853541416566627e-08,-66.0,33.0
5.8583433373349344e-08,-66.0,33.0
5.863145258103242e-08,-66.0,33.0
5.867947178871549e-08,-66.0,33.0
5.872749099639856e-08,-66.0,33.0
5.8775510204081636e-08,-66.0,33.0
5.882352941176471e-08,-66.0,33.0
5.887154861944778e-08,-66.0,33.0
5.8919567827130854e-08,-66.0,33.0
5.896758703481393e-08,-66.0,33.0
5.9015606242497e-08,-66.0,33.0
5.906362545018007e-08,-67.0,33.0
5.911164465786315e-08,-66.0,33.0
5.9159663865546226e-08,-66.0,33.0
5.92076830732293e-08,-66.0,33.0
5.925570228091237e-08,-66.0,33.0
5.9303721488595444e-08,-66.0,33.0
5.935174069627852e-08,-66.0,33.0
5.939975990396159e-08,-66.0,33.0
5.944777911164466e-08,-66.0,33.0
5.9495798319327736e-08,-66.0,33.0
5.954381752701081e-08,-66.0,33.0
5.959183673469388e-08,-66.0,33.0
5.963985594237696e-08,-66.0,33.0
5.968787515006003e-08,-65.0,33.0
5.973589435774311e-08,-65.0,33.0
5.978391356542618e-08,-65.0,33.0
5.983193277310925e-08,-65.0,33.0
5.987995198079233e-08,-65.0,33.0
5.99279711884754e-08,-64.0,33.0
5.997599039615847e-08,-64.0,33.0
6.002400960384154e-08,-64.0,33.0
6.007202881152462e-08,-64.0,33.0
6.012004801920769e-08,-63.0,33.0
6.016806722689076e-08,-63.0,33.0
6.021608643457384e-08,-63.0,33.0
6.026410564225691e-08,-62.0,33.0
6.031212484993998e-08,-62.0,33.0
6.036014405762305e-08,-62.0,33.0
6.040816326530613e-08,-61.0,33.0
6.04561824729892e-08,-61.0,33.0
6.050420168067227e-08,-61.0,33.0
6.055222088835535e-08,-60.0,33.0
6.060024009603842e-08,-60.0,33.0
6.064825930372149e-08,-60.0,33.0
6.069627851140456e-08,-59.0,33.0
6.074429771908764e-08,-59.0,33.0
6.079231692677071e-08,-59.0,33.0
6.084033613445378e-08,-58.0,33.0
6.088835534213686e-08,-58.0,33.0
6.093637454981993e-08,-57.0,33.0
6.0984393757503e-08,-57.0,33.0
6.103241296518608e-08,-56.0,33.0
6.108043217286915e-08,-56.0,33.0
6.112845138055222e-08,-55.0,33.0
6.11764705882353e-08,-55.0,33.0
6.122448979591837e-08,-55.0,33.0
6.127250900360144e-08,-54.0,33.0
6.132052821128451e-08,-54.0,33.0
6.136854741896759e-08,-53.0,33.0
6.141656662665066e-08,-53.0,33.0
6.146458583433373e-08,-52.0,33.0
6.151260504201682e-08,-52.0,33.0
6.156062424969989e-08,-51.0,33.0
6.160864345738296e-08,-51.0,33.0
6.165666266506604e-08,-50.0,33.0
6.170468187274911e-08,-50.0,33.0
6.175270108043218e-08,-49.0,33.0
6.180072028811525e-08,-48.0,33.0
6.184873949579833e-08,-48.0,33.0
6.18967587034814e-08,-47.0,33.0
6.194477791116447e-08,-47.0,33.0
6.199279711884755e-08,-46.0,33.0
6.204081632653062e-08,-46.0,33.0
6.208883553421369e-08,-45.0,33.0
6.213685474189677e-08,-45.0,33.0
6.218487394957984e-08,-44.0,33.0
6.223289315726291e-08,-44.0,33.0
6.228091236494598e-08,-43.0,33.0
6.232893157262906e-08,-43.0,33.0
6.237695078031213e-08,-42.0,33.0
6.24249699879952e-08,-41.0,33.0
6.247298919567828e-08,-41.0,33.0
6.252100840336135e-08,-40.0,33.0
6.256902761104442e-08,-40.0,33.0
6.26170468187275e-08,-39.0,33.0
6.266506602641057e-08,-39.0,33.0
6.271308523409364e-08,-38.0,33.0
6.276110444177671e-08,-38.0,33.0
6.280912364945979e-08,-37.0,33.0
6.285714285714286e-08,-36.0,33.0
6.290516206482593e-08,-36.0,33.0
6.2953181272509e-08,-35.0,33.0
6.300120048019208e-08,-35.0,33.0
6.304921968787515e-08,-34.0,33.0
6.309723889555822e-08,-34.0,33.0
6.31452581032413e-08,-33.0,33.0
6.319327731092437e-08,-33.0,33.0
6.324129651860744e-08,-32.0,33.0
6.328931572629051e-08,-32.0,33.0
6.333733493397359e-08,-31.0,33.0
6.338535414165667e-08,-31.0,33.0
6.343337334933975e-08,-30.0,33.0
6.348139255702282e-08,-30.0,33.0
6.352941176470589e-08,-29.0,33.0
6.357743097238897e-08,-29.0,33.0
6.362545018007204e-08,-29.0,33.0
6.367346938775511e-08,-28.0,33.0
6.372148859543818e-08,-28.0,33.0
6.376950780312126e-08,-27.0,33.0
6.381752701080433e-08,-27.0,33.0
6.38655462184874e-08,-26.0,33.0
6.391356542617048e-08,-26.0,33.0
6.396158463385355e-08,-25.0,33.0
6.400960384153662e-08,-25.0,33.0
6.40576230492197e-08,-24.0,33.0
6.410564225690277e-08,-24.0,33.0
6.415366146458584e-08,-24.0,33.0
6.420168067226891e-08,-23.0,33.0
6.424969987995199e-08,-23.0,33.0
6.429771908763506e-08,-22.0,33.0
6.434573829531813e-08,-22.0,33.0
6.43937575030012e-08,-21.0,33.0
6.444177671068428e-08,-21.0,33.0
6.448979591836735e-08,-21.0,33.0
6.453781512605042e-08,-20.0,33.0
6.45858343337335e-08,-20.0,33.0
6.463385354141657e-08,-20.0,33.0
6.468187274909964e-08,-19.0,33.0
6.472989195678271e-08,-19.0,33.0
6.477791116446579e-08,-19.0,33.0
6.482593037214886e-08,-18.0,33.0
6.487394957983193e-08,-18.0,33.0
6.4921968787515e-08,-18.0,33.0
6.496998799519808e-08,-17.0,33.0
6.501800720288115e-08,-17.0,33.0
6.506602641056422e-08,-17.0,33.0
6.51140456182473e-08,-16.0,33.0
6.516206482593037e-08,-16.0,33.0
6.521008403361344e-08,-16.0,33.0
6.525810324129653e-08,-16.0,33.0
6.53061224489796e-08,-15.0,33.0
6.535414165666268e-08,-15.0,33.0
6.540216086434575e-08,-15.0,33.0
6.545018007202882e-08,-14.0,33.0
6.54981992797119e-08,-14.0,33.0
6.554621848739497e-08,-14.0,33.0
6.559423769507804e-08,-14.0,33.0
6.564225690276111e-08,-14.0,33.0
6.569027611044419e-08,-13.0,33.0
6.573829531812726e-08,-13.0,33.0
6.578631452581033e-08,-13.0,33.0
6.58343337334934e-08,-13.0,33.0
6.588235294117648e-08,-13.0,33.0
6.593037214885955e-08,-12.0,33.0
6.597839135654262e-08,-12.0,33.0
6.60264105642257e-08,-12.0,33.0
6.607442977190877e-08,-12.0,33.0
6.612244897959184e-08,-12.0,33.0
6.617046818727491e-08,-11.0,33.0
6.621848739495799e-08,-11.0,33.0
6.626650660264106e-08,-11.0,33.0
6.631452581032413e-08,-11.0,33.0
6.63625450180072e-08,-11.0,33.0
6.641056422569028e-08,-11.0,33.0
6.645858343337335e-08,-11.0,33.0
6.650660264105643e-08,-10.0,33.0
6.65546218487395e-08,-10.0,33.0
6.660264105642257e-08,-10.0,33.0
6.665066026410564e-08,-10.0,33.0
6.669867947178872e-08,-10.0,33.0
6.674669867947179e-08,-10.0,33.0
6.679471788715486e-08,-10.0,33.0
6.684273709483794e-08,-9.0,33.0
6.689075630252101e-08,-9.0,33.0
6.693877551020408e-08,-9.0,33.0
6.698679471788715e-08,-9.0,33.0
6.703481392557023e-08,-9.0,33.0
6.70828331332533e-08,-9.0,33.0
6.713085234093637e-08,-9.0,33.0
6.717887154861946e-08,-9.0,33.0
6.722689075630253e-08,-9.0,33.0
6.72749099639856e-08,-9.0,33.0
6.732292917166868e-08,-8.0,33.0
6.737094837935175e-08,-8.0,33.0
6.741896758703482e-08,-8.0,33.0
6.74669867947179e-08,-8.0,33.0
6.751500600240097e-08,-8.0,33.0
6.756302521008404e-08,-8.0,33.0
6.761104441776711e-08,-8.0,33.0
6.765906362545019e-08,-8.0,33.0
6.770708283313326e-08,-8.0,33.0
6.775510204081633e-08,-8.0,33.0
6.78031212484994e-08,-8.0,33.0
6.785114045618248e-08,-8.0,33.0
6.789915966386555e-08,-8.0,33.0
6.794717887154863e-08,-7.0,33.0
6.79951980792317e-08,-7.0,33.0
6.804321728691477e-08,-7.0,33.0
6.809123649459784e-08,-7.0,33.0
6.813925570228092e-08,-7.0,33.0
6.818727490996399e-08,-7.0,33.0
6.823529411764706e-08,-7.0,33.0
6.828331332533014e-08,-7.0,33.0
6.833133253301321e-08,-7.0,33.0
6.837935174069628e-08,-7.0,33.0
6.842737094837935e-08,-7.0,33.0
6.847539015606243e-08,-7.0,33.0
6.85234093637455e-08,-7.0,33.0
6.857142857142857e-08,-7.0,33.0
6.861944777911165e-08,-7.0,33.0
6.866746698679472e-08,-7.0,33.0
6.871548619447779e-08,-7.0,33.0
6.876350540216086e-08,-7.0,33.0
6.881152460984394e-08,-7.0,33.0
6.885954381752701e-08,-7.0,33.0
6.890756302521008e-08,-7.0,33.0
6.895558223289316e-08,-7.0,33.0
6.900360144057623e-08,-7.0,33.0
6.905162064825932e-08,-7.0,33.0
6.909963985594239e-08,-7.0,33.0
6.914765906362546e-08,-7.0,33.0
6.919567827130853e-08,-6.0,33.0
6.924369747899161e-08,-6.0,33.0
6.929171668667468e-08,-6.0,33.0
6.933973589435775e-08,-6.0,33.0
6.938775510204083e-08,-6.0,33.0
6.94357743097239e-08,-6.0,33.0
6.948379351740697e-08,-6.0,33.0
6.953181272509004e-08,-6.0,33.0
6.957983193277312e-08,-6.0,33.0
6.962785114045619e-08,-6.0,33.0
6.967587034813926e-08,-6.0,33.0
6.972388955582234e-08,-6.0,33.0
6.977190876350541e-08,-6.0,33.0
6.981992797118848e-08,-6.0,33.0
6.986794717887155e-08,-6.0,33.0
6.991596638655463e-08,-6.0,33.0
6.99639855942377e-08,-6.0,33.0
7.001200480192077e-08,-5.0,33.0
7.006002400960385e-08,-5.0,33.0
7.010804321728692e-08,-5.0,33.0
7.015606242496999e-08,-5.0,33.0
7.020408163265306e-08,-5.0,33.0
7.025210084033614e-08,-5.0,33.0
7.030012004801921e-08,-5.0,33.0
7.034813925570228e-08,-5.0,33.0
7.039615846338536e-08,-5.0,33.0
7.044417767106843e-08,-5.0,33.0
7.04921968787515e-08,-5.0,33.0
7.054021608643457e-08,-5.0,33.0
7.058823529411765e-08,-5.0,33.0
7.063625450180072e-08,-5.0,33.0
7.06842737094838e-08,-5.0,33.0
7.073229291716687e-08,-5.0,33.0
7.078031212484994e-08,-5.0,33.0
7.082833133253301e-08,-5.0,33.0
7.087635054021609e-08,-4.0,33.0
7.092436974789917e-08,-4.0,33.0
7.097238895558224e-08,-4.0,33.0
7.102040816326532e-08,-4.0,33.0
7.106842737094839e-08,-4.0,33.0
7.111644657863146e-08,-4.0,33.0
7.116446578631454e-08,-4.0,33.0
7.121248499399761e-08,-4.0,33.0
7.126050420168068e-08,-4.0,33.0
7.130852340936375e-08,-4.0,33.0
7.135654261704683e-08,-4.0,33.0
7.14045618247299e-08,-4.0,33.0
7.145258103241297e-08,-4.0,33.0
7.150060024009605e-08,-4.0,33.0
7.154861944777912e-08,-4.0,33.0
7.159663865546219e-08,-4.0,33.0
7.164465786314526e-08,-4.0,33.0
7.169267707082834e-08,-4.0,33.0
7.174069627851141e-08,-4.0,33.0
7.178871548619448e-08,-4.0,33.0
7.183673469387756e-08,-4.0,33.0
7.188475390156063e-08,-4.0,33.0
7.19327731092437e-08,-4.0,33.0
7.198079231692677e-08,-4.0,33.0
7.202881152460985e-08,-4.0,33.0
7.207683073229292e-08,-3.0,33.0
7.2124849939976e-08,-3.0,33.0
7.217286914765907e-08,-3.0,33.0
7.222088835534214e-08,-3.0,33.0
7.226890756302521e-08,-3.0,33.0
7.231692677070829e-08,-3.0,33.0
7.236494597839136e-08,-3.0,33.0
7.241296518607443e-08,-3.0,33.0
7.24609843937575e-08,-3.0,33.0
7.250900360144058e-08,-3.0,33.0
7.255702280912365e-08,-3.0,33.0
7.260504201680672e-08,-3.0,33.0
7.26530612244898e-08,-3.0,33.0
7.270108043217287e-08,-3.0,33.0
7.274909963985594e-08,-3.0,33.0
7.279711884753901e-08,-3.0,33.0
7.28451380552221e-08,-3.0,33.0
7.289315726290517e-08,-3.0,33.0
7.294117647058825e-08,-3.0,33.0
7.298919567827132e-08,-3.0,33.0
7.303721488595439e-08,-3.0,33.0
7.308523409363746e-08,-3.0,33.0
7.313325330132054e-08,-3.0,33.0
7.318127250900361e-08,-3.0,33.0
7.322929171668668e-08,-3.0,33.0
7.327731092436976e-08,-3.0,33.0
7.332533013205283e-08,-3.0,33.0
7.33733493397359e-08,-3.0,33.0
7.342136854741898e-08,-3.0,33.0
7.346938775510205e-08,-4.0,33.0
7.351740696278512e-08,-4.0,33.0
7.35654261704682e-08,-4.0,33.0
7.361344537815127e-08,-4.0,33.0
7.366146458583434e-08,-4.0,33.0
7.370948379351741e-08,-4.0,33.0
7.375750300120049e-08,-4.0,33.0
7.380552220888356e-08,-4.0,33.0
7.385354141656663e-08,-4.0,33.0
7.39015606242497e-08,-4.0,33.0
7.394957983193278e-08,-4.0,33.0
7.399759903961585e-08,-4.0,33.0
7.404561824729892e-08,-4.0,33.0
7.4093637454982e-08,-4.0,33.0
7.414165666266507e-08,-4.0,33.0
7.418967587034814e-08,-4.0,33.0
7.423769507803121e-08,-5.0,33.0
7.428571428571429e-08,-5.0,33.0
7.433373349339736e-08,-5.0,33.0
7.438175270108043e-08,-5.0,33.0
7.44297719087635e-08,-5.0,33.0
7.447779111644658e-08,-5.0,33.0
7.452581032412965e-08,-5.0,33.0
7.457382953181272e-08,-5.0,33.0
7.46218487394958e-08,-5.0,33.0
7.466986794717887e-08,-5.0,33.0
7.471788715486196e-08,-5.0,33.0
7.476590636254503e-08,-5.0,33.0
7.48139255702281e-08,-5.0,33.0
7.486194477791118e-08,-5.0,33.0
7.490996398559425e-08,-5.0,33.0
7.495798319327732e-08,-5.0,33.0
7.50060024009604e-08,-5.0,33.0
7.505402160864347e-08,-5.0,33.0
7.510204081632654e-08,-5.0,33.0
7.515006002400961e-08,-6.0,33.0
7.519807923169269e-08,-6.0,33.0
7.524609843937576e-08,-6.0,33.0
7.529411764705883e-08,-6.0,33.0
7.53421368547419e-08,-6.0,33.0
7.539015606242498e-08,-6.0,33.0
7.543817527010805e-08,-6.0,33.0
7.548619447779112e-08,-6.0,33.0
7.55342136854742e-08,-6.0,33.0
7.558223289315727e-08,-6.0,33.0
7.563025210084034e-08,-6.0,33.0
7.567827130852341e-08,-6.0,33.0
7.572629051620649e-08,-6.0,33.0
7.577430972388956e-08,-6.0,33.0
7.582232893157263e-08,-6.0,33.0
7.58703481392557e-08,-6.0,33.0
7.591836734693878e-08,-6.0,33.0
7.596638655462185e-08,-6.0,33.0
7.601440576230492e-08,-6.0,33.0
7.6062424969988e-08,-6.0,33.0
7.611044417767107e-08,-6.0,33.0
7.615846338535414e-08,-7.0,33.0
7.620648259303722e-08,-7.0,33.0
7.625450180072029e-08,-7.0,33.0
7.630252100840336e-08,-7.0,33.0
7.635054021608644e-08,-7.0,33.0
7.639855942376951e-08,-7.0,33.0
7.644657863145258e-08,-7.0,33.0
7.649459783913565e-08,-7.0,33.0
7.654261704681873e-08,-7.0,33.0
7.65906362545018e-08,-7.0,33.0
7.663865546218489e-08,-7.0,33.0
7.668667466986796e-08,-7.0,33.0
7.673469387755103e-08,-7.0,33.0
7.67827130852341e-08,-7.0,33.0
7.683073229291718e-08,-7.0,33.0
7.687875150060025e-08,-7.0,33.0
7.692677070828332e-08,-7.0,33.0
7.69747899159664e-08,-7.0,33.0
7.702280912364947e-08,-7.0,33.0
7.707082833133254e-08,-7.0,33.0
7.711884753901561e-08,-7.0,33.0
7.716686674669869e-08,-7.0,33.0
7.721488595438176e-08,-6.0,33.0
7.726290516206483e-08,-6.0,33.0
7.73109243697479e-08,-6.0,33.0
7.735894357743098e-08,-6.0,33.0
7.740696278511405e-08,-6.0,33.0
7.745498199279712e-08,-6.0,33.0
7.75030012004802e-08,-6.0,33.0
7.755102040816327e-08,-6.0,33.0
7.759903961584634e-08,-6.0,33.0
7.764705882352942e-08,-6.0,33.0
7.769507803121249e-08,-6.0,33.0
7.774309723889556e-08,-6.0,33.0
7.779111644657864e-08,-6.0,33.0
7.783913565426171e-08,-6.0,33.0
7.788715486194478e-08,-6.0,33.0
7.793517406962785e-08,-6.0,33.0
7.798319327731093e-08,-6.0,33.0
7.8031212484994e-08,-5.0,33.0
7.807923169267707e-08,-5.0,33.0
7.812725090036015e-08,-5.0,33.0
7.817527010804322e-08,-5.0,33.0
7.822328931572629e-08,-5.0,33.0
7.827130852340936e-08,-5.0,33.0
7.831932773109244e-08,-5.0,33.0
7.836734693877551e-08,-5.0,33.0
7.841536614645858e-08,-5.0,33.0
7.846338535414166e-08,-5.0,33.0
7.851140456182474e-08,-5.0,33.0
7.855942376950781e-08,-5.0,33.0
7.860744297719089e-08,-4.0,33.0
7.865546218487396e-08,-4.0,33.0
7.870348139255703e-08,-4.0,33.0
7.87515006002401e-08,-4.0,33.0
7.879951980792318e-08,-4.0,33.0
7.884753901560625e-08,-4.0,33.0
7.889555822328933e-08,-4.0,33.0
7.89435774309724e-08,-4.0,33.0
7.899159663865547e-08,-4.0,33.0
7.903961584633854e-08,-4.0,33.0
7.908763505402162e-08,-3.0,33.0
7.913565426170469e-08,-3.0,33.0
7.918367346938776e-08,-3.0,33.0
7.923169267707084e-08,-3.0,33.0
7.927971188475391e-08,-3.0,33.0
7.932773109243698e-08,-3.0,33.0
7.937575030012005e-08,-3.0,33.0
7.942376950780313e-08,-3.0,33.0
7.94717887154862e-08,-3.0,33.0
7.951980792316927e-08,-3.0,33.0
7.956782713085235e-08,-2.0,33.0
7.961584633853542e-08,-2.0,33.0
7.966386554621849e-08,-2.0,33.0
7.971188475390156e-08,-2.0,33.0
7.975990396158464e-08,-2.0,33.0
7.980792316926771e-08,-2.0,33.0
7.985594237695078e-08,-2.0,33.0
7.990396158463386e-08,-2.0,33.0
7.995198079231693e-08,-2.0,33.0
8e-08,-2.0,33.0
8.004801920768307e-08,-1.0,33.0
8.009603841536615e-08,-1.0,33.0
8.014405762304922e-08,-1.0,33.0
8.019207683073229e-08,-1.0,33.0
8.024009603841537e-08,-1.0,33.0
8.028811524609844e-08,-1.0,33.0
8.033613445378151e-08,-1.0,33.0
8.03841536614646e-08,-1.0,33.0
8.043217286914767e-08,-1.0,33.0
8.048019207683074e-08,-1.0,33.0
8.052821128451382e-08,-1.0,33.0
8.057623049219689e-08,0.0,33.0
8.062424969987996e-08,0.0,33.0
8.067226890756304e-08,0.0,33.0
8.072028811524611e-08,0.0,33.0
8.076830732292918e-08,0.0,33.0
8.081632653061225e-08,0.0,33.0
8.086434573829533e-08,0.0,33.0
8.09123649459784e-08,0.0,33.0
8.096038415366147e-08,0.0,33.0
8.100840336134455e-08,0.0,33.0
8.105642256902762e-08,0.0,33.0
8.110444177671069e-08,0.0,33.0
8.115246098439376e-08,0.0,33.0
8.120048019207684e-08,0.0,33.0
8.124849939975991e-08,0.0,33.0
8.129651860744298e-08,0.0,33.0
8.134453781512606e-08,0.0,33.0
8.139255702280913e-08,1.0,33.0
8.14405762304922e-08,1.0,33.0
8.148859543817527e-08,1.0,33.0
8.153661464585835e-08,1.0,33.0
8.158463385354142e-08,1.0,33.0
8.16326530612245e-08,1.0,33.0
8.168067226890757e-08,1.0,33.0
8.172869147659064e-08,1.0,33.0
8.177671068427371e-08,1.0,33.0
8.182472989195678e-08,1.0,33.0
8.187274909963986e-08,1.0,33.0
8.192076830732293e-08,1.0,33.0
8.1968787515006e-08,1.0,33.0
8.201680672268908e-08,1.0,33.0
8.206482593037215e-08,1.0,33.0
8.211284513805522e-08,1.0,33.0
8.21608643457383e-08,1.0,33.0
8.220888355342137e-08,1.0,33.0
8.225690276110444e-08,1.0,33.0
8.230492196878753e-08,1.0,33.0
8.23529411764706e-08,1.0,33.0
8.240096038415367e-08,1.0,33.0
8.244897959183675e-08,1.0,33.0
8.249699879951982e-08,1.0,33.0
8.254501800720289e-08,1.0,33.0
8.259303721488596e-08,0.0,33.0
8.264105642256904e-08,0.0,33.0
8.268907563025211e-08,0.0,33.0
8.273709483793518e-08,0.0,33.0
8.278511404561826e-08,0.0,33.0
8.283313325330133e-08,0.0,33.0
8.28811524609844e-08,0.0,33.0
8.292917166866747e-08,0.0,33.0
8.297719087635055e-08,0.0,33.0
8.302521008403362e-08,0.0,33.0
8.30732292917167e-08,0.0,33.0
8.312124849939977e-08,0.0,33.0
8.316926770708284e-08,0.0,33.0
8.321728691476591e-08,0.0,33.0
8.326530612244899e-08,0.0,33.0
8.331332533013206e-08,0.0,33.0
8.336134453781513e-08,0.0,33.0
8.34093637454982e-08,-1.0,33.0
8.345738295318128e-08,-1.0,33.0
8.350540216086435e-08,-1.0,33.0
8.355342136854742e-08,-1.0,33.0
8.36014405762305e-08,-1.0,33.0
8.364945978391357e-08,-1.0,33.0
8.369747899159664e-08,-1.0,33.0
8.374549819927971e-08,-1.0,33.0
8.379351740696279e-08,-1.0,33.0
8.384153661464586e-08,-1.0,33.0
8.388955582232893e-08,-1.0,33.0
8.3937575030012e-08,-1.0,33.0
8.398559423769508e-08,-1.0,33.0
8.403361344537815e-08,-1.0,33.0
8.408163265306122e-08,-2.0,33.0
8.41296518607443e-08,-2.0,33.0
8.417767106842738e-08,-2.0,33.0
8.422569027611046e-08,-2.0,33.0
8.427370948379353e-08,-2.0,33.0
8.43217286914766e-08,-2.0,33.0
8.436974789915967e-08,-2.0,33.0
8.441776710684275e-08,-2.0,33.0
8.446578631452582e-08,-2.0,33.0
8.45138055222089e-08,-2.0,33.0
8.456182472989197e-08,-2.0,33.0
8.460984393757504e-08,-2.0,33.0
8.465786314525811e-08,-2.0,33.0
8.470588235294119e-08,-3.0,33.0
8.475390156062426e-08,-3.0,33.0
8.480192076830733e-08,-3.0,33.0
8.48499399759904e-08,-3.0,33.0
8.489795918367348e-08,-3.0,33.0
8.494597839135655e-08,-3.0,33.0
8.499399759903962e-08,-3.0,33.0
8.50420168067227e-08,-3.0,33.0
8.509003601440577e-08,-3.0,33.0
8.513805522208884e-08,-3.0,33.0
8.518607442977191e-08,-3.0,33.0
8.523409363745499e-08,-3.0,33.0
8.528211284513806e-08,-3.0,33.0
8.533013205282113e-08,-3.0,33.0
8.53781512605042e-08,-3.0,33.0
8.542617046818728e-08,-3.0,33.0
8.547418967587035e-08,-3.0,33.0
8.552220888355342e-08,-4.0,33.0
8.55702280912365e-08,-4.0,33.0
8.561824729891957e-08,-4.0,33.0
8.566626650660264e-08,-4.0,33.0
8.571428571428572e-08,-4.0,33.0
8.576230492196879e-08,-4.0,33.0
8.581032412965186e-08,-4.0,33.0
8.585834333733493e-08,-4.0,33.0
8.590636254501801e-08,-4.0,33.0
8.595438175270108e-08,-4.0,33.0
8.600240096038415e-08,-4.0,33.0
8.605042016806724e-08,-4.0,33.0
8.609843937575031e-08,-4.0,33.0
8.614645858343339e-08,-4.0,33.0
8.619447779111646e-08,-4.0,33.0
8.624249699879953e-08,-4.0,33.0
8.62905162064826e-08,-4.0,33.0
8.633853541416568e-08,-4.0,33.0
8.638655462184875e-08,-4.0,33.0
8.643457382953182e-08,-4.0,33.0
8.64825930372149e-08,-4.0,33.0
8.653061224489797e-08,-4.0,33.0
8.657863145258104e-08,-4.0,33.0
8.662665066026411e-08,-4.0,33.0
8.667466986794719e-08,-4.0,33.0
8.672268907563026e-08,-4.0,33.0
8.677070828331333e-08,-4.0,33.0
8.68187274909964e-08,-4.0,33.0
8.686674669867948e-08,-4.0,33.0
8.691476590636255e-08,-4.0,33.0
8.696278511404562e-08,-4.0,33.0
8.70108043217287e-08,-4.0,33.0
8.705882352941177e-08,-4.0,33.0
8.710684273709484e-08,-4.0,33.0
8.715486194477792e-08,-4.0,33.0
8.720288115246099e-08,-4.0,33.0
8.725090036014406e-08,-4.0,33.0
8.729891956782713e-08,-4.0,33.0
8.734693877551021e-08,-4.0,33.0
8.739495798319328e-08,-4.0,33.0
8.744297719087635e-08,-4.0,33.0
8.749099639855943e-08,-4.0,33.0
8.75390156062425e-08,-4.0,33.0
8.758703481392557e-08,-4.0,33.0
8.763505402160865e-08,-4.0,33.0
8.768307322929172e-08,-4.0,33.0
8.773109243697479e-08,-4.0,33.0
8.777911164465786e-08,-3.0,33.0
8.782713085234094e-08,-3.0,33.0
8.787515006002401e-08,-3.0,33.0
8.792316926770708e-08,-3.0,33.0
8.797118847539017e-08,-3.0,33.0
8.801920768307324e-08,-3.0,33.0
8.806722689075631e-08,-3.0,33.0
8.811524609843939e-08,-3.0,33.0
8.816326530612246e-08,-3.0,33.0
8.821128451380553e-08,-3.0,33.0
8.82593037214886e-08,-3.0,33.0
8.830732292917168e-08,-3.0,33.0
8.835534213685475e-08,-3.0,33.0
8.840336134453782e-08,-3.0,33.0
8.84513805522209e-08,-3.0,33.0
8.849939975990397e-08,-3.0,33.0
8.854741896758704e-08,-3.0,33.0
8.859543817527012e-08,-3.0,33.0
8.864345738295319e-08,-3.0,33.0
8.869147659063626e-08,-3.0,33.0
8.873949579831934e-08,-2.0,33.0
8.878751500600241e-08,-2.0,33.0
8.883553421368548e-08,-2.0,33.0
8.888355342136855e-08,-2.0,33.0
8.893157262905163e-08,-2.0,33.0
8.89795918367347e-08,-2.0,33.0
8.902761104441777e-08,-2.0,33.0
8.907563025210085e-08,-2.0,33.0
8.912364945978392e-08,-2.0,33.0
8.917166866746699e-08,-2.0,33.0
8.921968787515006e-08,-2.0,33.0
8.926770708283314e-08,-2.0,33.0
8.931572629051621e-08,-2.0,33.0
8.936374549819928e-08,-2.0,33.0
8.941176470588236e-08,-2.0,33.0
8.945978391356543e-08,-2.0,33.0
8.95078031212485e-08,-2.0,33.0
8.955582232893157e-08,-2.0,33.0
8.960384153661465e-08,-2.0,33.0
8.965186074429772e-08,-2.0,33.0
8.969987995198079e-08,-2.0,33.0
8.974789915966387e-08,-2.0,33.0
8.979591836734694e-08,-1.0,33.0
8.984393757503002e-08,-1.0,33.0
8.98919567827131e-08,-1.0,33.0
8.993997599039617e-08,-1.0,33.0
8.998799519807924e-08,-1.0,33.0
9.003601440576232e-08,-1.0,33.0
9.008403361344539e-08,-1.0,33.0
9.013205282112846e-08,-1.0,33.0
9.018007202881154e-08,-1.0,33.0
9.022809123649461e-08,-1.0,33.0
9.027611044417768e-08,-1.0,33.0
9.032412965186075e-08,-1.0,33.0
9.037214885954383e-08,-1.0,33.0
9.04201680672269e-08,-1.0,33.0
9.046818727490997e-08,-1.0,33.0
9.051620648259305e-08,-1.0,33.0
9.056422569027612e-08,-1.0,33.0
9.061224489795919e-08,-1.0,33.0
9.066026410564226e-08,-1.0,33.0
9.070828331332534e-08,-1.0,33.0
9.075630252100841e-08,-1.0,33.0
9.080432172869148e-08,-1.0,33.0
9.085234093637456e-08,-1.0,33.0
9.090036014405763e-08,-1.0,33.0
9.09483793517407e-08,-1.0,33.0
9.099639855942377e-08,-1.0,33.0
9.104441776710685e-08,-1.0,33.0
9.109243697478992e-08,-1.0,33.0
9.114045618247299e-08,-1.0,33.0
9.118847539015607e-08,-1.0,33.0
9.123649459783914e-08,-1.0,33.0
9.128451380552221e-08,-1.0,33.0
9.133253301320528e-08,-1.0,33.0
9.138055222088836e-08,-1.0,33.0
9.142857142857143e-08,-1.0,33.0
9.14765906362545e-08,-1.0,33.0
9.152460984393758e-08,-1.0,33.0
9.157262905162065e-08,-1.0,33.0
9.162064825930372e-08,-1.0,33.0
9.16686674669868e-08,-1.0,33.0
9.171668667466987e-08,-1.0,33.0
9.176470588235295e-08,-1.0,33.0
9.181272509003603e-08,-1.0,33.0
9.18607442977191e-08,-1.0,33.0
9.190876350540217e-08,-1.0,33.0
9.195678271308525e-08,-1.0,33.0
9.200480192076832e-08,-1.0,33.0
9.205282112845139e-08,-1.0,33.0
9.210084033613446e-08,-1.0,33.0
9.214885954381754e-08,-1.0,33.0
9.219687875150061e-08,-1.0,33.0
9.224489795918368e-08,-1.0,33.0
9.229291716686676e-08,-1.0,33.0
9.234093637454983e-08,-1.0,33.0
9.23889555822329e-08,-1.0,33.0
9.243697478991597e-08,-1.0,33.0
9.248499399759905e-08,-1.0,33.0
9.253301320528212e-08,-1.0,33.0
9.258103241296519e-08,-1.0,33.0
9.262905162064827e-08,-1.0,33.0
9.267707082833134e-08,-1.0,33.0
9.272509003601441e-08,-1.0,33.0
9.277310924369748e-08,-1.0,33.0
9.282112845138056e-08,-1.0,33.0
9.286914765906363e-08,-1.0,33.0
9.29171668667467e-08,-1.0,33.0
9.296518607442978e-08,-2.0,33.0
9.301320528211285e-08,-2.0,33.0
9.306122448979592e-08,-2.0,33.0
9.3109243697479e-08,-2.0,33.0
9.315726290516207e-08,-2.0,33.0
9.320528211284514e-08,-2.0,33.0
9.325330132052821e-08,-2.0,33.0
9.330132052821129e-08,-2.0,33.0
9.334933973589436e-08,-2.0,33.0
9.339735894357743e-08,-2.0,33.0
9.34453781512605e-08,-2.0,33.0
9.349339735894358e-08,-2.0,33.0
9.354141656662665e-08,-2.0,33.0
9.358943577430972e-08,-2.0,33.0
9.363745498199281e-08,-2.0,33.0
9.368547418967588e-08,-2.0,33.0
9.373349339735896e-08,-2.0,33.0
9.378151260504203e-08,-2.0,33.0
9.38295318127251e-08,-2.0,33.0
9.387755102040817e-08,-2.0,33.0
9.392557022809125e-08,-2.0,33.0
9.397358943577432e-08,-2.0,33.0
9.402160864345739e-08,-2.0,33.0
9.406962785114047e-08,-2.0,33.0
9.411764705882354e-08,-2.0,33.0
9.416566626650661e-08,-2.0,33.0
9.421368547418968e-08,-2.0,33.0
9.426170468187276e-08,-2.0,33.0
9.430972388955583e-08,-2.0,33.0
9.43577430972389e-08,-2.0,33.0
9.440576230492198e-08,-2.0,33.0
9.445378151260505e-08,-2.0,33.0
9.450180072028812e-08,-2.0,33.0
9.45498199279712e-08,-2.0,33.0
9.459783913565427e-08,-2.0,33.0
9.464585834333734e-08,-2.0,33.0
9.469387755102041e-08,-2.0,33.0
9.474189675870349e-08,-2.0,33.0
9.478991596638656e-08,-2.0,33.0
9.483793517406963e-08,-2.0,33.0
9.48859543817527e-08,-1.0,33.0
9.493397358943578e-08,-2.0,33.0
9.498199279711885e-08,-1.0,33.0
9.503001200480192e-08,-1.0,33.0
9.5078031212485e-08,-1.0,33.0
9.512605042016807e-08,-1.0,33.0
9.517406962785114e-08,-1.0,33.0
9.522208883553422e-08,-1.0,33.0
9.527010804321729e-08,-1.0,33.0
9.531812725090036e-08,-1.0,33.0
9.536614645858343e-08,-1.0,33.0
9.541416566626651e-08,-1.0,33.0
9.546218487394958e-08,-1.0,33.0
9.551020408163267e-08,-1.0,33.0
9.555822328931574e-08,-1.0,33.0
9.560624249699881e-08,-1.0,33.0
9.565426170468189e-08,-1.0,33.0
9.570228091236496e-08,-1.0,33.0
9.575030012004803e-08,-1.0,33.0
9.57983193277311e-08,-1.0,33.0
9.584633853541418e-08,-1.0,33.0
9.589435774309725e-08,-1.0,33.0
9.594237695078032e-08,-1.0,33.0
9.59903961584634e-08,-1.0,33.0
9.603841536614647e-08,-1.0,33.0
9.608643457382954e-08,-1.0,33.0
9.613445378151261e-08,-1.0,33.0
9.618247298919569e-08,-1.0,33.0
9.623049219687876e-08,-1.0,33.0
9.627851140456183e-08,-1.0,33.0
9.63265306122449e-08,-1.0,33.0
9.637454981992798e-08,-1.0,33.0
9.642256902761105e-08,-1.0,33.0
9.647058823529412e-08,-1.0,33.0
9.65186074429772e-08,-1.0,33.0
9.656662665066027e-08,-1.0,33.0
9.661464585834334e-08,0.0,33.0
9.666266506602642e-08,0.0,33.0
9.671068427370949e-08,0.0,33.0
9.675870348139256e-08,0.0,33.0
9.680672268907563e-08,0.0,33.0
9.685474189675871e-08,0.0,33.0
9.690276110444178e-08,0.0,33.0
9.695078031212485e-08,0.0,33.0
9.699879951980793e-08,0.0,33.0
9.7046818727491e-08,0.0,33.0
9.709483793517407e-08,0.0,33.0
9.714285714285714e-08,0.0,33.0
9.719087635054022e-08,0.0,33.0
9.723889555822329e-08,0.0,33.0
9.728691476590636e-08,0.0,33.0
9.733493397358944e-08,0.0,33.0
9.738295318127251e-08,0.0,33.0
9.74309723889556e-08,0.0,33.0
9.747899159663867e-08,0.0,33.0
9.752701080432174e-08,1.0,33.0
9.757503001200481e-08,1.0,33.0
9.762304921968789e-08,1.0,33.0
9.767106842737096e-08,1.0,33.0
9.771908763505403e-08,1.0,33.0
9.77671068427371e-08,1.0,33.0
9.781512605042018e-08,1.0,33.0
9.786314525810325e-08,1.0,33.0
9.791116446578632e-08,1.0,33.0
9.79591836734694e-08,1.0,33.0
9.800720288115247e-08,1.0,33.0
9.805522208883554e-08,1.0,33.0
9.810324129651862e-08,1.0,33.0
9.815126050420169e-08,1.0,33.0
9.819927971188476e-08,1.0,33.0
9.824729891956783e-08,1.0,33.0
9.829531812725091e-08,1.0,33.0
9.834333733493398e-08,1.0,33.0
9.839135654261705e-08,1.0,33.0
9.843937575030013e-08,1.0,33.0
9.84873949579832e-08,2.0,33.0
9.853541416566627e-08,2.0,33.0
9.858343337334935e-08,2.0,33.0
9.863145258103242e-08,2.0,33.0
9.867947178871549e-08,2.0,33.0
9.872749099639856e-08,2.0,33.0
9.877551020408164e-08,2.0,33.0
9.882352941176471e-08,2.0,33.0
9.887154861944778e-08,2.0,33.0
9.891956782713086e-08,2.0,33.0
9.896758703481393e-08,2.0,33.0
9.9015606242497e-08,2.0,33.0
9.906362545018007e-08,2.0,33.0
9.911164465786315e-08,2.0,33.0
9.915966386554622e-08,2.0,33.0
9.920768307322929e-08,2.0,33.0
9.925570228091237e-08,2.0,33.0
9.930372148859545e-08,2.0,33.0
9.935174069627852e-08,2.0,33.0
9.93997599039616e-08,2.0,33.0
9.944777911164467e-08,2.0,33.0
9.949579831932774e-08,2.0,33.0
9.954381752701082e-08,2.0,33.0
9.959183673469389e-08,2.0,33.0
9.963985594237696e-08,2.0,33.0
9.968787515006003e-08,2.0,33.0
9.973589435774311e-08,3.0,33.0
9.978391356542618e-08,3.0,33.0
9.983193277310925e-08,3.0,33.0
9.987995198079233e-08,3.0,33.0
9.99279711884754e-08,3.0,33.0
9.997599039615847e-08,3.0,33.0
1.0002400960384155e-07,3.0,33.0
1.0007202881152462e-07,3.0,33.0
1.0012004801920769e-07,3.0,33.0
1.0016806722689076e-07,3.0,33.0
1.0021608643457384e-07,3.0,33.0
1.0026410564225691e-07,3.0,33.0
1.0031212484993998e-07,3.0,33.0
1.0036014405762306e-07,3.0,33.0
1.0040816326530613e-07,3.0,33.0
1.004561824729892e-07,3.0,33.0
1.0050420168067227e-07,3.0,33.0
1.0055222088835535e-07,3.0,33.0
1.0060024009603842e-07,3.0,33.0
1.0064825930372149e-07,3.0,33.0
1.0069627851140457e-07,3.0,33.0
1.0074429771908764e-07,3.0,33.0
1.0079231692677071e-07,3.0,33.0
1.0084033613445378e-07,3.0,33.0
1.0088835534213686e-07,3.0,33.0
1.0093637454981993e-07,3.0,33.0
1.00984393757503e-07,3.0,33.0
1.0103241296518608e-07,3.0,33.0
1.0108043217286915e-07,3.0,33.0
1.0112845138055222e-07,3.0,33.0
1.011764705882353e-07,3.0,33.0
1.0122448979591838e-07,3.0,33.0
1.0127250900360145e-07,3.0,33.0
1.0132052821128453e-07,3.0,33.0
1.013685474189676e-07,3.0,33.0
1.0141656662665067e-07,3.0,33.0
1.0146458583433375e-07,3.0,33.0
1.0151260504201682e-07,3.0,33.0
1.0156062424969989e-07,3.0,33.0
1.0160864345738296e-07,3.0,33.0
1.0165666266506604e-07,3.0,33.0
1.0170468187274911e-07,3.0,33.0
1.0175270108043218e-07,3.0,33.0
1.0180072028811526e-07,3.0,33.0
1.0184873949579833e-07,3.0,33.0
1.018967587034814e-07,3.0,33.0
1.0194477791116447e-07,3.0,33.0
1.0199279711884755e-07,3.0,33.0
1.0204081632653062e-07,3.0,33.0
1.0208883553421369e-07,3.0,33.0
1.0213685474189677e-07,3.0,33.0
1.0218487394957984e-07,3.0,33.0
1.0223289315726291e-07,3.0,33.0
1.0228091236494598e-07,3.0,33.0
1.0232893157262906e-07,3.0,33.0
1.0237695078031213e-07,3.0,33.0
1.024249699879952e-07,3.0,33.0
1.0247298919567828e-07,3.0,33.0
1.0252100840336135e-07,3.0,33.0
1.0256902761104442e-07,3.0,33.0
1.026170468187275e-07,3.0,33.0
1.0266506602641057e-07,3.0,33.0
1.0271308523409364e-07,3.0,33.0
1.0276110444177671e-07,3.0,33.0
1.0280912364945979e-07,3.0,33.0
1.0285714285714286e-07,3.0,33.0
1.0290516206482593e-07,3.0,33.0
1.02953181272509e-07,3.0,33.0
1.0300120048019208e-07,3.0,33.0
1.0304921968787515e-07,3.0,33.0
1.0309723889555824e-07,2.0,33.0
1.0314525810324131e-07,2.0,33.0
1.0319327731092438e-07,2.0,33.0
1.0324129651860746e-07,2.0,33.0
1.0328931572629053e-07,2.0,33.0
1.033373349339736e-07,2.0,33.0
1.0338535414165667e-07,2.0,33.0
1.0343337334933975e-07,2.0,33.0
1.0348139255702282e-07,2.0,33.0
1.0352941176470589e-07,2.0,33.0
1.0357743097238897e-07,2.0,33.0
1.0362545018007204e-07,2.0,33.0
1.0367346938775511e-07,2.0,33.0
1.0372148859543818e-07,2.0,33.0
1.0376950780312126e-07,2.0,33.0
1.0381752701080433e-07,2.0,33.0
1.038655462184874e-07,2.0,33.0
1.0391356542617048e-07,2.0,33.0
1.0396158463385355e-07,2.0,33.0
1.0400960384153662e-07,2.0,33.0
1.040576230492197e-07,2.0,33.0
1.0410564225690277e-07,2.0,33.0
1.0415366146458584e-07,2.0,33.0
1.0420168067226891e-07,2.0,33.0
1.0424969987995199e-07,2.0,33.0
1.0429771908763506e-07,2.0,33.0
1.0434573829531813e-07,2.0,33.0
1.043937575030012e-07,2.0,33.0
1.0444177671068428e-07,2.0,33.0
1.0448979591836735e-07,2.0,33.0
1.0453781512605042e-07,2.0,33.0
1.045858343337335e-07,2.0,33.0
1.0463385354141657e-07,2.0,33.0
1.0468187274909964e-07,2.0,33.0
1.0472989195678272e-07,1.0,33.0
1.0477791116446579e-07,1.0,33.0
1.0482593037214886e-07,1.0,33.0
1.0487394957983193e-07,1.0,33.0
1.0492196878751501e-07,1.0,33.0
1.0496998799519809e-07,1.0,33.0
1.0501800720288117e-07,1.0,33.0
1.0506602641056424e-07,1.0,33.0
1.0511404561824731e-07,1.0,33.0
1.0516206482593038e-07,1.0,33.0
1.0521008403361346e-07,1.0,33.0
1.0525810324129653e-07,1.0,33.0
1.053061224489796e-07,1.0,33.0
1.0535414165666268e-07,1.0,33.0
1.0540216086434575e-07,1.0,33.0
1.0545018007202882e-07,1.0,33.0
1.054981992797119e-07,1.0,33.0
1.0554621848739497e-07,1.0,33.0
1.0559423769507804e-07,1.0,33.0
1.0564225690276111e-07,1.0,33.0
1.0569027611044419e-07,1.0,33.0
1.0573829531812726e-07,1.0,33.0
1.0578631452581033e-07,1.0,33.0
1.058343337334934e-07,1.0,33.0
1.0588235294117648e-07,1.0,33.0
1.0593037214885955e-07,0.0,33.0
1.0597839135654262e-07,0.0,33.0
1.060264105642257e-07,0.0,33.0
1.0607442977190877e-07,0.0,33.0
1.0612244897959184e-07,0.0,33.0
1.0617046818727492e-07,0.0,33.0
1.0621848739495799e-07,0.0,33.0
1.0626650660264106e-07,0.0,33.0
1.0631452581032413e-07,0.0,33.0
1.0636254501800721e-07,0.0,33.0
1.0641056422569028e-07,0.0,33.0
1.0645858343337335e-07,0.0,33.0
1.0650660264105643e-07,0.0,33.0
1.065546218487395e-07,0.0,33.0
1.0660264105642257e-07,0.0,33.0
1.0665066026410564e-07,0.0,33.0
1.0669867947178872e-07,0.0,33.0
1.0674669867947179e-07,0.0,33.0
1.0679471788715486e-07,0.0,33.0
1.0684273709483794e-07,0.0,33.0
1.0689075630252102e-07,-1.0,33.0
1.069387755102041e-07,-1.0,33.0
1.0698679471788717e-07,-1.0,33.0
1.0703481392557024e-07,-1.0,33.0
1.0708283313325331e-07,-1.0,33.0
1.0713085234093639e-07,-1.0,33.0
1.0717887154861946e-07,-1.0,33.0
1.0722689075630253e-07,-1.0,33.0
1.072749099639856e-07,-1.0,33.0
1.0732292917166868e-07,-1.0,33.0
1.0737094837935175e-07,-1.0,33.0
1.0741896758703482e-07,-1.0,33.0
1.074669867947179e-07,-1.0,33.0
1.0751500600240097e-07,-1.0,33.0
1.0756302521008404e-07,-1.0,33.0
1.0761104441776712e-07,-1.0,33.0
1.0765906362545019e-07,-2.0,33.0
1.0770708283313326e-07,-2.0,33.0
1.0775510204081633e-07,-2.0,33.0
1.0780312124849941e-07,-2.0,33.0
1.0785114045618248e-07,-2.0,33.0
1.0789915966386555e-07,-2.0,33.0
1.0794717887154863e-07,-2.0,33.0
1.079951980792317e-07,-2.0,33.0
1.0804321728691477e-07,-2.0,33.0
1.0809123649459784e-07,-2.0,33.0
1.0813925570228092e-07,-2.0,33.0
1.0818727490996399e-07,-2.0,33.0
1.0823529411764706e-07,-2.0,33.0
1.0828331332533014e-07,-3.0,33.0
1.0833133253301321e-07,-3.0,33.0
1.0837935174069628e-07,-3.0,33.0
1.0842737094837936e-07,-3.0,33.0
1.0847539015606243e-07,-3.0,33.0
1.085234093637455e-07,-3.0,33.0
1.0857142857142857e-07,-3.0,33.0
1.0861944777911165e-07,-3.0,33.0
1.0866746698679472e-07,-3.0,33.0
1.0871548619447779e-07,-3.0,33.0
1.0876350540216088e-07,-3.0,33.0
1.0881152460984395e-07,-3.0,33.0
1.0885954381752702e-07,-3.0,33.0
1.089075630252101e-07,-3.0,33.0
1.0895558223289317e-07,-3.0,33.0
1.0900360144057624e-07,-4.0,33.0
1.0905162064825932e-07,-4.0,33.0
1.0909963985594239e-07,-4.0,33.0
1.0914765906362546e-07,-4.0,33.0
1.0919567827130853e-07,-4.0,33.0
1.0924369747899161e-07,-4.0,33.0
1.0929171668667468e-07,-4.0,33.0
1.0933973589435775e-07,-4.0,33.0
1.0938775510204083e-07,-4.0,33.0
1.094357743097239e-07,-4.0,33.0
1.0948379351740697e-07,-4.0,33.0
1.0953181272509004e-07,-4.0,33.0
1.0957983193277312e-07,-4.0,33.0
1.0962785114045619e-07,-4.0,33.0
1.0967587034813926e-07,-4.0,33.0
1.0972388955582234e-07,-4.0,33.0
1.0977190876350541e-07,-4.0,33.0
1.0981992797118848e-07,-4.0,33.0
1.0986794717887156e-07,-4.0,33.0
1.0991596638655463e-07,-4.0,33.0
1.099639855942377e-07,-5.0,33.0
1.1001200480192077e-07,-5.0,33.0
1.1006002400960385e-07,-5.0,33.0
1.1010804321728692e-07,-5.0,33.0
1.1015606242496999e-07,-5.0,33.0
1.1020408163265307e-07,-5.0,33.0
1.1025210084033614e-07,-5.0,33.0
1.1030012004801921e-07,-5.0,33.0
1.1034813925570228e-07,-5.0,33.0
1.1039615846338536e-07,-5.0,33.0
1.1044417767106843e-07,-5.0,33.0
1.104921968787515e-07,-5.0,33.0
1.1054021608643458e-07,-5.0,33.0
1.1058823529411765e-07,-5.0,33.0
1.1063625450180072e-07,-5.0,33.0
1.1068427370948381e-07,-5.0,33.0
1.1073229291716688e-07,-5.0,33.0
1.1078031212484995e-07,-5.0,33.0
1.1082833133253303e-07,-5.0,33.0
1.108763505402161e-07,-5.0,33.0
1.1092436974789917e-07,-5.0,33.0
1.1097238895558225e-07,-5.0,33.0
1.1102040816326532e-07,-5.0,33.0
1.1106842737094839e-07,-5.0,33.0
1.1111644657863146e-07,-5.0,33.0
1.1116446578631454e-07,-5.0,33.0
1.1121248499399761e-07,-5.0,33.0
1.1126050420168068e-07,-5.0,33.0
1.1130852340936376e-07,-5.0,33.0
1.1135654261704683e-07,-5.0,33.0
1.114045618247299e-07,-5.0,33.0
1.1145258103241297e-07,-5.0,33.0
1.1150060024009605e-07,-5.0,33.0
1.1154861944777912e-07,-5.0,33.0
1.1159663865546219e-07,-5.0,33.0
1.1164465786314527e-07,-5.0,33.0
1.1169267707082834e-07,-5.0,33.0
1.1174069627851141e-07,-5.0,33.0
1.1178871548619448e-07,-5.0,33.0
1.1183673469387756e-07,-5.0,33.0
1.1188475390156063e-07,-5.0,33.0
1.119327731092437e-07,-5.0,33.0
1.1198079231692678e-07,-5.0,33.0
1.1202881152460985e-07,-5.0,33.0
1.1207683073229292e-07,-5.0,33.0
1.12124849939976e-07,-5.0,33.0
1.1217286914765907e-07,-5.0,33.0
1.1222088835534214e-07,-5.0,33.0
1.1226890756302521e-07,-5.0,33.0
1.1231692677070829e-07,-5.0,33.0
1.1236494597839136e-07,-5.0,33.0
1.1241296518607443e-07,-5.0,33.0
1.124609843937575e-07,-5.0,33.0
1.1250900360144058e-07,-5.0,33.0
1.1255702280912366e-07,-5.0,33.0
1.1260504201680674e-07,-5.0,33.0
1.1265306122448981e-07,-5.0,33.0
1.1270108043217288e-07,-5.0,33.0
1.1274909963985596e-07,-5.0,33.0
1.1279711884753903e-07,-5.0,33.0
1.128451380552221e-07,-5.0,33.0
1.1289315726290517e-07,-5.0,33.0
1.1294117647058825e-07,-5.0,33.0
1.1298919567827132e-07,-5.0,33.0
1.1303721488595439e-07,-5.0,33.0
1.1308523409363747e-07,-5.0,33.0
1.1313325330132054e-07,-5.0,33.0
1.1318127250900361e-07,-5.0,33.0
1.1322929171668668e-07,-5.0,33.0
1.1327731092436976e-07,-5.0,33.0
1.1332533013205283e-07,-4.0,33.0
1.133733493397359e-07,-4.0,33.0
1.1342136854741898e-07,-4.0,33.0
1.1346938775510205e-07,-4.0,33.0
1.1351740696278512e-07,-4.0,33.0
1.135654261704682e-07,-4.0,33.0
1.1361344537815127e-07,-4.0,33.0
1.1366146458583434e-07,-4.0,33.0
1.1370948379351741e-07,-4.0,33.0
1.1375750300120049e-07,-4.0,33.0
1.1380552220888356e-07,-4.0,33.0
1.1385354141656663e-07,-4.0,33.0
1.139015606242497e-07,-4.0,33.0
1.1394957983193278e-07,-4.0,33.0
1.1399759903961585e-07,-4.0,33.0
1.1404561824729892e-07,-4.0,33.0
1.14093637454982e-07,-4.0,33.0
1.1414165666266507e-07,-4.0,33.0
1.1418967587034814e-07,-4.0,33.0
1.1423769507803122e-07,-4.0,33.0
1.1428571428571429e-07,-4.0,33.0
1.1433373349339736e-07,-4.0,33.0
1.1438175270108043e-07,-3.0,33.0
1.1442977190876352e-07,-3.0,33.0
1.1447779111644659e-07,-3.0,33.0
1.1452581032412967e-07,-3.0,33.0
1.1457382953181274e-07,-3.0,33.0
1.1462184873949581e-07,-3.0,33.0
1.1466986794717888e-07,-3.0,33.0
1.1471788715486196e-07,-3.0,33.0
1.1476590636254503e-07,-3.0,33.0
1.148139255702281e-07,-3.0,33.0
1.1486194477791118e-07,-3.0,33.0
1.1490996398559425e-07,-3.0,33.0
1.1495798319327732e-07,-3.0,33.0
1.150060024009604e-07,-3.0,33.0
1.1505402160864347e-07,-3.0,33.0
1.1510204081632654e-07,-3.0,33.0
1.1515006002400961e-07,-2.0,33.0
1.1519807923169269e-07,-2.0,33.0
1.1524609843937576e-07,-2.0,33.0
1.1529411764705883e-07,-2.0,33.0
1.153421368547419e-07,-2.0,33.0
1.1539015606242498e-07,-2.0,33.0
1.1543817527010805e-07,-2.0,33.0
1.1548619447779112e-07,-2.0,33.0
1.155342136854742e-07,-2.0,33.0
1.1558223289315727e-07,-2.0,33.0
1.1563025210084034e-07,-2.0,33.0
1.1567827130852342e-07,-2.0,33.0
1.1572629051620649e-07,-2.0,33.0
1.1577430972388956e-07,-2.0,33.0
1.1582232893157263e-07,-2.0,33.0
1.1587034813925571e-07,-2.0,33.0
1.1591836734693878e-07,-2.0,33.0
1.1596638655462185e-07,-2.0,33.0
1.1601440576230493e-07,-2.0,33.0
1.16062424969988e-07,-2.0,33.0
1.1611044417767107e-07,-2.0,33.0
1.1615846338535414e-07,-2.0,33.0
1.1620648259303722e-07,-2.0,33.0
1.1625450180072029e-07,-2.0,33.0
1.1630252100840336e-07,-1.0,33.0
1.1635054021608645e-07,-1.0,33.0
1.1639855942376952e-07,-1.0,33.0
1.164465786314526e-07,-1.0,33.0
1.1649459783913567e-07,-1.0,33.0
1.1654261704681874e-07,-1.0,33.0
1.1659063625450181e-07,-1.0,33.0
1.1663865546218489e-07,-1.0,33.0
1.1668667466986796e-07,-1.0,33.0
1.1673469387755103e-07,-1.0,33.0
1.167827130852341e-07,-1.0,33.0
1.1683073229291718e-07,-1.0,33.0
1.1687875150060025e-07,-1.0,33.0
1.1692677070828332e-07,-1.0,33.0
1.169747899159664e-07,-1.0,33.0
1.1702280912364947e-07,-1.0,33.0
1.1707082833133254e-07,-1.0,33.0
1.1711884753901562e-07,-1.0,33.0
1.1716686674669869e-07,-1.0,33.0
1.1721488595438176e-07,-1.0,33.0
1.1726290516206483e-07,-1.0,33.0
1.1731092436974791e-07,-1.0,33.0
1.1735894357743098e-07,-1.0,33.0
1.1740696278511405e-07,-1.0,33.0
1.1745498199279713e-07,-1.0,33.0
1.175030012004802e-07,-1.0,33.0
1.1755102040816327e-07,-1.0,33.0
1.1759903961584634e-07,-1.0,33.0
1.1764705882352942e-07,-1.0,33.0
1.1769507803121249e-07,-1.0,33.0
1.1774309723889556e-07,-1.0,33.0
1.1779111644657864e-07,-1.0,33.0
1.1783913565426171e-07,-1.0,33.0
1.1788715486194478e-07,-1.0,33.0
1.1793517406962785e-07,-1.0,33.0
1.1798319327731093e-07,-1.0,33.0
1.18031212484994e-07,-1.0,33.0
1.1807923169267707e-07,-1.0,33.0
1.1812725090036015e-07,-1.0,33.0
1.1817527010804322e-07,-1.0,33.0
1.182232893157263e-07,-1.0,33.0
1.1827130852340938e-07,-1.0,33.0
1.1831932773109245e-07,-1.0,33.0
1.1836734693877552e-07,-1.0,33.0
1.184153661464586e-07,-1.0,33.0
1.1846338535414167e-07,-1.0,33.0
1.1851140456182474e-07,-1.0,33.0
1.1855942376950782e-07,-1.0,33.0
1.1860744297719089e-07,-1.0,33.0
1.1865546218487396e-07,-1.0,33.0
1.1870348139255703e-07,-1.0,33.0
1.1875150060024011e-07,-1.0,33.0
1.1879951980792318e-07,-1.0,33.0
1.1884753901560625e-07,-1.0,33.0
1.1889555822328933e-07,-1.0,33.0
1.189435774309724e-07,-1.0,33.0
1.1899159663865547e-07,-1.0,33.0
1.1903961584633854e-07,-1.0,33.0
1.1908763505402162e-07,-1.0,33.0
1.1913565426170469e-07,-1.0,33.0
1.1918367346938776e-07,-1.0,33.0
1.1923169267707085e-07,-1.0,33.0
1.1927971188475392e-07,-1.0,33.0
1.19327731092437e-07,-1.0,33.0
1.1937575030012007e-07,-1.0,33.0
1.1942376950780314e-07,-1.0,33.0
1.1947178871548621e-07,-1.0,33.0
1.195198079231693e-07,-1.0,33.0
1.1956782713085236e-07,-1.0,33.0
1.1961584633853543e-07,-1.0,33.0
1.196638655462185e-07,-1.0,33.0
1.1971188475390158e-07,-1.0,33.0
1.1975990396158465e-07,-1.0,33.0
1.1980792316926772e-07,-1.0,33.0
1.198559423769508e-07,-1.0,33.0
1.1990396158463387e-07,-1.0,33.0
1.1995198079231694e-07,-1.0,33.0
1.2000000000000002e-07,-1.0,33.0
